p_id,unique_team_id,player_team_id,team_id_impute,player,numeric_id,position,team_name,player_game_count,block_percent,declined_penalties,franchise_id,grades_offense,grades_pass_block,grades_run_block,hits_allowed,hurries_allowed,non_spike_pass_block,non_spike_pass_block_percentage,pass_block_percent,pbe,penalties,pressures_allowed,sacks_allowed,snap_counts_block,snap_counts_ce,snap_counts_lg,snap_counts_lt,snap_counts_offense,snap_counts_pass_block,snap_counts_pass_play,snap_counts_rg,snap_counts_rt,snap_counts_run_block,snap_counts_te,week,year,plyr_number
grahamglasgow_den_2022_7,den_2022_7,grahamglasgow_den_2022,den_2022,grahamglasgow,10729,g,den,1,100.0,0,10,0,0,0,0,0,0,0,0,0,0,0,0,0,0,0,0,0,0,0,0,0,0,0,7,2022,7
nickallegretti_kc_2022_7,kc_2022_7,nickallegretti_kc_2022,kc_2022,nickallegretti,39268,g,kc,1,100.0,0,16,0,0,0,0,0,0,0,0,0,0,0,0,0,0,0,0,0,0,0,0,0,0,0,7,2022,7
coreylinsley_lac_2022_7,lac_2022_7,coreylinsley_lac_2022,lac_2022,coreylinsley,8796,ol,lac,1,100.0,0,27,0,0,0,0,0,0,0,0,0,0,0,0,0,0,0,0,0,0,0,0,0,0,0,7,2022,7
frankragnow_det_2022_7,det_2022_7,frankragnow_det_2022,det_2022,frankragnow,39137,ol,det,1,100.0,0,11,0,0,0,0,0,0,0,0,0,0,0,0,0,0,0,0,0,0,0,0,0,0,0,7,2022,7
peneisewell_det_2022_7,det_2022_7,peneisewell_det_2022,det_2022,peneisewell,81788,t,det,1,100.0,0,11,0,0,0,0,0,0,0,0,0,0,0,0,0,0,0,0,0,0,0,0,0,0,0,7,2022,7
taylordecker_det_2022_7,det_2022_7,taylordecker_det_2022,det_2022,taylordecker,10650,t,det,1,100.0,0,11,0,0,0,0,0,0,0,0,0,0,0,0,0,0,0,0,0,0,0,0,0,0,0,7,2022,7
jonahjackson_det_2022_7,det_2022_7,jonahjackson_det_2022,det_2022,jonahjackson,37070,g,det,1,100.0,0,11,0,0,0,0,0,0,0,0,0,0,0,0,0,0,0,0,0,0,0,0,0,0,0,7,2022,7
alexbars_lv_2022_7,lv_2022_7,alexbars_lv_2022,lv_2022,alexbars,47018,g,lv,1,100.0,0,23,0,0,0,0,0,0,0,0,0,0,0,0,0,0,0,0,0,0,0,0,0,0,0,7,2022,7
jermaineeluemunor_lv_2022_7,lv_2022_7,jermaineeluemunor_lv_2022,lv_2022,jermaineeluemunor,11914,t,lv,1,100.0,0,23,0,0,0,0,0,0,0,0,0,0,0,0,0,0,0,0,0,0,0,0,0,0,0,7,2022,7
nicholaspetitfrere_ten_2022_7,ten_2022_7,nicholaspetitfrere_ten_2022,ten_2022,nicholaspetitfrere,82003,t,ten,1,100.0,0,31,0,0,0,0,0,0,0,0,0,0,0,0,0,0,0,0,0,0,0,0,0,0,0,7,2022,7
aaronbrewer_ten_2022_7,ten_2022_7,aaronbrewer_ten_2022,ten_2022,aaronbrewer,46014,g,ten,1,100.0,0,31,0,0,0,0,0,0,0,0,0,0,0,0,0,0,0,0,0,0,0,0,0,0,0,7,2022,7
dennisdaley_ten_2022_7,ten_2022_7,dennisdaley_ten_2022,ten_2022,dennisdaley,60063,t,ten,1,100.0,1,31,0,0,0,0,0,0,0,0,0,0,0,0,0,0,0,0,0,0,0,0,0,0,0,7,2022,7
koltonmiller_lv_2022_7,lv_2022_7,koltonmiller_lv_2022,lv_2022,koltonmiller,47013,t,lv,1,100.0,0,23,0,0,0,0,0,0,0,0,0,0,0,0,0,0,0,0,0,0,0,0,0,0,0,7,2022,7
dylanparham_lv_2022_7,lv_2022_7,dylanparham_lv_2022,lv_2022,dylanparham,60953,g,lv,1,100.0,0,23,0,0,0,0,0,0,0,0,0,0,0,0,0,0,0,0,0,0,0,0,0,0,0,7,2022,7
andrejames_lv_2022_7,lv_2022_7,andrejames_lv_2022,lv_2022,andrejames,47058,ol,lv,1,100.0,0,23,0,0,0,0,0,0,0,0,0,0,0,0,0,0,0,0,0,0,0,0,0,0,0,7,2022,7
dillonradunz_ten_2022_7,ten_2022_7,dillonradunz_ten_2022,ten_2022,dillonradunz,30551,g,ten,1,100.0,0,31,0,0,0,0,0,0,0,0,0,0,0,0,0,0,0,0,0,0,0,0,0,0,0,7,2022,7
benjones_ten_2022_7,ten_2022_7,benjones_ten_2022,ten_2022,benjones,7099,ol,ten,1,100.0,0,31,0,0,0,0,0,0,0,0,0,0,0,0,0,0,0,0,0,0,0,0,0,0,0,7,2022,7
nickmartin_was_2022_7,was_2022_7,nickmartin_was_2022,was_2022,nickmartin,10684,ol,was,1,100.0,0,32,0,0,0,0,0,0,0,0,0,0,0,0,0,0,0,0,0,0,0,0,0,0,0,7,2022,7
scottquessenberry_hou_2022_7,hou_2022_7,scottquessenberry_hou_2022,hou_2022,scottquessenberry,23918,ol,hou,1,100.0,0,13,0,0,0,0,0,0,0,0,0,0,0,0,0,0,0,0,0,0,0,0,0,0,0,7,2022,7
ajcann_hou_2022_7,hou_2022_7,ajcann_hou_2022,hou_2022,ajcann,9500,g,hou,1,100.0,0,13,0,0,0,0,0,0,0,0,0,0,0,0,0,0,0,0,0,0,0,0,0,0,0,7,2022,7
laremytunsil_hou_2022_7,hou_2022_7,laremytunsil_hou_2022,hou_2022,laremytunsil,10647,t,hou,1,100.0,0,13,0,0,0,0,0,0,0,0,0,0,0,0,0,0,0,0,0,0,0,0,0,0,0,7,2022,7
tytushoward_hou_2022_7,hou_2022_7,tytushoward_hou_2022,hou_2022,tytushoward,25472,t,hou,1,100.0,0,13,0,0,0,0,0,0,0,0,0,0,0,0,0,0,0,0,0,0,0,0,0,0,0,7,2022,7
kenyongreen_hou_2022_7,hou_2022_7,kenyongreen_hou_2022,hou_2022,kenyongreen,99052,g,hou,1,100.0,0,13,0,0,0,0,0,0,0,0,0,0,0,0,0,0,0,0,0,0,0,0,0,0,0,7,2022,7
evanbrown_det_2022_7,det_2022_7,evanbrown_det_2022,det_2022,evanbrown,38709,g,det,1,100.0,0,11,0,0,0,0,0,0,0,0,0,0,0,0,0,0,0,0,0,0,0,0,0,0,0,7,2022,7
geoffswaim_ten_2022_7,ten_2022_7,geoffswaim_ten_2022,ten_2022,geoffswaim,9679,te,ten,1,81.0,0,31,0,0,0,0,0,0,0,0,0,0,0,0,0,0,0,0,0,0,0,0,0,0,0,7,2022,7
gabejackson_sea_2022_7,sea_2022_7,gabejackson_sea_2022,sea_2022,gabejackson,8716,g,sea,1,100.0,0,29,0,0,0,0,0,0,0,0,0,0,0,0,0,0,0,0,0,0,0,0,0,0,0,7,2022,7
ojhoward_hou_2022_7,hou_2022_7,ojhoward_hou_2022,hou_2022,ojhoward,11774,te,hou,1,65.2,0,13,0,0,0,0,0,0,0,0,0,0,0,0,0,0,0,0,0,0,0,0,0,0,0,7,2022,7
loganstenberg_det_2022_7,det_2022_7,loganstenberg_det_2022,det_2022,loganstenberg,37181,g,det,1,100.0,0,11,0,0,0,0,0,0,0,0,0,0,0,0,0,0,0,0,0,0,0,0,0,0,0,7,2022,7
durhamsmythe_mia_2022_7,mia_2022_7,durhamsmythe_mia_2022,mia_2022,durhamsmythe,47257,te,mia,1,81.8,0,17,0,0,0,0,0,0,0,0,0,0,0,0,0,0,0,0,0,0,0,0,0,0,0,7,2022,7
tjhockenson_det_2022_7,det_2022_7,tjhockenson_det_2022,det_2022,tjhockenson,40912,te,det,1,42.9,0,11,0,0,0,0,0,0,0,0,0,0,0,0,0,0,0,0,0,0,0,0,0,0,0,7,2022,7
brockwright_det_2022_7,det_2022_7,brockwright_det_2022,det_2022,brockwright,60994,te,det,1,75.0,0,11,0,0,0,0,0,0,0,0,0,0,0,0,0,0,0,0,0,0,0,0,0,0,0,7,2022,7
thayermunford_lv_2022_7,lv_2022_7,thayermunford_lv_2022,lv_2022,thayermunford,59994,t,lv,1,100.0,0,23,0,0,0,0,0,0,0,0,0,0,0,0,0,0,0,0,0,0,0,0,0,0,0,7,2022,7
ericsaubert_den_2022_7,den_2022_7,ericsaubert_den_2022,den_2022,ericsaubert,11929,te,den,1,39.0,0,10,0,0,0,0,0,0,0,0,0,0,0,0,0,0,0,0,0,0,0,0,0,0,0,7,2022,7
masonschreck_hou_2022_7,hou_2022_7,masonschreck_hou_2022,hou_2022,masonschreck,12007,te,hou,1,66.7,0,13,0,0,0,0,0,0,0,0,0,0,0,0,0,0,0,0,0,0,0,0,0,0,0,7,2022,7
johnbates_was_2022_7,was_2022_7,johnbates_was_2022,was_2022,johnbates,42275,te,was,1,37.8,0,32,0,0,0,0,0,0,0,0,0,0,0,0,0,0,0,0,0,0,0,0,0,0,0,7,2022,7
patfreiermuth_pit_2022_7,pit_2022_7,patfreiermuth_pit_2022,pit_2022,patfreiermuth,84085,te,pit,1,37.8,0,25,0,0,0,0,0,0,0,0,0,0,0,0,0,0,0,0,0,0,0,0,0,0,0,7,2022,7
jesperhorsted_lv_2022_7,lv_2022_7,jesperhorsted_lv_2022,lv_2022,jesperhorsted,91465,te,lv,1,37.8,0,23,0,0,0,0,0,0,0,0,0,0,0,0,0,0,0,0,0,0,0,0,0,0,0,7,2022,7
michaeldunn_cle_2022_7,cle_2022_7,michaeldunn_cle_2022,cle_2022,michaeldunn,39676,t,cle,1,100.0,0,8,0,0,0,0,0,0,0,0,0,0,0,0,0,0,0,0,0,0,0,0,0,0,0,7,2022,7
austinhooper_ten_2022_7,ten_2022_7,austinhooper_ten_2022,ten_2022,austinhooper,10715,te,ten,1,35.3,0,31,0,0,0,0,0,0,0,0,0,0,0,0,0,0,0,0,0,0,0,0,0,0,0,7,2022,7
terronarmstead_mia_2022_7,mia_2022_7,terronarmstead_mia_2022,mia_2022,terronarmstead,7856,t,mia,1,100.0,0,17,0,0,0,0,0,0,0,0,0,0,0,0,0,0,0,0,0,0,0,0,0,0,0,7,2022,7
gregvanroten_buf_2022_7,buf_2022_7,gregvanroten_buf_2022,buf_2022,gregvanroten,7746,ol,buf,1,100.0,0,4,0,0,0,0,0,0,0,0,0,0,0,0,0,0,0,0,0,0,0,0,0,0,0,7,2022,7
mattsokol_ne_2022_7,ne_2022_7,mattsokol_ne_2022,ne_2022,mattsokol,47123,te,ne,1,100.0,0,19,0,0,0,0,0,0,0,0,0,0,0,0,0,0,0,0,0,0,0,0,0,0,0,7,2022,7
chigoziemokonkwo_ten_2022_7,ten_2022_7,chigoziemokonkwo_ten_2022,ten_2022,chigoziemokonkwo,84000,te,ten,1,53.8,0,31,0,0,0,0,0,0,0,0,0,0,0,0,0,0,0,0,0,0,0,0,0,0,0,7,2022,7
hakeemadeniji_cin_2022_7,cin_2022_7,hakeemadeniji_cin_2022,cin_2022,hakeemadeniji,45419,t,cin,1,100.0,0,7,0,0,0,0,0,0,0,0,0,0,0,0,0,0,0,0,0,0,0,0,0,0,0,7,2022,7
jeremyruckert_nyj_2022_7,nyj_2022_7,jeremyruckert_nyj_2022,nyj_2022,jeremyruckert,84029,te,nyj,1,100.0,0,22,0,0,0,0,0,0,0,0,0,0,0,0,0,0,0,0,0,0,0,0,0,0,0,7,2022,7
kevinrader_ten_2022_7,ten_2022_7,kevinrader_ten_2022,ten_2022,kevinrader,30887,te,ten,1,100.0,0,31,0,0,0,0,0,0,0,0,0,0,0,0,0,0,0,0,0,0,0,0,0,0,0,7,2022,7
anthonyfirkser_atl_2022_7,atl_2022_7,anthonyfirkser_atl_2022,atl_2022,anthonyfirkser,51837,te,atl,1,33.3,0,2,0,0,0,0,0,0,0,0,0,0,0,0,0,0,0,0,0,0,0,0,0,0,0,7,2022,7
stormnorton_lac_2022_7,lac_2022_7,stormnorton_lac_2022,lac_2022,stormnorton,12188,t,lac,1,100.0,0,27,0,0,0,0,0,0,0,0,0,0,0,0,0,0,0,0,0,0,0,0,0,0,0,7,2022,7
jamesmitchell_det_2022_7,det_2022_7,jamesmitchell_det_2022,det_2022,jamesmitchell,77885,te,det,1,100.0,0,11,0,0,0,0,0,0,0,0,0,0,0,0,0,0,0,0,0,0,0,0,0,0,0,7,2022,7
kylerudolph_tb_2022_7,tb_2022_7,kylerudolph_tb_2022,tb_2022,kylerudolph,6195,te,tb,1,55.6,0,30,0,0,0,0,0,0,0,0,0,0,0,0,0,0,0,0,0,0,0,0,0,0,0,7,2022,7
daltonschultz_dal_2022_7,dal_2022_7,daltonschultz_dal_2022,dal_2022,daltonschultz,47304,te,dal,1,40.0,0,9,0,0,0,0,0,0,0,0,0,0,0,0,0,0,0,0,0,0,0,0,0,0,0,7,2022,7
camjurgens_phi_2022_7,phi_2022_7,camjurgens_phi_2022,phi_2022,camjurgens,84014,ol,phi,1,100.0,0,24,0,0,0,0,0,0,0,0,0,0,0,0,0,0,0,0,0,0,0,0,0,0,0,7,2022,7
rossdwelley_sf_2022_7,sf_2022_7,rossdwelley_sf_2022,sf_2022,rossdwelley,20994,te,sf,1,100.0,0,28,0,0,0,0,0,0,0,0,0,0,0,0,0,0,0,0,0,0,0,0,0,0,0,7,2022,7
charlieheck_hou_2022_7,hou_2022_7,charlieheck_hou_2022,hou_2022,charlieheck,36501,t,hou,1,100.0,0,13,0,0,0,0,0,0,0,0,0,0,0,0,0,0,0,0,0,0,0,0,0,0,0,7,2022,7
wyattdavis_no_2022_7,no_2022_7,wyattdavis_no_2022,no_2022,wyattdavis,59993,g,no,1,100.0,0,20,0,0,0,0,0,0,0,0,0,0,0,0,0,0,0,0,0,0,0,0,0,0,0,7,2022,7
trystancoloncastillo_bal_2022_7,bal_2022_7,trystancoloncastillo_bal_2022,bal_2022,trystancoloncastillo,41117,ol,bal,1,100.0,0,3,0,0,0,0,0,0,0,0,0,0,0,0,0,0,0,0,0,0,0,0,0,0,0,7,2022,7
stephenanderson_ari_2022_7,ari_2022_7,stephenanderson_ari_2022,ari_2022,stephenanderson,11160,te,ari,1,100.0,0,1,0,0,0,0,0,0,0,0,0,0,0,0,0,0,0,0,0,0,0,0,0,0,0,7,2022,7
darrenwaller_lv_2022_7,lv_2022_7,darrenwaller_lv_2022,lv_2022,darrenwaller,9637,te,lv,1,25.0,0,23,0,0,0,0,0,0,0,0,0,0,0,0,0,0,0,0,0,0,0,0,0,0,0,7,2022,7
nickzakelj_sf_2022_7,sf_2022_7,nickzakelj_sf_2022,sf_2022,nickzakelj,59693,g,sf,1,100.0,0,28,0,0,0,0,0,0,0,0,0,0,0,0,0,0,0,0,0,0,0,0,0,0,0,7,2022,7
antoniohamilton_ari_2022_7,ari_2022_7,antoniohamilton_ari_2022,ari_2022,antoniohamilton,11353,cb,ari,1,100.0,0,1,0,0,0,0,0,0,0,0,0,0,0,0,0,0,0,0,0,0,0,0,0,0,0,7,2022,7
danskipper_det_2022_7,det_2022_7,danskipper_det_2022,det_2022,danskipper,12307,g,det,1,100.0,0,11,0,0,0,0,0,0,0,0,0,0,0,0,0,0,0,0,0,0,0,0,0,0,0,7,2022,7
jordanakins_hou_2022_7,hou_2022_7,jordanakins_hou_2022,hou_2022,jordanakins,47050,te,hou,1,10.0,0,13,0,0,0,0,0,0,0,0,0,0,0,0,0,0,0,0,0,0,0,0,0,0,0,7,2022,7
justinlayne_nyg_2022_7,nyg_2022_7,justinlayne_nyg_2022,nyg_2022,justinlayne,40160,cb,nyg,1,100.0,0,21,0,0,0,0,0,0,0,0,0,0,0,0,0,0,0,0,0,0,0,0,0,0,0,7,2022,7
joshball_dal_2022_7,dal_2022_7,joshball_dal_2022,dal_2022,joshball,40733,t,dal,1,100.0,0,9,0,0,0,0,0,0,0,0,0,0,0,0,0,0,0,0,0,0,0,0,0,0,0,7,2022,7
willfries_ind_2022_7,ind_2022_7,willfries_ind_2022,ind_2022,willfries,41530,g,ind,1,100.0,0,14,0,0,0,0,0,0,0,0,0,0,0,0,0,0,0,0,0,0,0,0,0,0,0,7,2022,7
christianmatthew_ari_2022_7,ari_2022_7,christianmatthew_ari_2022,ari_2022,christianmatthew,156140,cb,ari,1,100.0,0,1,0,0,0,0,0,0,0,0,0,0,0,0,0,0,0,0,0,0,0,0,0,0,0,7,2022,7
albertokwuegbunam_den_2022_7,den_2022_7,albertokwuegbunam_den_2022,den_2022,albertokwuegbunam,41933,te,den,1,6.7,0,10,0,0,0,0,0,0,0,0,0,0,0,0,0,0,0,0,0,0,0,0,0,0,0,7,2022,7
treypipkins_lac_2022_7,lac_2022_7,treypipkins_lac_2022,lac_2022,treypipkins,91462,t,lac,1,100.0,0,27,0,0,0,0,0,0,0,0,0,0,0,0,0,0,0,0,0,0,0,0,0,0,0,7,2022,7
jamareesalyer_lac_2022_7,lac_2022_7,jamareesalyer_lac_2022,lac_2022,jamareesalyer,81656,t,lac,1,100.0,0,27,0,0,0,0,0,0,0,0,0,0,0,0,0,0,0,0,0,0,0,0,0,0,0,7,2022,7
mattfeiler_lac_2022_7,lac_2022_7,mattfeiler_lac_2022,lac_2022,mattfeiler,9289,g,lac,1,100.0,0,27,0,0,0,0,0,0,0,0,0,0,0,0,0,0,0,0,0,0,0,0,0,0,0,7,2022,7
zionjohnson_lac_2022_7,lac_2022_7,zionjohnson_lac_2022,lac_2022,zionjohnson,99681,g,lac,1,100.0,0,27,0,0,0,0,0,0,0,0,0,0,0,0,0,0,0,0,0,0,0,0,0,0,0,7,2022,7
willclapp_lac_2022_7,lac_2022_7,willclapp_lac_2022,lac_2022,willclapp,39386,ol,lac,1,100.0,0,27,0,0,0,0,0,0,0,0,0,0,0,0,0,0,0,0,0,0,0,0,0,0,0,7,2022,7
bradensmith_ind_2022_7,ind_2022_7,bradensmith_ind_2022,ind_2022,bradensmith,46794,t,ind,1,100.0,0,14,0,0,0,0,0,0,0,0,0,0,0,0,0,0,0,0,0,0,0,0,0,0,0,7,2022,7
quentonnelson_ind_2022_7,ind_2022_7,quentonnelson_ind_2022,ind_2022,quentonnelson,12954,g,ind,1,100.0,0,14,0,0,0,0,0,0,0,0,0,0,0,0,0,0,0,0,0,0,0,0,0,0,0,7,2022,7
mattpryor_ind_2022_7,ind_2022_7,mattpryor_ind_2022,ind_2022,mattpryor,46647,t,ind,1,100.0,0,14,0,0,0,0,0,0,0,0,0,0,0,0,0,0,0,0,0,0,0,0,0,0,0,7,2022,7
ryankelly_ind_2022_7,ind_2022_7,ryankelly_ind_2022,ind_2022,ryankelly,10652,ol,ind,1,100.0,0,14,0,0,0,0,0,0,0,0,0,0,0,0,0,0,0,0,0,0,0,0,0,0,0,7,2022,7
liameichenberg_mia_2022_7,mia_2022_7,liameichenberg_mia_2022,mia_2022,liameichenberg,41851,g,mia,1,100.0,0,17,0,0,0,0,0,0,0,0,0,0,0,0,0,0,0,0,0,0,0,0,0,0,0,7,2022,7
brandonshell_mia_2022_7,mia_2022_7,brandonshell_mia_2022,mia_2022,brandonshell,10792,t,mia,1,100.0,0,17,0,0,0,0,0,0,0,0,0,0,0,0,0,0,0,0,0,0,0,0,0,0,0,7,2022,7
roberthunt_mia_2022_7,mia_2022_7,roberthunt_mia_2022,mia_2022,roberthunt,46139,g,mia,1,100.0,0,17,0,0,0,0,0,0,0,0,0,0,0,0,0,0,0,0,0,0,0,0,0,0,0,7,2022,7
greglittle_mia_2022_7,mia_2022_7,greglittle_mia_2022,mia_2022,greglittle,46254,t,mia,1,100.0,0,17,0,0,0,0,0,0,0,0,0,0,0,0,0,0,0,0,0,0,0,0,0,0,0,7,2022,7
connorwilliams_mia_2022_7,mia_2022_7,connorwilliams_mia_2022,mia_2022,connorwilliams,46216,ol,mia,1,100.0,0,17,0,0,0,0,0,0,0,0,0,0,0,0,0,0,0,0,0,0,0,0,0,0,0,7,2022,7
joshmyers_gb_2022_7,gb_2022_7,joshmyers_gb_2022,gb_2022,joshmyers,59992,ol,gb,1,100.0,0,12,0,0,0,0,0,0,0,0,0,0,0,0,0,0,0,0,0,0,0,0,0,0,0,7,2022,7
ryanbates_buf_2022_7,buf_2022_7,ryanbates_buf_2022,buf_2022,ryanbates,28300,g,buf,1,100.0,1,4,0,0,0,0,0,0,0,0,0,0,0,0,0,0,0,0,0,0,0,0,0,0,0,7,2022,7
elgtonjenkins_gb_2022_7,gb_2022_7,elgtonjenkins_gb_2022,gb_2022,elgtonjenkins,46298,t,gb,1,100.0,0,12,0,0,0,0,0,0,0,0,0,0,0,0,0,0,0,0,0,0,0,0,0,0,0,7,2022,7
rodgersaffold_buf_2022_7,buf_2022_7,rodgersaffold_buf_2022,buf_2022,rodgersaffold,5558,g,buf,1,100.0,0,4,0,0,0,0,0,0,0,0,0,0,0,0,0,0,0,0,0,0,0,0,0,0,0,7,2022,7
jonrunyan_gb_2022_7,gb_2022_7,jonrunyan_gb_2022,gb_2022,jonrunyan,36661,g,gb,1,100.0,0,12,0,0,0,0,0,0,0,0,0,0,0,0,0,0,0,0,0,0,0,0,0,0,0,7,2022,7
mitchmorse_buf_2022_7,buf_2022_7,mitchmorse_buf_2022,buf_2022,mitchmorse,9482,ol,buf,1,100.0,0,4,0,0,0,0,0,0,0,0,0,0,0,0,0,0,0,0,0,0,0,0,0,0,0,7,2022,7
jameshurst_no_2022_7,no_2022_7,jameshurst_no_2022,no_2022,jameshurst,9001,t,no,1,100.0,0,20,0,0,0,0,0,0,0,0,0,0,0,0,0,0,0,0,0,0,0,0,0,0,0,7,2022,7
donovansmith_tb_2022_7,tb_2022_7,donovansmith_tb_2022,tb_2022,donovansmith,9467,t,tb,1,100.0,0,30,0,0,0,0,0,0,0,0,0,0,0,0,0,0,0,0,0,0,0,0,0,0,0,7,2022,7
braxtonjones_chi_2022_7,chi_2022_7,braxtonjones_chi_2022,chi_2022,braxtonjones,60092,t,chi,1,100.0,0,6,0,0,0,0,0,0,0,0,0,0,0,0,0,0,0,0,0,0,0,0,0,0,0,7,2022,7
erikmccoy_no_2022_7,no_2022_7,erikmccoy_no_2022,no_2022,erikmccoy,37347,ol,no,1,100.0,0,20,0,0,0,0,0,0,0,0,0,0,0,0,0,0,0,0,0,0,0,0,0,0,0,7,2022,7
cesarruiz_no_2022_7,no_2022_7,cesarruiz_no_2022,no_2022,cesarruiz,59857,g,no,1,100.0,0,20,0,0,0,0,0,0,0,0,0,0,0,0,0,0,0,0,0,0,0,0,0,0,0,7,2022,7
larryborom_chi_2022_7,chi_2022_7,larryborom_chi_2022,chi_2022,larryborom,59879,t,chi,1,100.0,0,6,0,0,0,0,0,0,0,0,0,0,0,0,0,0,0,0,0,0,0,0,0,0,0,7,2022,7
shaqmason_tb_2022_7,tb_2022_7,shaqmason_tb_2022,tb_2022,shaqmason,9564,g,tb,1,100.0,0,30,0,0,0,0,0,0,0,0,0,0,0,0,0,0,0,0,0,0,0,0,0,0,0,7,2022,7
lukegoedeke_tb_2022_7,tb_2022_7,lukegoedeke_tb_2022,tb_2022,lukegoedeke,77548,g,tb,1,100.0,0,30,0,0,0,0,0,0,0,0,0,0,0,0,0,0,0,0,0,0,0,0,0,0,0,7,2022,7
tristanwirfs_tb_2022_7,tb_2022_7,tristanwirfs_tb_2022,tb_2022,tristanwirfs,64818,t,tb,1,100.0,0,30,0,0,0,0,0,0,0,0,0,0,0,0,0,0,0,0,0,0,0,0,0,0,0,7,2022,7
diondawkins_buf_2022_7,buf_2022_7,diondawkins_buf_2022,buf_2022,diondawkins,11818,t,buf,1,98.6,0,4,0,0,0,0,0,0,0,0,0,0,0,0,0,0,0,0,0,0,0,0,0,0,0,7,2022,7
ryanramczyk_no_2022_7,no_2022_7,ryanramczyk_no_2022,no_2022,ryanramczyk,11787,t,no,1,100.0,0,20,0,0,0,0,0,0,0,0,0,0,0,0,0,0,0,0,0,0,0,0,0,0,0,7,2022,7
sammustipher_chi_2022_7,chi_2022_7,sammustipher_chi_2022,chi_2022,sammustipher,13026,ol,chi,1,100.0,0,6,0,0,0,0,0,0,0,0,0,0,0,0,0,0,0,0,0,0,0,0,0,0,0,7,2022,7
roberthainsey_tb_2022_7,tb_2022_7,roberthainsey_tb_2022,tb_2022,roberthainsey,59980,ol,tb,1,100.0,0,30,0,0,0,0,0,0,0,0,0,0,0,0,0,0,0,0,0,0,0,0,0,0,0,7,2022,7
jasonkelce_phi_2022_7,phi_2022_7,jasonkelce_phi_2022,phi_2022,jasonkelce,6343,ol,phi,1,100.0,0,24,0,0,0,0,0,0,0,0,0,0,0,0,0,0,0,0,0,0,0,0,0,0,0,7,2022,7
willhernandez_ari_2022_7,ari_2022_7,willhernandez_ari_2022,ari_2022,willhernandez,46180,g,ari,1,100.0,0,1,0,0,0,0,0,0,0,0,0,0,0,0,0,0,0,0,0,0,0,0,0,0,0,7,2022,7
jordanmailata_phi_2022_7,phi_2022_7,jordanmailata_phi_2022,phi_2022,jordanmailata,66916,t,phi,1,100.0,0,24,0,0,0,0,0,0,0,0,0,0,0,0,0,0,0,0,0,0,0,0,0,0,0,7,2022,7
seanharlow_ari_2022_7,ari_2022_7,seanharlow_ari_2022,ari_2022,seanharlow,11891,ol,ari,1,100.0,1,1,0,0,0,0,0,0,0,0,0,0,0,0,0,0,0,0,0,0,0,0,0,0,0,7,2022,7
djhumphries_ari_2022_7,ari_2022_7,djhumphries_ari_2022,ari_2022,djhumphries,9457,t,ari,1,100.0,0,1,0,0,0,0,0,0,0,0,0,0,0,0,0,0,0,0,0,0,0,0,0,0,0,7,2022,7
kelvinbeachum_ari_2022_7,ari_2022_7,kelvinbeachum_ari_2022,ari_2022,kelvinbeachum,7229,t,ari,1,100.0,0,1,0,0,0,0,0,0,0,0,0,0,0,0,0,0,0,0,0,0,0,0,0,0,0,7,2022,7
isaacseumalo_phi_2022_7,phi_2022_7,isaacseumalo_phi_2022,phi_2022,isaacseumalo,10713,g,phi,1,100.0,0,24,0,0,0,0,0,0,0,0,0,0,0,0,0,0,0,0,0,0,0,0,0,0,0,7,2022,7
trentbrown_ne_2022_7,ne_2022_7,trentbrown_ne_2022,ne_2022,trentbrown,9677,t,ne,1,100.0,0,19,0,0,0,0,0,0,0,0,0,0,0,0,0,0,0,0,0,0,0,0,0,0,0,7,2022,7
colestrange_ne_2022_7,ne_2022_7,colestrange_ne_2022,ne_2022,colestrange,22976,g,ne,1,100.0,0,19,0,0,0,0,0,0,0,0,0,0,0,0,0,0,0,0,0,0,0,0,0,0,0,7,2022,7
jedrickwillsjr_cle_2022_7,cle_2022_7,jedrickwillsjr_cle_2022,cle_2022,jedrickwillsjr,58467,t,cle,1,100.0,0,8,0,0,0,0,0,0,0,0,0,0,0,0,0,0,0,0,0,0,0,0,0,0,0,7,2022,7
denniskelly_ind_2022_7,ind_2022_7,denniskelly_ind_2022,ind_2022,denniskelly,7146,t,ind,1,100.0,0,14,0,0,0,0,0,0,0,0,0,0,0,0,0,0,0,0,0,0,0,0,0,0,0,7,2022,7
ethanpocic_cle_2022_7,cle_2022_7,ethanpocic_cle_2022,cle_2022,ethanpocic,11813,ol,cle,1,100.0,0,8,0,0,0,0,0,0,0,0,0,0,0,0,0,0,0,0,0,0,0,0,0,0,0,7,2022,7
michaelonwenu_ne_2022_7,ne_2022_7,michaelonwenu_ne_2022,ne_2022,michaelonwenu,27357,g,ne,1,100.0,0,19,0,0,0,0,0,0,0,0,0,0,0,0,0,0,0,0,0,0,0,0,0,0,0,7,2022,7
joelbitonio_cle_2022_7,cle_2022_7,joelbitonio_cle_2022,cle_2022,joelbitonio,8670,g,cle,1,100.0,0,8,0,0,0,0,0,0,0,0,0,0,0,0,0,0,0,0,0,0,0,0,0,0,0,7,2022,7
davidandrews_ne_2022_7,ne_2022_7,davidandrews_ne_2022,ne_2022,davidandrews,9948,ol,ne,1,100.0,0,19,0,0,0,0,0,0,0,0,0,0,0,0,0,0,0,0,0,0,0,0,0,0,0,7,2022,7
lucaspatrick_chi_2022_7,chi_2022_7,lucaspatrick_chi_2022,chi_2022,lucaspatrick,11435,g,chi,1,100.0,0,6,0,0,0,0,0,0,0,0,0,0,0,0,0,0,0,0,0,0,0,0,0,0,0,7,2022,7
davidbakhtiari_gb_2022_7,gb_2022_7,davidbakhtiari_gb_2022,gb_2022,davidbakhtiari,7891,t,gb,1,100.0,0,12,0,0,0,0,0,0,0,0,0,0,0,0,0,0,0,0,0,0,0,0,0,0,0,7,2022,7
charlescross_sea_2022_7,sea_2022_7,charlescross_sea_2022,sea_2022,charlescross,98401,t,sea,1,100.0,0,29,0,0,0,0,0,0,0,0,0,0,0,0,0,0,0,0,0,0,0,0,0,0,0,7,2022,7
abrahamlucas_sea_2022_7,sea_2022_7,abrahamlucas_sea_2022,sea_2022,abrahamlucas,60218,t,sea,1,100.0,0,29,0,0,0,0,0,0,0,0,0,0,0,0,0,0,0,0,0,0,0,0,0,0,0,7,2022,7
landondickerson_phi_2022_7,phi_2022_7,landondickerson_phi_2022,phi_2022,landondickerson,41712,g,phi,1,100.0,0,24,0,0,0,0,0,0,0,0,0,0,0,0,0,0,0,0,0,0,0,0,0,0,0,7,2022,7
austinblythe_sea_2022_7,sea_2022_7,austinblythe_sea_2022,sea_2022,austinblythe,10882,ol,sea,1,100.0,0,29,0,0,0,0,0,0,0,0,0,0,0,0,0,0,0,0,0,0,0,0,0,0,0,7,2022,7
roycenewman_gb_2022_7,gb_2022_7,roycenewman_gb_2022,gb_2022,roycenewman,41746,g,gb,1,100.0,0,12,0,0,0,0,0,0,0,0,0,0,0,0,0,0,0,0,0,0,0,0,0,0,0,7,2022,7
philhaynes_sea_2022_7,sea_2022_7,philhaynes_sea_2022,sea_2022,philhaynes,29244,g,sea,1,100.0,0,29,0,0,0,0,0,0,0,0,0,0,0,0,0,0,0,0,0,0,0,0,0,0,0,7,2022,7
damienlewis_sea_2022_7,sea_2022_7,damienlewis_sea_2022,sea_2022,damienlewis,81532,g,sea,1,100.0,0,29,0,0,0,0,0,0,0,0,0,0,0,0,0,0,0,0,0,0,0,0,0,0,0,7,2022,7
creedhumphrey_kc_2022_7,kc_2022_7,creedhumphrey_kc_2022,kc_2022,creedhumphrey,59996,ol,kc,1,100.0,0,16,0,0,0,0,0,0,0,0,0,0,0,0,0,0,0,0,0,0,0,0,0,0,0,7,2022,7
orlandobrownjr_kc_2022_7,kc_2022_7,orlandobrownjr_kc_2022,kc_2022,orlandobrownjr,46227,t,kc,1,100.0,0,16,0,0,0,0,0,0,0,0,0,0,0,0,0,0,0,0,0,0,0,0,0,0,0,7,2022,7
zackmartin_dal_2022_7,dal_2022_7,zackmartin_dal_2022,dal_2022,zackmartin,8651,g,dal,1,100.0,0,9,0,0,0,0,0,0,0,0,0,0,0,0,0,0,0,0,0,0,0,0,0,0,0,7,2022,7
treysmith_kc_2022_7,kc_2022_7,treysmith_kc_2022,kc_2022,treysmith,62960,g,kc,1,100.0,1,16,0,0,0,0,0,0,0,0,0,0,0,0,0,0,0,0,0,0,0,0,0,0,0,7,2022,7
tylerbiadasz_dal_2022_7,dal_2022_7,tylerbiadasz_dal_2022,dal_2022,tylerbiadasz,41178,ol,dal,1,100.0,0,9,0,0,0,0,0,0,0,0,0,0,0,0,0,0,0,0,0,0,0,0,0,0,0,7,2022,7
joethuney_kc_2022_7,kc_2022_7,joethuney_kc_2022,kc_2022,joethuney,10712,g,kc,1,100.0,0,16,0,0,0,0,0,0,0,0,0,0,0,0,0,0,0,0,0,0,0,0,0,0,0,7,2022,7
terencesteele_dal_2022_7,dal_2022_7,terencesteele_dal_2022,dal_2022,terencesteele,39461,t,dal,1,100.0,0,9,0,0,0,0,0,0,0,0,0,0,0,0,0,0,0,0,0,0,0,0,0,0,0,7,2022,7
andrewwylie_kc_2022_7,kc_2022_7,andrewwylie_kc_2022,kc_2022,andrewwylie,12333,t,kc,1,100.0,0,16,0,0,0,0,0,0,0,0,0,0,0,0,0,0,0,0,0,0,0,0,0,0,0,7,2022,7
tylersmith_dal_2022_7,dal_2022_7,tylersmith_dal_2022,dal_2022,tylersmith,98385,t,dal,1,100.0,0,9,0,0,0,0,0,0,0,0,0,0,0,0,0,0,0,0,0,0,0,0,0,0,0,7,2022,7
tevenjenkins_chi_2022_7,chi_2022_7,tevenjenkins_chi_2022,chi_2022,tevenjenkins,41534,g,chi,1,100.0,0,6,0,0,0,0,0,0,0,0,0,0,0,0,0,0,0,0,0,0,0,0,0,0,0,7,2022,7
robhavenstein_lar_2022_7,lar_2022_7,robhavenstein_lar_2022,lar_2022,robhavenstein,9490,t,lar,1,100.0,0,26,0,0,0,0,0,0,0,0,0,0,0,0,0,0,0,0,0,0,0,0,0,0,0,7,2022,7
jeremiahkolone_lar_2022_7,lar_2022_7,jeremiahkolone_lar_2022,lar_2022,jeremiahkolone,46167,ol,lar,1,100.0,0,26,0,0,0,0,0,0,0,0,0,0,0,0,0,0,0,0,0,0,0,0,0,0,0,7,2022,7
bobbyevans_lar_2022_7,lar_2022_7,bobbyevans_lar_2022,lar_2022,bobbyevans,36800,g,lar,1,100.0,0,26,0,0,0,0,0,0,0,0,0,0,0,0,0,0,0,0,0,0,0,0,0,0,0,7,2022,7
alaricjackson_lar_2022_7,lar_2022_7,alaricjackson_lar_2022,lar_2022,alaricjackson,40972,g,lar,1,100.0,0,26,0,0,0,0,0,0,0,0,0,0,0,0,0,0,0,0,0,0,0,0,0,0,0,7,2022,7
jamesdaniels_pit_2022_7,pit_2022_7,jamesdaniels_pit_2022,pit_2022,jamesdaniels,45576,g,pit,1,100.0,0,25,0,0,0,0,0,0,0,0,0,0,0,0,0,0,0,0,0,0,0,0,0,0,0,7,2022,7
benbredeson_nyg_2022_7,nyg_2022_7,benbredeson_nyg_2022,nyg_2022,benbredeson,27305,g,nyg,1,100.0,0,21,0,0,0,0,0,0,0,0,0,0,0,0,0,0,0,0,0,0,0,0,0,0,0,7,2022,7
danmoorejr_pit_2022_7,pit_2022_7,danmoorejr_pit_2022,pit_2022,danmoorejr,60120,t,pit,1,100.0,0,25,0,0,0,0,0,0,0,0,0,0,0,0,0,0,0,0,0,0,0,0,0,0,0,7,2022,7
andrewthomas_nyg_2022_7,nyg_2022_7,andrewthomas_nyg_2022,nyg_2022,andrewthomas,59701,t,nyg,1,100.0,0,21,0,0,0,0,0,0,0,0,0,0,0,0,0,0,0,0,0,0,0,0,0,0,0,7,2022,7
markglowinski_nyg_2022_7,nyg_2022_7,markglowinski_nyg_2022,nyg_2022,markglowinski,9567,g,nyg,1,100.0,0,21,0,0,0,0,0,0,0,0,0,0,0,0,0,0,0,0,0,0,0,0,0,0,0,7,2022,7
kevindotson_pit_2022_7,pit_2022_7,kevindotson_pit_2022,pit_2022,kevindotson,46735,g,pit,1,100.0,0,25,0,0,0,0,0,0,0,0,0,0,0,0,0,0,0,0,0,0,0,0,0,0,0,7,2022,7
chukwumaokorafor_pit_2022_7,pit_2022_7,chukwumaokorafor_pit_2022,pit_2022,chukwumaokorafor,46302,t,pit,1,100.0,0,25,0,0,0,0,0,0,0,0,0,0,0,0,0,0,0,0,0,0,0,0,0,0,0,7,2022,7
evanneal_nyg_2022_7,nyg_2022_7,evanneal_nyg_2022,nyg_2022,evanneal,99063,t,nyg,1,100.0,0,21,0,0,0,0,0,0,0,0,0,0,0,0,0,0,0,0,0,0,0,0,0,0,0,7,2022,7
jawaantaylor_jax_2022_7,jax_2022_7,jawaantaylor_jax_2022,jax_2022,jawaantaylor,41665,t,jax,1,100.0,0,15,0,0,0,0,0,0,0,0,0,0,0,0,0,0,0,0,0,0,0,0,0,0,0,7,2022,7
lukefortner_jax_2022_7,jax_2022_7,lukefortner_jax_2022,jax_2022,lukefortner,42028,ol,jax,1,100.0,0,15,0,0,0,0,0,0,0,0,0,0,0,0,0,0,0,0,0,0,0,0,0,0,0,7,2022,7
tylershatley_jax_2022_7,jax_2022_7,tylershatley_jax_2022,jax_2022,tylershatley,9257,g,jax,1,100.0,0,15,0,0,0,0,0,0,0,0,0,0,0,0,0,0,0,0,0,0,0,0,0,0,0,7,2022,7
camrobinson_jax_2022_7,jax_2022_7,camrobinson_jax_2022,jax_2022,camrobinson,11789,t,jax,1,100.0,0,15,0,0,0,0,0,0,0,0,0,0,0,0,0,0,0,0,0,0,0,0,0,0,0,7,2022,7
masoncole_pit_2022_7,pit_2022_7,masoncole_pit_2022,pit_2022,masoncole,45547,ol,pit,1,100.0,0,25,0,0,0,0,0,0,0,0,0,0,0,0,0,0,0,0,0,0,0,0,0,0,0,7,2022,7
brandonscherff_jax_2022_7,jax_2022_7,brandonscherff_jax_2022,jax_2022,brandonscherff,9438,g,jax,1,100.0,0,15,0,0,0,0,0,0,0,0,0,0,0,0,0,0,0,0,0,0,0,0,0,0,0,7,2022,7
jakebrendel_sf_2022_7,sf_2022_7,jakebrendel_sf_2022,sf_2022,jakebrendel,11117,ol,sf,1,100.0,0,28,0,0,0,0,0,0,0,0,0,0,0,0,0,0,0,0,0,0,0,0,0,0,0,7,2022,7
jackconklin_cle_2022_7,cle_2022_7,jackconklin_cle_2022,cle_2022,jackconklin,10642,t,cle,1,100.0,0,8,0,0,0,0,0,0,0,0,0,0,0,0,0,0,0,0,0,0,0,0,0,0,0,7,2022,7
jaylonmoore_sf_2022_7,sf_2022_7,jaylonmoore_sf_2022,sf_2022,jaylonmoore,43678,t,sf,1,100.0,0,28,0,0,0,0,0,0,0,0,0,0,0,0,0,0,0,0,0,0,0,0,0,0,0,7,2022,7
jonfeliciano_nyg_2022_7,nyg_2022_7,jonfeliciano_nyg_2022,nyg_2022,jonfeliciano,9561,ol,nyg,1,100.0,0,21,0,0,0,0,0,0,0,0,0,0,0,0,0,0,0,0,0,0,0,0,0,0,0,7,2022,7
benpowers_bal_2022_7,bal_2022_7,benpowers_bal_2022,bal_2022,benpowers,41482,g,bal,1,100.0,0,3,0,0,0,0,0,0,0,0,0,0,0,0,0,0,0,0,0,0,0,0,0,0,0,7,2022,7
tylerlinderbaum_bal_2022_7,bal_2022_7,tylerlinderbaum_bal_2022,bal_2022,tylerlinderbaum,82291,ol,bal,1,100.0,0,3,0,0,0,0,0,0,0,0,0,0,0,0,0,0,0,0,0,0,0,0,0,0,0,7,2022,7
kevinzeitler_bal_2022_7,bal_2022_7,kevinzeitler_bal_2022,bal_2022,kevinzeitler,7032,g,bal,1,100.0,0,3,0,0,0,0,0,0,0,0,0,0,0,0,0,0,0,0,0,0,0,0,0,0,0,7,2022,7
drewdalman_atl_2022_7,atl_2022_7,drewdalman_atl_2022,atl_2022,drewdalman,52270,ol,atl,1,100.0,0,2,0,0,0,0,0,0,0,0,0,0,0,0,0,0,0,0,0,0,0,0,0,0,0,7,2022,7
daltonrisner_den_2022_7,den_2022_7,daltonrisner_den_2022,den_2022,daltonrisner,47008,g,den,1,100.0,0,10,0,0,0,0,0,0,0,0,0,0,0,0,0,0,0,0,0,0,0,0,0,0,0,7,2022,7
kalebmcgary_atl_2022_7,atl_2022_7,kalebmcgary_atl_2022,atl_2022,kalebmcgary,46912,t,atl,1,100.0,0,2,0,0,0,0,0,0,0,0,0,0,0,0,0,0,0,0,0,0,0,0,0,0,0,7,2022,7
chrislindstrom_atl_2022_7,atl_2022_7,chrislindstrom_atl_2022,atl_2022,chrislindstrom,46692,g,atl,1,100.0,0,2,0,0,0,0,0,0,0,0,0,0,0,0,0,0,0,0,0,0,0,0,0,0,0,7,2022,7
elijahwilkinson_atl_2022_7,atl_2022_7,elijahwilkinson_atl_2022,atl_2022,elijahwilkinson,46238,g,atl,1,100.0,0,2,0,0,0,0,0,0,0,0,0,0,0,0,0,0,0,0,0,0,0,0,0,0,0,7,2022,7
quinnmeinerz_den_2022_7,den_2022_7,quinnmeinerz_den_2022,den_2022,quinnmeinerz,112915,g,den,1,100.0,0,10,0,0,0,0,0,0,0,0,0,0,0,0,0,0,0,0,0,0,0,0,0,0,0,7,2022,7
jakematthews_atl_2022_7,atl_2022_7,jakematthews_atl_2022,atl_2022,jakematthews,8641,t,atl,1,100.0,0,2,0,0,0,0,0,0,0,0,0,0,0,0,0,0,0,0,0,0,0,0,0,0,0,7,2022,7
lloydcushenberryiii_den_2022_7,den_2022_7,lloydcushenberryiii_den_2022,den_2022,lloydcushenberryiii,41924,ol,den,1,100.0,0,10,0,0,0,0,0,0,0,0,0,0,0,0,0,0,0,0,0,0,0,0,0,0,0,7,2022,7
cordellvolson_cin_2022_7,cin_2022_7,cordellvolson_cin_2022,cin_2022,cordellvolson,30614,g,cin,1,100.0,0,7,0,0,0,0,0,0,0,0,0,0,0,0,0,0,0,0,0,0,0,0,0,0,0,7,2022,7
tylerlarsen_was_2022_7,was_2022_7,tylerlarsen_was_2022,was_2022,tylerlarsen,9304,ol,was,1,100.0,0,32,0,0,0,0,0,0,0,0,0,0,0,0,0,0,0,0,0,0,0,0,0,0,0,7,2022,7
jonahwilliams_cin_2022_7,cin_2022_7,jonahwilliams_cin_2022,cin_2022,jonahwilliams,41651,t,cin,1,100.0,0,7,0,0,0,0,0,0,0,0,0,0,0,0,0,0,0,0,0,0,0,0,0,0,0,7,2022,7
tedkarras_cin_2022_7,cin_2022_7,tedkarras_cin_2022,cin_2022,tedkarras,10855,ol,cin,1,100.0,0,7,0,0,0,0,0,0,0,0,0,0,0,0,0,0,0,0,0,0,0,0,0,0,0,7,2022,7
andrewnorwell_was_2022_7,was_2022_7,andrewnorwell_was_2022,was_2022,andrewnorwell,9126,g,was,1,100.0,0,32,0,0,0,0,0,0,0,0,0,0,0,0,0,0,0,0,0,0,0,0,0,0,0,7,2022,7
corneliuslucas_was_2022_7,was_2022_7,corneliuslucas_was_2022,was_2022,corneliuslucas,9025,t,was,1,100.0,0,32,0,0,0,0,0,0,0,0,0,0,0,0,0,0,0,0,0,0,0,0,0,0,0,7,2022,7
charleslenojr_was_2022_7,was_2022_7,charleslenojr_was_2022,was_2022,charleslenojr,8880,t,was,1,100.0,0,32,0,0,0,0,0,0,0,0,0,0,0,0,0,0,0,0,0,0,0,0,0,0,0,7,2022,7
alexcappa_cin_2022_7,cin_2022_7,alexcappa_cin_2022,cin_2022,alexcappa,66578,g,cin,1,100.0,0,7,0,0,0,0,0,0,0,0,0,0,0,0,0,0,0,0,0,0,0,0,0,0,0,7,2022,7
laelcollins_cin_2022_7,cin_2022_7,laelcollins_cin_2022,cin_2022,laelcollins,9719,t,cin,1,100.0,0,7,0,0,0,0,0,0,0,0,0,0,0,0,0,0,0,0,0,0,0,0,0,0,0,7,2022,7
saahdiqcharles_was_2022_7,was_2022_7,saahdiqcharles_was_2022,was_2022,saahdiqcharles,59820,g,was,1,100.0,0,32,0,0,0,0,0,0,0,0,0,0,0,0,0,0,0,0,0,0,0,0,0,0,0,7,2022,7
odayaboushi_lar_2022_7,lar_2022_7,odayaboushi_lar_2022,lar_2022,odayaboushi,7923,g,lar,1,100.0,1,26,0,0,0,0,0,0,0,0,0,0,0,0,0,0,0,0,0,0,0,0,0,0,0,7,2022,7
duanebrown_nyj_2022_7,nyj_2022_7,duanebrown_nyj_2022,nyj_2022,duanebrown,4340,t,nyj,1,100.0,0,22,0,0,0,0,0,0,0,0,0,0,0,0,0,0,0,0,0,0,0,0,0,0,0,7,2022,7
hjaltefroholdt_cle_2022_7,cle_2022_7,hjaltefroholdt_cle_2022,cle_2022,hjaltefroholdt,44959,g,cle,1,100.0,0,8,0,0,0,0,0,0,0,0,0,0,0,0,0,0,0,0,0,0,0,0,0,0,0,7,2022,7
cameronfleming_den_2022_7,den_2022_7,cameronfleming_den_2022,den_2022,cameronfleming,8775,t,den,1,100.0,0,10,0,0,0,0,0,0,0,0,0,0,0,0,0,0,0,0,0,0,0,0,0,0,0,7,2022,7
nateherbig_nyj_2022_7,nyj_2022_7,nateherbig_nyj_2022,nyj_2022,nateherbig,28844,g,nyj,1,100.0,0,22,0,0,0,0,0,0,0,0,0,0,0,0,0,0,0,0,0,0,0,0,0,0,0,7,2022,7
alijahveratucker_nyj_2022_7,nyj_2022_7,alijahveratucker_nyj_2022,nyj_2022,alijahveratucker,57107,g,nyj,1,100.0,1,22,0,0,0,0,0,0,0,0,0,0,0,0,0,0,0,0,0,0,0,0,0,0,0,7,2022,7
lakentomlinson_nyj_2022_7,nyj_2022_7,lakentomlinson_nyj_2022,nyj_2022,lakentomlinson,9461,g,nyj,1,100.0,0,22,0,0,0,0,0,0,0,0,0,0,0,0,0,0,0,0,0,0,0,0,0,0,0,7,2022,7
connormcgovern_nyj_2022_7,nyj_2022_7,connormcgovern_nyj_2022,nyj_2022,connormcgovern,10778,ol,nyj,1,100.0,0,22,0,0,0,0,0,0,0,0,0,0,0,0,0,0,0,0,0,0,0,0,0,0,0,7,2022,7
garrettbradbury_min_2022_7,min_2022_7,garrettbradbury_min_2022,min_2022,garrettbradbury,46013,ol,min,1,100.0,0,18,0,0,0,0,0,0,0,0,0,0,0,0,0,0,0,0,0,0,0,0,0,0,0,7,2022,7
ezracleveland_min_2022_7,min_2022_7,ezracleveland_min_2022,min_2022,ezracleveland,41973,g,min,1,100.0,0,18,0,0,0,0,0,0,0,0,0,0,0,0,0,0,0,0,0,0,0,0,0,0,0,7,2022,7
christiandarrisaw_min_2022_7,min_2022_7,christiandarrisaw_min_2022,min_2022,christiandarrisaw,77373,t,min,1,100.0,0,18,0,0,0,0,0,0,0,0,0,0,0,0,0,0,0,0,0,0,0,0,0,0,0,7,2022,7
brianoneill_min_2022_7,min_2022_7,brianoneill_min_2022,min_2022,brianoneill,46854,t,min,1,100.0,0,18,0,0,0,0,0,0,0,0,0,0,0,0,0,0,0,0,0,0,0,0,0,0,0,7,2022,7
edingram_min_2022_7,min_2022_7,edingram_min_2022,min_2022,edingram,59819,g,min,1,100.0,0,18,0,0,0,0,0,0,0,0,0,0,0,0,0,0,0,0,0,0,0,0,0,0,0,7,2022,7
ronniestanley_bal_2022_7,bal_2022_7,ronniestanley_bal_2022,bal_2022,ronniestanley,10640,t,bal,1,100.0,0,3,0,0,0,0,0,0,0,0,0,0,0,0,0,0,0,0,0,0,0,0,0,0,0,7,2022,7
aaronbanks_sf_2022_7,sf_2022_7,aaronbanks_sf_2022,sf_2022,aaronbanks,59983,g,sf,1,100.0,0,28,0,0,0,0,0,0,0,0,0,0,0,0,0,0,0,0,0,0,0,0,0,0,0,7,2022,7
spencerburford_sf_2022_7,sf_2022_7,spencerburford_sf_2022,sf_2022,spencerburford,81920,g,sf,1,100.0,0,28,0,0,0,0,0,0,0,0,0,0,0,0,0,0,0,0,0,0,0,0,0,0,0,7,2022,7
maxgarcia_ari_2022_7,ari_2022_7,maxgarcia_ari_2022,ari_2022,maxgarcia,9566,g,ari,1,100.0,0,1,0,0,0,0,0,0,0,0,0,0,0,0,0,0,0,0,0,0,0,0,0,0,0,7,2022,7
marcuscannon_ne_2022_7,ne_2022_7,marcuscannon_ne_2022,ne_2022,marcuscannon,6290,t,ne,1,100.0,0,19,0,0,0,0,0,0,0,0,0,0,0,0,0,0,0,0,0,0,0,0,0,0,0,7,2022,7
danielbrunskill_sf_2022_7,sf_2022_7,danielbrunskill_sf_2022,sf_2022,danielbrunskill,34807,g,sf,1,100.0,0,28,0,0,0,0,0,0,0,0,0,0,0,0,0,0,0,0,0,0,0,0,0,0,0,7,2022,7
taylormoton_car_2022_7,car_2022_7,taylormoton_car_2022,car_2022,taylormoton,11819,t,car,1,100.0,0,5,0,0,0,0,0,0,0,0,0,0,0,0,0,0,0,0,0,0,0,0,0,0,0,7,2022,7
austincorbett_car_2022_7,car_2022_7,austincorbett_car_2022,car_2022,austincorbett,46290,g,car,1,100.0,0,5,0,0,0,0,0,0,0,0,0,0,0,0,0,0,0,0,0,0,0,0,0,0,0,7,2022,7
patelflein_car_2022_7,car_2022_7,patelflein_car_2022,car_2022,patelflein,11825,ol,car,1,100.0,0,5,0,0,0,0,0,0,0,0,0,0,0,0,0,0,0,0,0,0,0,0,0,0,0,7,2022,7
bradychristensen_car_2022_7,car_2022_7,bradychristensen_car_2022,car_2022,bradychristensen,51985,g,car,1,100.0,0,5,0,0,0,0,0,0,0,0,0,0,0,0,0,0,0,0,0,0,0,0,0,0,0,7,2022,7
ikemekwonu_car_2022_7,car_2022_7,ikemekwonu_car_2022,car_2022,ikemekwonu,98286,t,car,1,100.0,0,5,0,0,0,0,0,0,0,0,0,0,0,0,0,0,0,0,0,0,0,0,0,0,0,7,2022,7
isaiahwynn_ne_2022_7,ne_2022_7,isaiahwynn_ne_2022,ne_2022,isaiahwynn,46048,t,ne,1,100.0,0,19,0,0,0,0,0,0,0,0,0,0,0,0,0,0,0,0,0,0,0,0,0,0,0,7,2022,7
billyturner_den_2022_7,den_2022_7,billyturner_den_2022,den_2022,billyturner,8702,t,den,1,100.0,0,10,0,0,0,0,0,0,0,0,0,0,0,0,0,0,0,0,0,0,0,0,0,0,0,7,2022,7
davidquessenberry_buf_2022_7,buf_2022_7,davidquessenberry_buf_2022,buf_2022,davidquessenberry,7957,t,buf,1,100.0,0,4,0,0,0,0,0,0,0,0,0,0,0,0,0,0,0,0,0,0,0,0,0,0,0,7,2022,7
dallasgoedert_phi_2022_7,phi_2022_7,dallasgoedert_phi_2022,phi_2022,dallasgoedert,47272,te,phi,1,58.6,0,24,0,0,0,0,0,0,0,0,0,0,0,0,0,0,0,0,0,0,0,0,0,0,0,7,2022,7
hunterhenry_ne_2022_7,ne_2022_7,hunterhenry_ne_2022,ne_2022,hunterhenry,10669,te,ne,1,54.4,0,19,0,0,0,0,0,0,0,0,0,0,0,0,0,0,0,0,0,0,0,0,0,0,0,7,2022,7
patrickmekari_bal_2022_7,bal_2022_7,patrickmekari_bal_2022,bal_2022,patrickmekari,46219,t,bal,1,100.0,0,3,0,0,0,0,0,0,0,0,0,0,0,0,0,0,0,0,0,0,0,0,0,0,0,7,2022,7
lanejohnson_phi_2022_7,phi_2022_7,lanejohnson_phi_2022,phi_2022,lanejohnson,7786,t,phi,1,100.0,0,24,0,0,0,0,0,0,0,0,0,0,0,0,0,0,0,0,0,0,0,0,0,0,0,7,2022,7
jackdriscoll_phi_2022_7,phi_2022_7,jackdriscoll_phi_2022,phi_2022,jackdriscoll,27064,t,phi,1,100.0,0,24,0,0,0,0,0,0,0,0,0,0,0,0,0,0,0,0,0,0,0,0,0,0,0,7,2022,7
parkerhesse_atl_2022_7,atl_2022_7,parkerhesse_atl_2022,atl_2022,parkerhesse,48369,te,atl,1,80.5,0,2,0,0,0,0,0,0,0,0,0,0,0,0,0,0,0,0,0,0,0,0,0,0,0,7,2022,7
danielbellinger_nyg_2022_7,nyg_2022_7,danielbellinger_nyg_2022,nyg_2022,danielbellinger,84041,te,nyg,1,53.3,0,21,0,0,0,0,0,0,0,0,0,0,0,0,0,0,0,0,0,0,0,0,0,0,0,7,2022,7
cjuzomah_nyj_2022_7,nyj_2022_7,cjuzomah_nyj_2022,nyj_2022,cjuzomah,9590,te,nyj,1,74.4,0,22,0,0,0,0,0,0,0,0,0,0,0,0,0,0,0,0,0,0,0,0,0,0,0,7,2022,7
lewiskidd_no_2022_7,no_2022_7,lewiskidd_no_2022,no_2022,lewiskidd,59892,g,no,1,100.0,0,20,0,0,0,0,0,0,0,0,0,0,0,0,0,0,0,0,0,0,0,0,0,0,0,7,2022,7
spencerbrown_buf_2022_7,buf_2022_7,spencerbrown_buf_2022,buf_2022,spencerbrown,42296,t,buf,1,100.0,0,4,0,0,0,0,0,0,0,0,0,0,0,0,0,0,0,0,0,0,0,0,0,0,0,7,2022,7
tylerhigbee_lar_2022_7,lar_2022_7,tylerhigbee_lar_2022,lar_2022,tylerhigbee,10744,te,lar,1,58.8,0,26,0,0,0,0,0,0,0,0,0,0,0,0,0,0,0,0,0,0,0,0,0,0,0,7,2022,7
morganmoses_bal_2022_7,bal_2022_7,morganmoses_bal_2022,bal_2022,morganmoses,8701,t,bal,1,100.0,0,3,0,0,0,0,0,0,0,0,0,0,0,0,0,0,0,0,0,0,0,0,0,0,0,7,2022,7
colekmet_chi_2022_7,chi_2022_7,colekmet_chi_2022,chi_2022,colekmet,60995,te,chi,1,41.8,0,6,0,0,0,0,0,0,0,0,0,0,0,0,0,0,0,0,0,0,0,0,0,0,0,7,2022,7
chrismanhertz_jax_2022_7,jax_2022_7,chrismanhertz_jax_2022,jax_2022,chrismanhertz,10211,te,jax,1,77.8,0,15,0,0,0,0,0,0,0,0,0,0,0,0,0,0,0,0,0,0,0,0,0,0,0,7,2022,7
coleturner_was_2022_7,was_2022_7,coleturner_was_2022,was_2022,coleturner,84330,te,was,1,50.9,0,32,0,0,0,0,0,0,0,0,0,0,0,0,0,0,0,0,0,0,0,0,0,0,0,7,2022,7
willdissly_sea_2022_7,sea_2022_7,willdissly_sea_2022,sea_2022,willdissly,30762,te,sea,1,59.1,0,29,0,0,0,0,0,0,0,0,0,0,0,0,0,0,0,0,0,0,0,0,0,0,0,7,2022,7
zachgentry_pit_2022_7,pit_2022_7,zachgentry_pit_2022,pit_2022,zachgentry,36049,te,pit,1,59.5,0,25,0,0,0,0,0,0,0,0,0,0,0,0,0,0,0,0,0,0,0,0,0,0,0,7,2022,7
dawsonknox_buf_2022_7,buf_2022_7,dawsonknox_buf_2022,buf_2022,dawsonknox,35883,te,buf,1,40.3,0,4,0,0,0,0,0,0,0,0,0,0,0,0,0,0,0,0,0,0,0,0,0,0,0,7,2022,7
juwanjohnson_no_2022_7,no_2022_7,juwanjohnson_no_2022,no_2022,juwanjohnson,28305,te,no,1,44.6,0,20,0,0,0,0,0,0,0,0,0,0,0,0,0,0,0,0,0,0,0,0,0,0,0,7,2022,7
zachertz_ari_2022_7,ari_2022_7,zachertz_ari_2022,ari_2022,zachertz,7816,te,ari,1,35.8,0,1,0,0,0,0,0,0,0,0,0,0,0,0,0,0,0,0,0,0,0,0,0,0,0,7,2022,7
jonnusmith_ne_2022_7,ne_2022_7,jonnusmith_ne_2022,ne_2022,jonnusmith,11855,te,ne,1,80.0,0,19,0,0,0,0,0,0,0,0,0,0,0,0,0,0,0,0,0,0,0,0,0,0,0,7,2022,7
tylerconklin_nyj_2022_7,nyj_2022_7,tylerconklin_nyj_2022,nyj_2022,tylerconklin,47124,te,nyj,1,62.2,0,22,0,0,0,0,0,0,0,0,0,0,0,0,0,0,0,0,0,0,0,0,0,0,0,7,2022,7
mikemcglinchey_sf_2022_7,sf_2022_7,mikemcglinchey_sf_2022,sf_2022,mikemcglinchey,46275,t,sf,1,100.0,0,28,0,0,0,0,0,0,0,0,0,0,0,0,0,0,0,0,0,0,0,0,0,0,0,7,2022,7
evanengram_jax_2022_7,jax_2022_7,evanengram_jax_2022,jax_2022,evanengram,11778,te,jax,1,44.9,0,15,0,0,0,0,0,0,0,0,0,0,0,0,0,0,0,0,0,0,0,0,0,0,0,7,2022,7
johnnymundt_min_2022_7,min_2022_7,johnnymundt_min_2022,min_2022,johnnymundt,12206,te,min,1,72.4,0,18,0,0,0,0,0,0,0,0,0,0,0,0,0,0,0,0,0,0,0,0,0,0,0,7,2022,7
jackstoll_phi_2022_7,phi_2022_7,jackstoll_phi_2022,phi_2022,jackstoll,42058,te,phi,1,65.6,0,24,0,0,0,0,0,0,0,0,0,0,0,0,0,0,0,0,0,0,0,0,0,0,0,7,2022,7
marcedeslewis_gb_2022_7,gb_2022_7,marcedeslewis_gb_2022,gb_2022,marcedeslewis,2973,te,gb,1,74.1,0,12,0,0,0,0,0,0,0,0,0,0,0,0,0,0,0,0,0,0,0,0,0,0,0,7,2022,7
cadeotton_tb_2022_7,tb_2022_7,cadeotton_tb_2022,tb_2022,cadeotton,61071,te,tb,1,50.0,0,30,0,0,0,0,0,0,0,0,0,0,0,0,0,0,0,0,0,0,0,0,0,0,0,7,2022,7
davidnjoku_cle_2022_7,cle_2022_7,davidnjoku_cle_2022,cle_2022,davidnjoku,11784,te,cle,1,35.7,0,8,0,0,0,0,0,0,0,0,0,0,0,0,0,0,0,0,0,0,0,0,0,0,0,7,2022,7
markandrews_bal_2022_7,bal_2022_7,markandrews_bal_2022,bal_2022,markandrews,47436,te,bal,1,35.2,0,3,0,0,0,0,0,0,0,0,0,0,0,0,0,0,0,0,0,0,0,0,0,0,0,7,2022,7
calvinanderson_den_2022_7,den_2022_7,calvinanderson_den_2022,den_2022,calvinanderson,46247,t,den,1,100.0,0,10,0,0,0,0,0,0,0,0,0,0,0,0,0,0,0,0,0,0,0,0,0,0,0,7,2022,7
tremckitty_lac_2022_7,lac_2022_7,tremckitty_lac_2022,lac_2022,tremckitty,60896,te,lac,1,48.7,0,27,0,0,0,0,0,0,0,0,0,0,0,0,0,0,0,0,0,0,0,0,0,0,0,7,2022,7
chrismyarick_nyg_2022_7,nyg_2022_7,chrismyarick_nyg_2022,nyg_2022,chrismyarick,47358,te,nyg,1,66.7,0,21,0,0,0,0,0,0,0,0,0,0,0,0,0,0,0,0,0,0,0,0,0,0,0,7,2022,7
peytonhendershot_dal_2022_7,dal_2022_7,peytonhendershot_dal_2022,dal_2022,peytonhendershot,60915,te,dal,1,43.9,0,9,0,0,0,0,0,0,0,0,0,0,0,0,0,0,0,0,0,0,0,0,0,0,0,7,2022,7
noahfant_sea_2022_7,sea_2022_7,noahfant_sea_2022,sea_2022,noahfant,42388,te,sea,1,41.9,0,29,0,0,0,0,0,0,0,0,0,0,0,0,0,0,0,0,0,0,0,0,0,0,0,7,2022,7
jakeferguson_dal_2022_7,dal_2022_7,jakeferguson_dal_2022,dal_2022,jakeferguson,61081,te,dal,1,50.0,0,9,0,0,0,0,0,0,0,0,0,0,0,0,0,0,0,0,0,0,0,0,0,0,0,7,2022,7
kylepitts_atl_2022_7,atl_2022_7,kylepitts_atl_2022,atl_2022,kylepitts,83964,te,atl,1,51.5,0,2,0,0,0,0,0,0,0,0,0,0,0,0,0,0,0,0,0,0,0,0,0,0,0,7,2022,7
hunterlong_mia_2022_7,mia_2022_7,hunterlong_mia_2022,mia_2022,hunterlong,60859,te,mia,1,77.3,0,17,0,0,0,0,0,0,0,0,0,0,0,0,0,0,0,0,0,0,0,0,0,0,0,7,2022,7
georgekittle_sf_2022_7,sf_2022_7,georgekittle_sf_2022,sf_2022,georgekittle,11901,te,sf,1,27.1,0,28,0,0,0,0,0,0,0,0,0,0,0,0,0,0,0,0,0,0,0,0,0,0,0,7,2022,7
jpholtz_no_2022_7,no_2022_7,jpholtz_no_2022,no_2022,jpholtz,11062,te,no,1,65.2,0,20,0,0,0,0,0,0,0,0,0,0,0,0,0,0,0,0,0,0,0,0,0,0,0,7,2022,7
mycolepruitt_atl_2022_7,atl_2022_7,mycolepruitt_atl_2022,atl_2022,mycolepruitt,9576,te,atl,1,93.8,0,2,0,0,0,0,0,0,0,0,0,0,0,0,0,0,0,0,0,0,0,0,0,0,0,7,2022,7
ianthomas_car_2022_7,car_2022_7,ianthomas_car_2022,car_2022,ianthomas,42130,te,car,1,65.2,0,5,0,0,0,0,0,0,0,0,0,0,0,0,0,0,0,0,0,0,0,0,0,0,0,7,2022,7
wyattteller_cle_2022_7,cle_2022_7,wyattteller_cle_2022,cle_2022,wyattteller,46131,g,cle,1,100.0,0,8,0,0,0,0,0,0,0,0,0,0,0,0,0,0,0,0,0,0,0,0,0,0,0,7,2022,7
armanirogers_was_2022_7,was_2022_7,armanirogers_was_2022,was_2022,armanirogers,40034,te,was,1,77.8,0,32,0,0,0,0,0,0,0,0,0,0,0,0,0,0,0,0,0,0,0,0,0,0,0,7,2022,7
kokieft_tb_2022_7,tb_2022_7,kokieft_tb_2022,tb_2022,kokieft,41372,te,tb,1,72.2,0,30,0,0,0,0,0,0,0,0,0,0,0,0,0,0,0,0,0,0,0,0,0,0,0,7,2022,7
moaliecox_ind_2022_7,ind_2022_7,moaliecox_ind_2022,ind_2022,moaliecox,12078,te,ind,1,42.9,0,14,0,0,0,0,0,0,0,0,0,0,0,0,0,0,0,0,0,0,0,0,0,0,0,7,2022,7
geraldeverett_lac_2022_7,lac_2022_7,geraldeverett_lac_2022,lac_2022,geraldeverett,11799,te,lac,1,23.5,0,27,0,0,0,0,0,0,0,0,0,0,0,0,0,0,0,0,0,0,0,0,0,0,0,7,2022,7
colbyparkinson_sea_2022_7,sea_2022_7,colbyparkinson_sea_2022,sea_2022,colbyparkinson,52266,te,sea,1,50.0,0,29,0,0,0,0,0,0,0,0,0,0,0,0,0,0,0,0,0,0,0,0,0,0,0,7,2022,7
connorheyward_pit_2022_7,pit_2022_7,connorheyward_pit_2022,pit_2022,connorheyward,57301,te,pit,1,40.0,0,25,0,0,0,0,0,0,0,0,0,0,0,0,0,0,0,0,0,0,0,0,0,0,0,7,2022,7
treymcbride_ari_2022_7,ari_2022_7,treymcbride_ari_2022,ari_2022,treymcbride,75916,te,ari,1,57.1,0,1,0,0,0,0,0,0,0,0,0,0,0,0,0,0,0,0,0,0,0,0,0,0,0,7,2022,7
gregdulcich_den_2022_7,den_2022_7,gregdulcich_den_2022,den_2022,gregdulcich,84068,te,den,1,29.3,0,10,0,0,0,0,0,0,0,0,0,0,0,0,0,0,0,0,0,0,0,0,0,0,0,7,2022,7
bernhardraimann_ind_2022_7,ind_2022_7,bernhardraimann_ind_2022,ind_2022,bernhardraimann,77948,t,ind,1,100.0,0,14,0,0,0,0,0,0,0,0,0,0,0,0,0,0,0,0,0,0,0,0,0,0,0,7,2022,7
irvsmithjr_min_2022_7,min_2022_7,irvsmithjr_min_2022,min_2022,irvsmithjr,42060,te,min,1,33.3,0,18,0,0,0,0,0,0,0,0,0,0,0,0,0,0,0,0,0,0,0,0,0,0,0,7,2022,7
josholiver_bal_2022_7,bal_2022_7,josholiver_bal_2022,bal_2022,josholiver,47083,te,bal,1,52.4,0,3,0,0,0,0,0,0,0,0,0,0,0,0,0,0,0,0,0,0,0,0,0,0,0,7,2022,7
blakehance_sf_2022_7,sf_2022_7,blakehance_sf_2022,sf_2022,blakehance,46301,g,sf,1,100.0,0,28,0,0,0,0,0,0,0,0,0,0,0,0,0,0,0,0,0,0,0,0,0,0,0,7,2022,7
tommytremble_car_2022_7,car_2022_7,tommytremble_car_2022,car_2022,tommytremble,84025,te,car,1,45.8,0,5,0,0,0,0,0,0,0,0,0,0,0,0,0,0,0,0,0,0,0,0,0,0,0,7,2022,7
erictomlinson_den_2022_7,den_2022_7,erictomlinson_den_2022,den_2022,erictomlinson,9786,te,den,1,68.8,0,10,0,0,0,0,0,0,0,0,0,0,0,0,0,0,0,0,0,0,0,0,0,0,0,7,2022,7
traviskelce_kc_2022_7,kc_2022_7,traviskelce_kc_2022,kc_2022,traviskelce,7844,te,kc,1,19.2,0,16,0,0,0,0,0,0,0,0,0,0,0,0,0,0,0,0,0,0,0,0,0,0,0,7,2022,7
jameshudson_cle_2022_7,cle_2022_7,jameshudson_cle_2022,cle_2022,jameshudson,59854,t,cle,1,100.0,0,8,0,0,0,0,0,0,0,0,0,0,0,0,0,0,0,0,0,0,0,0,0,0,0,7,2022,7
noahgray_kc_2022_7,kc_2022_7,noahgray_kc_2022,kc_2022,noahgray,60878,te,kc,1,35.7,0,16,0,0,0,0,0,0,0,0,0,0,0,0,0,0,0,0,0,0,0,0,0,0,0,7,2022,7
trevonwesco_chi_2022_7,chi_2022_7,trevonwesco_chi_2022,chi_2022,trevonwesco,42018,te,chi,1,62.5,0,6,0,0,0,0,0,0,0,0,0,0,0,0,0,0,0,0,0,0,0,0,0,0,0,7,2022,7
kendallblanton_lar_2022_7,lar_2022_7,kendallblanton_lar_2022,lar_2022,kendallblanton,47311,te,lar,1,90.0,0,26,0,0,0,0,0,0,0,0,0,0,0,0,0,0,0,0,0,0,0,0,0,0,0,7,2022,7
josephnoteboom_lar_2022_7,lar_2022_7,josephnoteboom_lar_2022,lar_2022,josephnoteboom,46249,t,lar,1,100.0,0,26,0,0,0,0,0,0,0,0,0,0,0,0,0,0,0,0,0,0,0,0,0,0,0,7,2022,7
michaelschofieldiii_chi_2022_7,chi_2022_7,michaelschofieldiii_chi_2022,chi_2022,michaelschofieldiii,8730,g,chi,1,100.0,0,6,0,0,0,0,0,0,0,0,0,0,0,0,0,0,0,0,0,0,0,0,0,0,0,7,2022,7
pharaohbrown_cle_2022_7,cle_2022_7,pharaohbrown_cle_2022,cle_2022,pharaohbrown,12247,te,cle,1,36.8,0,8,0,0,0,0,0,0,0,0,0,0,0,0,0,0,0,0,0,0,0,0,0,0,0,7,2022,7
roberttonyan_gb_2022_7,gb_2022_7,roberttonyan_gb_2022,gb_2022,roberttonyan,12193,te,gb,1,15.2,0,12,0,0,0,0,0,0,0,0,0,0,0,0,0,0,0,0,0,0,0,0,0,0,0,7,2022,7
tommysweeney_buf_2022_7,buf_2022_7,tommysweeney_buf_2022,buf_2022,tommysweeney,47216,te,buf,1,87.5,0,4,0,0,0,0,0,0,0,0,0,0,0,0,0,0,0,0,0,0,0,0,0,0,0,7,2022,7
haydenhurst_cin_2022_7,cin_2022_7,haydenhurst_cin_2022,cin_2022,haydenhurst,47294,te,cin,1,17.5,0,7,0,0,0,0,0,0,0,0,0,0,0,0,0,0,0,0,0,0,0,0,0,0,0,7,2022,7
charliewoerner_sf_2022_7,sf_2022_7,charliewoerner_sf_2022,sf_2022,charliewoerner,42257,te,sf,1,43.8,0,28,0,0,0,0,0,0,0,0,0,0,0,0,0,0,0,0,0,0,0,0,0,0,0,7,2022,7
donaldparham_lac_2022_7,lac_2022_7,donaldparham_lac_2022,lac_2022,donaldparham,91014,te,lac,1,36.8,0,27,0,0,0,0,0,0,0,0,0,0,0,0,0,0,0,0,0,0,0,0,0,0,0,7,2022,7
harrisonbryant_cle_2022_7,cle_2022_7,harrisonbryant_cle_2022,cle_2022,harrisonbryant,26394,te,cle,1,28.0,0,8,0,0,0,0,0,0,0,0,0,0,0,0,0,0,0,0,0,0,0,0,0,0,0,7,2022,7
tyrephillips_nyg_2022_7,nyg_2022_7,tyrephillips_nyg_2022,nyg_2022,tyrephillips,59874,g,nyg,1,100.0,0,21,0,0,0,0,0,0,0,0,0,0,0,0,0,0,0,0,0,0,0,0,0,0,0,7,2022,7
cameronbrate_tb_2022_7,tb_2022_7,cameronbrate_tb_2022,tb_2022,cameronbrate,9207,te,tb,1,20.6,0,30,0,0,0,0,0,0,0,0,0,0,0,0,0,0,0,0,0,0,0,0,0,0,0,7,2022,7
brendenjaimes_lac_2022_7,lac_2022_7,brendenjaimes_lac_2022,lac_2022,brendenjaimes,59909,g,lac,1,100.0,0,27,0,0,0,0,0,0,0,0,0,0,0,0,0,0,0,0,0,0,0,0,0,0,0,7,2022,7
jelaniwoods_ind_2022_7,ind_2022_7,jelaniwoods_ind_2022,ind_2022,jelaniwoods,60509,te,ind,1,22.6,0,14,0,0,0,0,0,0,0,0,0,0,0,0,0,0,0,0,0,0,0,0,0,0,0,7,2022,7
grantcalcaterra_phi_2022_7,phi_2022_7,grantcalcaterra_phi_2022,phi_2022,grantcalcaterra,60997,te,phi,1,100.0,0,24,0,0,0,0,0,0,0,0,0,0,0,0,0,0,0,0,0,0,0,0,0,0,0,7,2022,7
seanmckeon_dal_2022_7,dal_2022_7,seanmckeon_dal_2022,dal_2022,seanmckeon,42266,te,dal,1,66.7,0,9,0,0,0,0,0,0,0,0,0,0,0,0,0,0,0,0,0,0,0,0,0,0,0,7,2022,7
giovanniricci_car_2022_7,car_2022_7,giovanniricci_car_2022,car_2022,giovanniricci,13756,te,car,1,100.0,0,5,0,0,0,0,0,0,0,0,0,0,0,0,0,0,0,0,0,0,0,0,0,0,0,7,2022,7
kylengranson_ind_2022_7,ind_2022_7,kylengranson_ind_2022,ind_2022,kylengranson,40630,te,ind,1,19.4,0,14,0,0,0,0,0,0,0,0,0,0,0,0,0,0,0,0,0,0,0,0,0,0,0,7,2022,7
lukefarrell_jax_2022_7,jax_2022_7,lukefarrell_jax_2022,jax_2022,lukefarrell,42353,te,jax,1,75.0,0,15,0,0,0,0,0,0,0,0,0,0,0,0,0,0,0,0,0,0,0,0,0,0,0,7,2022,7
nickboyle_bal_2022_7,bal_2022_7,nickboyle_bal_2022,bal_2022,nickboyle,9604,te,bal,1,100.0,0,3,0,0,0,0,0,0,0,0,0,0,0,0,0,0,0,0,0,0,0,0,0,0,0,7,2022,7
jakehanson_gb_2022_7,gb_2022_7,jakehanson_gb_2022,gb_2022,jakehanson,28148,g,gb,1,100.0,0,12,0,0,0,0,0,0,0,0,0,0,0,0,0,0,0,0,0,0,0,0,0,0,0,7,2022,7
mitchellwilcox_cin_2022_7,cin_2022_7,mitchellwilcox_cin_2022,cin_2022,mitchellwilcox,47234,te,cin,1,29.4,0,7,0,0,0,0,0,0,0,0,0,0,0,0,0,0,0,0,0,0,0,0,0,0,0,7,2022,7
landonyoung_no_2022_7,no_2022_7,landonyoung_no_2022,no_2022,landonyoung,41761,t,no,1,100.0,0,20,0,0,0,0,0,0,0,0,0,0,0,0,0,0,0,0,0,0,0,0,0,0,0,7,2022,7
mikegesicki_mia_2022_7,mia_2022_7,mikegesicki_mia_2022,mia_2022,mikegesicki,47153,te,mia,1,10.0,0,17,0,0,0,0,0,0,0,0,0,0,0,0,0,0,0,0,0,0,0,0,0,0,0,7,2022,7
tylerdavis_gb_2022_7,gb_2022_7,tylerdavis_gb_2022,gb_2022,tylerdavis,47743,te,gb,1,80.0,0,12,0,0,0,0,0,0,0,0,0,0,0,0,0,0,0,0,0,0,0,0,0,0,0,7,2022,7
kennyyeboah_nyj_2022_7,nyj_2022_7,kennyyeboah_nyj_2022,nyj_2022,kennyyeboah,42196,te,nyj,1,100.0,0,22,0,0,0,0,0,0,0,0,0,0,0,0,0,0,0,0,0,0,0,0,0,0,0,7,2022,7
tannerhudson_nyg_2022_7,nyg_2022_7,tannerhudson_nyg_2022,nyg_2022,tannerhudson,66924,te,nyg,1,50.0,0,21,0,0,0,0,0,0,0,0,0,0,0,0,0,0,0,0,0,0,0,0,0,0,0,7,2022,7
yoshnijman_gb_2022_7,gb_2022_7,yoshnijman_gb_2022,gb_2022,yoshnijman,60822,t,gb,1,100.0,0,12,0,0,0,0,0,0,0,0,0,0,0,0,0,0,0,0,0,0,0,0,0,0,0,7,2022,7
joshuaezeudu_nyg_2022_7,nyg_2022_7,joshuaezeudu_nyg_2022,nyg_2022,joshuaezeudu,77355,g,nyg,1,100.0,0,21,0,0,0,0,0,0,0,0,0,0,0,0,0,0,0,0,0,0,0,0,0,0,0,7,2022,7
jasonpeters_dal_2022_7,dal_2022_7,jasonpeters_dal_2022,dal_2022,jasonpeters,2148,g,dal,1,100.0,0,9,0,0,0,0,0,0,0,0,0,0,0,0,0,0,0,0,0,0,0,0,0,0,0,7,2022,7
mattfarniok_dal_2022_7,dal_2022_7,mattfarniok_dal_2022,dal_2022,mattfarniok,41585,g,dal,1,100.0,0,9,0,0,0,0,0,0,0,0,0,0,0,0,0,0,0,0,0,0,0,0,0,0,0,7,2022,7
iosuaopeta_phi_2022_7,phi_2022_7,iosuaopeta_phi_2022,phi_2022,iosuaopeta,45110,g,phi,1,100.0,0,24,0,0,0,0,0,0,0,0,0,0,0,0,0,0,0,0,0,0,0,0,0,0,0,7,2022,7
josiahdeguara_gb_2022_7,gb_2022_7,josiahdeguara_gb_2022,gb_2022,josiahdeguara,47034,te,gb,1,60.0,0,12,0,0,0,0,0,0,0,0,0,0,0,0,0,0,0,0,0,0,0,0,0,0,0,7,2022,7
brycenhopkins_lar_2022_7,lar_2022_7,brycenhopkins_lar_2022,lar_2022,brycenhopkins,47338,te,lar,1,33.3,0,26,0,0,0,0,0,0,0,0,0,0,0,0,0,0,0,0,0,0,0,0,0,0,0,7,2022,7
tannerconner_mia_2022_7,mia_2022_7,tannerconner_mia_2022,mia_2022,tannerconner,22777,te,mia,1,33.3,0,17,0,0,0,0,0,0,0,0,0,0,0,0,0,0,0,0,0,0,0,0,0,0,0,7,2022,7
quintinmorris_buf_2022_7,buf_2022_7,quintinmorris_buf_2022,buf_2022,quintinmorris,61182,te,buf,1,25.0,0,4,0,0,0,0,0,0,0,0,0,0,0,0,0,0,0,0,0,0,0,0,0,0,0,7,2022,7
walkerlittle_jax_2022_7,jax_2022_7,walkerlittle_jax_2022,jax_2022,walkerlittle,52287,t,jax,1,100.0,0,15,0,0,0,0,0,0,0,0,0,0,0,0,0,0,0,0,0,0,0,0,0,0,0,7,2022,7
joefortson_kc_2022_7,kc_2022_7,joefortson_kc_2022,kc_2022,joefortson,94384,te,kc,1,14.3,0,16,0,0,0,0,0,0,0,0,0,0,0,0,0,0,0,0,0,0,0,0,0,0,0,7,2022,7
oliudoh_min_2022_7,min_2022_7,oliudoh_min_2022,min_2022,oliudoh,28394,t,min,1,100.0,0,18,0,0,0,0,0,0,0,0,0,0,0,0,0,0,0,0,0,0,0,0,0,0,0,7,2022,7
ryangriffin_chi_2022_7,chi_2022_7,ryangriffin_chi_2022,chi_2022,ryangriffin,7982,te,chi,1,66.7,0,6,0,0,0,0,0,0,0,0,0,0,0,0,0,0,0,0,0,0,0,0,0,0,0,7,2022,7
trentscott_pit_2022_7,pit_2022_7,trentscott_pit_2022,pit_2022,trentscott,24481,t,pit,1,100.0,0,25,0,0,0,0,0,0,0,0,0,0,0,0,0,0,0,0,0,0,0,0,0,0,0,7,2022,7
taysomhill_no_2022_7,no_2022_7,taysomhill_no_2022,no_2022,taysomhill,12112,te,no,1,13.3,0,20,0,0,0,0,0,0,0,0,0,0,0,0,0,0,0,0,0,0,0,0,0,0,0,7,2022,7
bobbyhart_buf_2022_7,buf_2022_7,bobbyhart_buf_2022,buf_2022,bobbyhart,9659,g,buf,1,100.0,0,4,0,0,0,0,0,0,0,0,0,0,0,0,0,0,0,0,0,0,0,0,0,0,0,7,2022,7
colevanlanen_jax_2022_7,jax_2022_7,colevanlanen_jax_2022,jax_2022,colevanlanen,41583,g,jax,1,100.0,0,15,0,0,0,0,0,0,0,0,0,0,0,0,0,0,0,0,0,0,0,0,0,0,0,7,2022,7
dannypinter_ind_2022_7,ind_2022_7,dannypinter_ind_2022,ind_2022,dannypinter,47339,g,ind,1,100.0,0,14,0,0,0,0,0,0,0,0,0,0,0,0,0,0,0,0,0,0,0,0,0,0,0,7,2022,7
fredjohnson_tb_2022_7,tb_2022_7,fredjohnson_tb_2022,tb_2022,fredjohnson,46951,t,tb,1,100.0,0,30,0,0,0,0,0,0,0,0,0,0,0,0,0,0,0,0,0,0,0,0,0,0,0,7,2022,7
devinasiasi_cin_2022_7,cin_2022_7,devinasiasi_cin_2022,cin_2022,devinasiasi,40294,te,cin,1,100.0,0,7,0,0,0,0,0,0,0,0,0,0,0,0,0,0,0,0,0,0,0,0,0,0,0,7,2022,7
stephensullivan_car_2022_7,car_2022_7,stephensullivan_car_2022,car_2022,stephensullivan,40411,te,car,1,25.0,0,5,0,0,0,0,0,0,0,0,0,0,0,0,0,0,0,0,0,0,0,0,0,0,0,7,2022,7
justinbethel_mia_2022_7,mia_2022_7,justinbethel_mia_2022,mia_2022,justinbethel,7654,cb,mia,1,100.0,0,17,0,0,0,0,0,0,0,0,0,0,0,0,0,0,0,0,0,0,0,0,0,0,0,7,2022,7
jchassenauer_pit_2022_7,pit_2022_7,jchassenauer_pit_2022,pit_2022,jchassenauer,45600,ol,pit,1,100.0,0,25,0,0,0,0,0,0,0,0,0,0,0,0,0,0,0,0,0,0,0,0,0,0,0,7,2022,7
isaiahlikely_bal_2022_7,bal_2022_7,isaiahlikely_bal_2022,bal_2022,isaiahlikely,83955,te,bal,1,7.7,0,3,0,0,0,0,0,0,0,0,0,0,0,0,0,0,0,0,0,0,0,0,0,0,0,7,2022,7
isaiahdunn_sea_2022_7,sea_2022_7,isaiahdunn_sea_2022,sea_2022,isaiahdunn,52129,cb,sea,1,100.0,0,29,0,0,0,0,0,0,0,0,0,0,0,0,0,0,0,0,0,0,0,0,0,0,0,7,2022,7
danarnold_jax_2022_7,jax_2022_7,danarnold_jax_2022,jax_2022,danarnold,51842,te,jax,1,50.0,0,15,0,0,0,0,0,0,0,0,0,0,0,0,0,0,0,0,0,0,0,0,0,0,0,7,2022,7
