Player,Team,Pos,Injury,Status,Est. Return
Jamal Adams,SEA,S,Knee,IR,Subscribers Only
Matt Adams,CHI,LB,Calf,IR,Subscribers Only
Rodney Adams,NYJ,WR,Illness,NFI-R,Subscribers Only
Paulson Adebo,NO,CB,Knee,Inactive,Subscribers Only
Olasunkanmi Adeniyi,TEN,LB,Neck,IR,Subscribers Only
Nelson Agholor,NE,WR,Hamstring,Questionable,Subscribers Only
Jamal Agnew,JAX,WR,Knee,Questionable,Subscribers Only
Cam Akers,LAR,RB,Personal,Questionable,Subscribers Only
Azeez Al-Shaair,SF,LB,Knee - MCL,IR,Subscribers Only
Otaro Alaka,FA,LB,Undisclosed,Questionable,Subscribers Only
Isaac Alarcon,FA,OT,Ankle,Questionable,Subscribers Only
Christian Albright,FA,LB,Undisclosed,Questionable,Subscribers Only
Mackensie Alexander,FA,CB,Groin,Questionable,Subscribers Only
Dee Alford,ATL,CB,Hamstring,Questionable,Subscribers Only
Brian Allen,LAR,C,Knee,Questionable,Subscribers Only
Christopher Allen,DEN,LB,Foot,IR,Subscribers Only
Keenan Allen,LAC,WR,Hamstring,Questionable,Subscribers Only
Tremayne Anchrum,LAR,OT,Lower Leg,IR,Subscribers Only
Darius Anderson,HOU,RB,Knee,IR,Subscribers Only
Henry Anderson,CAR,DE,Elbow,Questionable,Subscribers Only
Tycen Anderson,CIN,S,Hamstring,IR,Subscribers Only
Mark Andrews,BAL,TE,Knee,Questionable,Subscribers Only
Ezekiel Ansah,FA,DE,Biceps,Questionable,Subscribers Only
Andre Anthony,FA,LB,Undisclosed,Out,Subscribers Only
Arik Armstead,SF,DE,Foot,Questionable,Subscribers Only
Terron Armstead,MIA,OT,Toe,Questionable,Subscribers Only
Jaytlin Askew,FA,CB,Quadriceps,Questionable,Subscribers Only
Antony Auclair,FA,TE,Knee,Questionable,Subscribers Only
Calvin Austin,PIT,WR,Foot,IR-R,Subscribers Only
Anthony Averett,LV,CB,Thumb,IR-R,Subscribers Only
C. J. Avery,FA,LB,Undisclosed,Questionable,Subscribers Only
Joe Bachie,CIN,LB,Knee - ACL,PUP-R,Subscribers Only
Jerome Baker,MIA,LB,Hip,Questionable,Subscribers Only
David Bakhtiari,GB,OT,Knee,Questionable,Subscribers Only
Eric Banks,FA,DT,Undisclosed,Questionable,Subscribers Only
Saquon Barkley,NYG,RB,Shoulder,Questionable,Subscribers Only
Christian Barmore,NE,DT,Knee,Questionable,Subscribers Only
Kenjon Barner,FA,RB,Undisclosed,Questionable,Subscribers Only
Krys Barnes,GB,LB,Ankle,IR,Subscribers Only
Derek Barnett,PHI,DE,Knee - ACL,IR,Subscribers Only
Ben Bartch,JAX,OG,Knee,IR,Subscribers Only
Tarell Basham,DAL,DE,Thigh,IR-R,Subscribers Only
Essang Bassey,DEN,CB,Hamstring,Out,Subscribers Only
Rashod Bateman,BAL,WR,Foot,Questionable,Subscribers Only
John Bates,WAS,TE,Hamstring,Questionable,Subscribers Only
Nick Bawden,NYJ,FB,Undisclosed,IR,Subscribers Only
Evan Baylis,FA,TE,Ankle,Questionable,Subscribers Only
Darrian Beavers,NYG,LB,Knee - ACL,IR,Subscribers Only
Willie Beavers,FA,OG,Undisclosed,Questionable,Subscribers Only
Nate Becker,FA,TE,Undisclosed,Questionable,Subscribers Only
Odell Beckham,FA,WR,Knee - ACL,Questionable,Subscribers Only
Mekhi Becton,NYJ,OT,Kneecap,IR,Subscribers Only
Blake Bell,KC,TE,Hip,IR,Subscribers Only
Greg Bell,DET,RB,Hamstring,IR,Subscribers Only
B.J. Bello,FA,LB,Ankle,Questionable,Subscribers Only
Giovani Bernard,TB,RB,Ankle,IR,Subscribers Only
Jared Bernhardt,ATL,WR,Groin,Questionable,Subscribers Only
Braxton Berrios,NYJ,WR,Back,Questionable,Subscribers Only
Vince Biegel,BAL,LB,Achilles,IR,Subscribers Only
Chris Board,DET,LB,Knee,Questionable,Subscribers Only
Jacob Bobenmoyer,DEN,C,Thumb,IR,Subscribers Only
Ike Boettger,BUF,OG,Achilles,PUP-R,Subscribers Only
Slade Bolden,FA,WR,Undisclosed,Questionable,Subscribers Only
Garett Bolles,DEN,OT,Leg,IR,Subscribers Only
Devante Bond,DAL,LB,Knee,IR,Subscribers Only
Joey Bosa,LAC,LB,Groin,IR,Subscribers Only
Nick Bosa,SF,DE,Groin,Questionable,Subscribers Only
Kendrick Bourne,NE,WR,Toe,Questionable,Subscribers Only
Tyus Bowser,BAL,LB,Achilles,PUP-R,Subscribers Only
Ben Braden,FA,OG,Undisclosed,Questionable,Subscribers Only
Cameron Brate,TB,TE,Neck,Questionable,Subscribers Only
Brady Breeze,FA,S,Undisclosed,Questionable,Subscribers Only
Shemar Bridges,FA,WR,Undisclosed,Questionable,Subscribers Only
Beau Brinkley,ATL,C,Undisclosed,IR,Subscribers Only
Justin Britt,HOU,C,Personal,NFI-R,Subscribers Only
Gabe Brkic,FA,K,Hamstring,Questionable,Subscribers Only
Antonio Brown,FA,WR,Ankle,Questionable,Subscribers Only
Ben Brown,CIN,C,Biceps,IR,Subscribers Only
Bobby Brown,LAR,DT,Ankle,Questionable,Subscribers Only
Daniel Brown,FA,TE,Hip,Questionable,Subscribers Only
Duane Brown,NYJ,OT,Shoulder,Questionable,Subscribers Only
Dyami Brown,WAS,WR,Groin,Questionable,Subscribers Only
Jayon Brown,LV,LB,Hamstring,Questionable,Subscribers Only
Marquise Brown,ARI,WR,Foot,IR,Subscribers Only
Mike Brown,FA,OG,Undisclosed,Questionable,Subscribers Only
Shakur Brown,FA,CB,Undisclosed,Questionable,Subscribers Only
Spencer Brown,BUF,OT,Foot,Questionable,Subscribers Only
Tre Brown,SEA,CB,Knee,PUP-R,Subscribers Only
Logan Bruss,LAR,OG,Knee - ACL + MCL,IR,Subscribers Only
Hunter Bryant,FA,TE,Undisclosed,Questionable,Subscribers Only
Bryan Bulaga,FA,OT,Back,Questionable,Subscribers Only
Ian Bunting,DAL,TE,Neck,IR,Subscribers Only
Treylon Burks,TEN,WR,Toe,IR,Subscribers Only
Artie Burns,SEA,CB,Groin,Questionable,Subscribers Only
Ben Burr-Kirven,SEA,LB,Knee - ACL,PUP-R,Subscribers Only
Matt Bushman,FA,TE,Collarbone,Questionable,Subscribers Only
Adam Butler,FA,DE,Undisclosed,Questionable,Subscribers Only
Malcolm Butler,FA,CB,Undisclosed,Questionable,Subscribers Only
Akial Byers,FA,DT,Undisclosed,Questionable,Subscribers Only
Jason Cabinda,DET,FB,Ankle,PUP-R,Subscribers Only
Yodny Cajuste,NE,OT,Thumb,IR,Subscribers Only
Antonio Callaway,FA,WR,Knee,Questionable,Subscribers Only
Calais Campbell,BAL,DE,Foot,Questionable,Subscribers Only
Chance Campbell,TEN,LB,Knee,IR,Subscribers Only
Ibraheim Campbell,FA,S,Ankle,Questionable,Subscribers Only
Trenton Cannon,TEN,RB,Knee,IR,Subscribers Only
Dylan Cantrell,FA,TE,Undisclosed,Questionable,Subscribers Only
Alex Cappa,CIN,OG,Illness,Questionable,Subscribers Only
Patrick Carr,FA,RB,Undisclosed,Questionable,Subscribers Only
Cethan Carter,MIA,TE,Concussion,IR,Subscribers Only
Jamal Carter,FA,S,Undisclosed,Questionable,Subscribers Only
Tory Carter,TEN,FB,Neck,Questionable,Subscribers Only
Tariq Castro-Fields,WAS,CB,Knee,Questionable,Subscribers Only
Quintez Cephus,DET,WR,Foot,IR,Subscribers Only
K'Lavon Chaisson,JAX,LB,Knee - Meniscus,IR,Subscribers Only
Sean Chandler,CAR,S,Hamstring,Questionable,Subscribers Only
Ty Chandler,MIN,RB,Thumb,IR,Subscribers Only
DJ Chark,DET,WR,Ankle,Questionable,Subscribers Only
Ja'Marr Chase,CIN,WR,Hip,Questionable,Subscribers Only
Jeremy Chinn,CAR,S,Hamstring,IR,Subscribers Only
DeMarcus Christmas,FA,DT,Undisclosed,Questionable,Subscribers Only
Jack Cichy,FA,LB,Arm,Questionable,Subscribers Only
Lewis Cine,MIN,S,Leg,IR,Subscribers Only
Damone Clark,DAL,LB,Back,NFI-R,Subscribers Only
Darius Clark,FA,RB,Knee,Questionable,Subscribers Only
Ben Cleveland,BAL,OG,Foot,Questionable,Subscribers Only
Tyrie Cleveland,DEN,WR,Shoulder,Questionable,Subscribers Only
Kameron Cline,FA,DT,Concussion,Questionable,Subscribers Only
Jadeveon Clowney,CLE,DE,Ankle,Questionable,Subscribers Only
Randall Cobb,GB,WR,Ankle,Out,Subscribers Only
Tarik Cohen,FA,RB,Achilles,Out,Subscribers Only
L.J. Collier,SEA,DE,Elbow,IR-R,Subscribers Only
Alex Collins,FA,RB,Abdomen,Questionable,Subscribers Only
John Cominsky,DET,DT,Wrist,Questionable,Subscribers Only
Tom Compton,DEN,OT,Back,PUP-R,Subscribers Only
Jack Conklin,CLE,OT,Ankle,Questionable,Subscribers Only
Gareon Conley,FA,CB,Ankle,Questionable,Subscribers Only
James Conner,ARI,RB,Ribs,Inactive,Subscribers Only
Cody Conway,FA,OT,Knee - ACL,Questionable,Subscribers Only
Bryan Cook,KC,S,Concussion,Questionable,Subscribers Only
Cody Core,FA,WR,Undisclosed,Questionable,Subscribers Only
Jashon Cornell,FA,DT,Undisclosed,Questionable,Subscribers Only
Matt Corral,CAR,QB,Foot,IR,Subscribers Only
Samuel Cosmi,WAS,OT,Finger,Questionable,Subscribers Only
Nathan Cottrell,FA,RB,Undisclosed,Questionable,Subscribers Only
Keke Coutee,IND,WR,Concussion,Questionable,Subscribers Only
Rashaad Coward,FA,OG,Undisclosed,Questionable,Subscribers Only
Damarea Crockett,DEN,RB,Knee - ACL,IR,Subscribers Only
Tyrell Crosby,FA,OT,Back,Questionable,Subscribers Only
Keion Crossen,MIA,CB,Knee,Questionable,Subscribers Only
Jamison Crowder,BUF,WR,Ankle,IR,Subscribers Only
Isaiah Crowell,FA,RB,Achilles,Questionable,Subscribers Only
Zach Cunningham,TEN,LB,Elbow,Questionable,Subscribers Only
Tae Daley,ARI,S,Undisclosed,IR,Subscribers Only
Mike Danna,KC,DE,Calf,Questionable,Subscribers Only
Ronald Darby,DEN,CB,Knee,IR,Subscribers Only
Sam Darnold,CAR,QB,Ankle,IR-R,Subscribers Only
D.J. Davidson,NYG,DT,Knee - ACL,IR,Subscribers Only
Marlon Davidson,ATL,DT,Knee,IR,Subscribers Only
Ashtyn Davis,NYJ,S,Hamstring,Questionable,Subscribers Only
Carlton Davis,TB,CB,Hip,Questionable,Subscribers Only
Cody Davis,NE,S,Knee,IR,Subscribers Only
Danny Davis,FA,WR,Ankle,Questionable,Subscribers Only
Kalia Davis,SF,DT,Undisclosed,NFI-R,Subscribers Only
Nate Davis,TEN,OG,Knee,Questionable,Subscribers Only
Quartney Davis,FA,WR,Shoulder,Questionable,Subscribers Only
Shawn Davis,FA,S,Abdomen,Questionable,Subscribers Only
Sheldon Day,FA,DT,Back,Questionable,Subscribers Only
Dawson Deaton,CLE,C,Knee - ACL,IR,Subscribers Only
Austin Deculus,HOU,OT,Ankle,Questionable,Subscribers Only
Trevor Denbow,IND,S,Undisclosed,IR,Subscribers Only
J.K. Dobbins,BAL,RB,Knee,Questionable,Subscribers Only
Jahan Dotson,WAS,WR,Hamstring,Questionable,Subscribers Only
Rico Dowdle,DAL,RB,Ankle,IR,Subscribers Only
Tommy Doyle,BUF,OT,Knee - ACL,IR,Subscribers Only
Dakota Dozier,CHI,OG,Knee - ACL,IR,Subscribers Only
Josh Drayden,FA,CB,Undisclosed,Questionable,Subscribers Only
Ashton Dulin,IND,WR,Foot,IR,Subscribers Only
Isaiah Dunn,SEA,CB,Hamstring,Questionable,Subscribers Only
Cobie Durant,LAR,CB,Hamstring,Questionable,Subscribers Only
Michael Dwumfour,HOU,DE,Undisclosed,IR,Subscribers Only
Jerrion Ealy,FA,RB,Suspension,Out,Subscribers Only
Nate Ebner,FA,S,Ankle,Questionable,Subscribers Only
Samson Ebukam,SF,DE,Achilles,Questionable,Subscribers Only
David Edwards,LAR,OG,Concussion,IR,Subscribers Only
Gus Edwards,BAL,RB,Knee - ACL,PUP-R,Subscribers Only
Sam Eguavoen,MIA,LB,Illness,Questionable,Subscribers Only
Milo Eifler,WAS,LB,Hamstring,IR,Subscribers Only
Duke Ejiofor,FA,LB,Undisclosed,Questionable,Subscribers Only
Pat Elflein,CAR,C,Hip,Questionable,Subscribers Only
Ben Ellefson,MIN,TE,Groin,IR,Subscribers Only
Alex Ellis,FA,TE,Undisclosed,Questionable,Subscribers Only
Noah Elliss,FA,DT,Undisclosed,Questionable,Subscribers Only
Donnie Ernsberger,FA,TE,Undisclosed,Questionable,Subscribers Only
Tyler Ervin,FA,RB,Foot,Questionable,Subscribers Only
Drew Estrada,FA,WR,Leg,Questionable,Subscribers Only
Jequez Ezzard,FA,WR,Undisclosed,Questionable,Subscribers Only
George Fant,NYJ,OT,Knee,IR,Subscribers Only
Folorunso Fatukasi,JAX,DT,Quadriceps,Questionable,Subscribers Only
Simi Fehoko,DAL,WR,Shoulder,IR,Subscribers Only
Jon Feliciano,NYG,OG,Groin,Questionable,Subscribers Only
Rashad Fenton,KC,CB,Hamstring,Questionable,Subscribers Only
Sharif Finch,FA,LB,Undisclosed,Questionable,Subscribers Only
B.J. Finney,FA,OG,Back,Questionable,Subscribers Only
John FitzPatrick,ATL,TE,Undisclosed,IR,Subscribers Only
Cor'Dale Flott,NYG,CB,Calf,Questionable,Subscribers Only
Trey Flowers,MIA,LB,Foot,IR,Subscribers Only
Dee Ford,FA,DE,Back,Questionable,Subscribers Only
Jerome Ford,CLE,RB,Ankle,IR,Subscribers Only
L.J. Fort,FA,LB,Knee - ACL,Questionable,Subscribers Only
Robert Foster,FA,WR,Hamstring,Questionable,Subscribers Only
John Franklin,FA,WR,Knee - ACL,Questionable,Subscribers Only
Pat Freiermuth,PIT,TE,Concussion,Questionable,Subscribers Only
Jordan Fuller,LAR,S,Hamstring,IR,Subscribers Only
Kyle Fuller,BAL,CB,Knee - ACL,IR,Subscribers Only
Will Fuller,FA,WR,Finger,Questionable,Subscribers Only
Lamont Gaillard,FA,C,Calf,Questionable,Subscribers Only
Tipa Galeai,GB,LB,Hamstring,IR,Subscribers Only
Max Garcia,ARI,C,Shoulder,Questionable,Subscribers Only
Jamell Garcia-Williams,FA,DE,Undisclosed,Questionable,Subscribers Only
Dennis Gardeck,ARI,LB,Ankle,Inactive,Subscribers Only
Ben Garland,FA,C,Calf,Questionable,Subscribers Only
Myles Garrett,CLE,DE,Shoulder,Questionable,Subscribers Only
Nick Gates,NYG,C,Lower Leg,PUP-R,Subscribers Only
Nate Gerry,FA,LB,Undisclosed,Questionable,Subscribers Only
Cam Gill,TB,LB,Foot,IR,Subscribers Only
Jordan Glasgow,FA,LB,Undisclosed,Questionable,Subscribers Only
Kenny Golladay,NYG,WR,Knee - MCL,Questionable,Subscribers Only
Matt Gono,FA,OT,Neck,Questionable,Subscribers Only
Zane Gonzalez,CAR,K,Groin,IR,Subscribers Only
Derrick Gore,FA,RB,Thumb,Questionable,Subscribers Only
Jaeden Graham,FA,TE,Undisclosed,Questionable,Subscribers Only
Isaiah Graham-Mobley,FA,LB,Undisclosed,Questionable,Subscribers Only
Jakeem Grant,CLE,WR,Achilles,IR,Subscribers Only
Virgil Green,FA,TE,Ankle,Questionable,Subscribers Only
Jonathan Greenard,HOU,DE,Calf,Questionable,Subscribers Only
Raven Greene,FA,S,Undisclosed,Questionable,Subscribers Only
Ethan Greenidge,NO,OT,Knee,IR,Subscribers Only
Randy Gregory,DEN,LB,Knee - Meniscus,IR,Subscribers Only
Everson Griffen,FA,DE,Personal,Questionable,Subscribers Only
Shaquill Griffin,JAX,CB,Back,Questionable,Subscribers Only
Trevon Grimes,FA,WR,Undisclosed,Questionable,Subscribers Only
Ryan Groy,FA,OG,Triceps,Questionable,Subscribers Only
Jeff Gunter,CIN,DE,Knee,Questionable,Subscribers Only
Vitaliy Gurman,FA,OG,Undisclosed,Out,Subscribers Only
Porter Gustin,FA,LB,Undisclosed,Out,Subscribers Only
Lawrence Guy,NE,DE,Shoulder,Questionable,Subscribers Only
Jalen Guyton,LAC,WR,Knee - ACL,IR,Subscribers Only
Joe Haeg,CLE,OT,Concussion,Questionable,Subscribers Only
Grant Haley,LAR,CB,Knee - ACL,IR,Subscribers Only
Emanuel Hall,FA,WR,Achilles,Questionable,Subscribers Only
Terez Hall,FA,LB,Undisclosed,Questionable,Subscribers Only
DaeSean Hamilton,FA,WR,Knee,Questionable,Subscribers Only
DaVon Hamilton,JAX,DT,Foot,Questionable,Subscribers Only
Saquan Hampton,FA,S,Achilles,Questionable,Subscribers Only
Da'Shawn Hand,TEN,DT,Quadriceps,IR,Subscribers Only
Jake Hanson,GB,C,Biceps,Questionable,Subscribers Only
Tre Harbison,FA,RB,Concussion,Questionable,Subscribers Only
Daniel Hardy,LAR,LB,Ankle,IR,Subscribers Only
Charles Harris,DET,DE,Groin,Questionable,Subscribers Only
Christian Harris,HOU,LB,Hamstring,IR-R,Subscribers Only
Clark Harris,CIN,C,Biceps,IR,Subscribers Only
Dwayne Harris,FA,WR,Triceps,Questionable,Subscribers Only
Nick Harris,CLE,C,Knee,IR,Subscribers Only
Trent Harris,FA,LB,Undisclosed,Questionable,Subscribers Only
Will Harris,DET,CB,Hip,Questionable,Subscribers Only
Penny Hart,SEA,WR,Hamstring,Questionable,Subscribers Only
Montre Hartage,FA,S,Undisclosed,Questionable,Subscribers Only
Deonte Harty,NO,WR,Foot,IR,Subscribers Only
Kolby Harvell-Peel,FA,S,Hamstring,Questionable,Subscribers Only
Jerald Hawkins,FA,OT,Undisclosed,Questionable,Subscribers Only
Daelin Hayes,BAL,LB,Undisclosed,IR,Subscribers Only
Marquis Hayes,ARI,OG,Knee,IR,Subscribers Only
Casey Hayward,ATL,CB,Shoulder,IR,Subscribers Only
Joel Heath,FA,DE,Knee - ACL,Questionable,Subscribers Only
CJ Henderson,CAR,CB,Concussion,Questionable,Subscribers Only
Thomas Hennigan,MIN,WR,Undisclosed,IR,Subscribers Only
Chandon Herring,FA,OG,Undisclosed,Questionable,Subscribers Only
Frank Herron,FA,DE,Undisclosed,Questionable,Subscribers Only
Justin Herron,LV,OT,Knee,IR,Subscribers Only
Akiem Hicks,TB,DT,Foot,Questionable,Subscribers Only
Kylin Hill,GB,RB,Knee - ACL,PUP-R,Subscribers Only
Troy Hill,LAR,CB,Groin,IR,Subscribers Only
Nyheim Hines,IND,RB,Concussion,Questionable,Subscribers Only
Nate Hobbs,LV,CB,Hand,IR,Subscribers Only
Jared Hocker,FA,OG,Undisclosed,Questionable,Subscribers Only
Darius Hodge,FA,LB,Undisclosed,Questionable,Subscribers Only
Curtis Hodges,WAS,TE,Thigh,IR,Subscribers Only
Mack Hollins,LV,WR,Heel,Questionable,Subscribers Only
Elijah Holyfield,CIN,RB,Knee,IR,Subscribers Only
Travis Homer,SEA,RB,Ribs,IR,Subscribers Only
Dustin Hopkins,LAC,K,Hamstring,Out,Subscribers Only
Jaycee Horn,CAR,CB,Ribs,Questionable,Subscribers Only
Justin Houston,BAL,LB,Groin,Questionable,Subscribers Only
Bug Howard,FA,TE,Undisclosed,Questionable,Subscribers Only
Travin Howard,LAR,LB,Groin,NFI-R,Subscribers Only
Brian Hoyer,NE,QB,Concussion,IR,Subscribers Only
Jonathan Hubbard,FA,OT,Undisclosed,Questionable,Subscribers Only
Rodney Hudson,ARI,C,Knee,Inactive,Subscribers Only
Tommy Hudson,FA,TE,Undisclosed,Questionable,Subscribers Only
Talanoa Hufanga,SF,S,Concussion,Questionable,Subscribers Only
Albert Huggins,NO,DT,Undisclosed,IR,Subscribers Only
Jalen Hurd,FA,WR,Knee,Questionable,Subscribers Only
Allen Hurns,FA,WR,Wrist,Questionable,Subscribers Only
Hayden Hurst,CIN,TE,Groin,Questionable,Subscribers Only
John Hurst,FA,WR,Ankle,Questionable,Subscribers Only
Maurice Hurst,SF,DT,Biceps,IR,Subscribers Only
Carlos Hyde,FA,RB,Concussion,Questionable,Subscribers Only
Micah Hyde,BUF,S,Neck,IR,Subscribers Only
Ishmael Hyman,FA,WR,Undisclosed,Questionable,Subscribers Only
George Iloka,FA,S,Knee - ACL,Questionable,Subscribers Only
Matt Ioannidis,CAR,DT,Neck,Questionable,Subscribers Only
Isaiah Irving,FA,LB,Back,Questionable,Subscribers Only
Daniel Isom,FA,S,Undisclosed,Questionable,Subscribers Only
Thomas Ives,FA,WR,Undisclosed,Questionable,Subscribers Only
Austin Jackson,MIA,OT,Ankle,IR-R,Subscribers Only
Branden Jackson,FA,DE,Spine,Questionable,Subscribers Only
Chris Jackson,TEN,CB,Undisclosed,IR,Subscribers Only
D'Marco Jackson,NO,LB,Undisclosed,IR,Subscribers Only
Donte Jackson,CAR,CB,Ankle,Questionable,Subscribers Only
Drake Jackson,SF,DE,Knee,Questionable,Subscribers Only
Gabe Jackson,SEA,OG,Knee,Questionable,Subscribers Only
Tyree Jackson,PHI,TE,Knee - ACL,PUP-R,Subscribers Only
Warren Jackson,FA,WR,Undisclosed,Questionable,Subscribers Only
William Jackson,WAS,CB,Back,Questionable,Subscribers Only
Jerry Jacobs,DET,CB,Knee - ACL,PUP-R,Subscribers Only
Ja'Wuan James,BAL,OT,Achilles,IR,Subscribers Only
Jesse James,CLE,TE,Biceps,IR,Subscribers Only
Kevin Jarvis,FA,OG,Undisclosed,Questionable,Subscribers Only
Blake Jarwin,FA,TE,Hip,Questionable,Subscribers Only
Quinton Jefferson,SEA,DT,Foot,Questionable,Subscribers Only
Tony Jefferson,NYG,S,Foot,IR,Subscribers Only
Van Jefferson,LAR,WR,Knee,IR,Subscribers Only
Jalen Jelks,FA,DE,Undisclosed,Questionable,Subscribers Only
Elgton Jenkins,GB,OT,Knee,Questionable,Subscribers Only
Jordan Jenkins,LV,DE,Knee - ACL,IR,Subscribers Only
Gary Jennings,FA,WR,Concussion,Questionable,Subscribers Only
Ryan Jensen,TB,C,Knee,IR,Subscribers Only
Josey Jewell,DEN,LB,Knee,Questionable,Subscribers Only
Josh Jobe,PHI,CB,Shoulder,Questionable,Subscribers Only
Bisi Johnson,MIN,WR,Knee - ACL,IR,Subscribers Only
Collin Johnson,NYG,WR,Achilles,IR,Subscribers Only
Darryl Johnson,SEA,LB,Ankle,IR,Subscribers Only
Jahmir Johnson,FA,OT,Undisclosed,Questionable,Subscribers Only
Jermaine Johnson,NYJ,DE,Ankle,Questionable,Subscribers Only
Josh Johnson,FA,RB,Undisclosed,Questionable,Subscribers Only
Lane Johnson,PHI,OT,Concussion,Questionable,Subscribers Only
Willie Johnson,JAX,WR,Undisclosed,IR,Subscribers Only
Brett Jones,FA,C,Biceps,Questionable,Subscribers Only
Byron Jones,MIA,CB,Ankle,PUP-R,Subscribers Only
Caleb Jones,GB,OT,Illness,NFI-R,Subscribers Only
Chris Jones,FA,P,Abdomen,Questionable,Subscribers Only
D.J. Jones,DEN,DT,Ankle,Questionable,Subscribers Only
Deion Jones,CLE,LB,Shoulder,IR-R,Subscribers Only
Devin Jones,FA,CB,Undisclosed,Questionable,Subscribers Only
Dre'Mont Jones,DEN,DE,Neck,Questionable,Subscribers Only
Jamarco Jones,TEN,OT,Elbow,IR,Subscribers Only
Joe Jones,TEN,LB,Knee,Questionable,Subscribers Only
Jonathan Jones,NE,CB,Ankle,Questionable,Subscribers Only
Julio Jones,TB,WR,Knee,Questionable,Subscribers Only
Mac Jones,NE,QB,Ankle,Questionable,Subscribers Only
Marvin Jones,JAX,WR,Hamstring,Questionable,Subscribers Only
Xavier Jones,FA,RB,Achilles,Questionable,Subscribers Only
Dion Jordan,FA,DE,Knee,Questionable,Subscribers Only
Karl Joseph,PIT,S,Ankle,IR,Subscribers Only
Michael Joseph,FA,CB,Undisclosed,Questionable,Subscribers Only
Sebastian Joseph-Day,LAC,DT,Ankle,Questionable,Subscribers Only
Matt Kaskey,FA,OT,Foot,Questionable,Subscribers Only
Damontae Kazee,PIT,S,Arm,IR-R,Subscribers Only
Joshua Kelley,LAC,RB,Knee - MCL,Questionable,Subscribers Only
Silas Kelly,FA,LB,Undisclosed,Questionable,Subscribers Only
Brandon King,FA,LB,Hamstring,Questionable,Subscribers Only
Javon Kinlaw,SF,DT,Knee,IR,Subscribers Only
Dre Kirkpatrick,FA,CB,Ankle,Questionable,Subscribers Only
Keith Kirkwood,FA,WR,Ankle,Questionable,Subscribers Only
Micah Kiser,LV,LB,Leg,IR,Subscribers Only
Kader Kohou,MIA,CB,Oblique,Questionable,Subscribers Only
Charlie Kolar,BAL,TE,Sports Hernia,IR-R,Subscribers Only
J.J. Koski,LAR,WR,Shoulder,IR,Subscribers Only
Tommy Kraemer,DET,OG,Back,IR,Subscribers Only
Doug Kramer,CHI,C,Lower Leg,IR,Subscribers Only
Jake Kumerow,BUF,WR,Ankle,Questionable,Subscribers Only
Bruno Labelle,FA,TE,Undisclosed,Questionable,Subscribers Only
Dayan Lake,FA,CB,Undisclosed,Questionable,Subscribers Only
Quentin Lake,LAR,S,Knee,PUP-R,Subscribers Only
Forrest Lamp,NO,OG,Undisclosed,IR,Subscribers Only
Tyler Lancaster,FA,DE,Undisclosed,Questionable,Subscribers Only
Trey Lance,SF,QB,Ankle,IR,Subscribers Only
Harold Landry,TEN,LB,Knee - ACL,IR,Subscribers Only
Jarvis Landry,NO,WR,Ankle,Inactive,Subscribers Only
Ted Larsen,FA,OG,Knee,Questionable,Subscribers Only
Cody Latimer,FA,WR,Personal,Reserve-CEL,Subscribers Only
Marshon Lattimore,NO,CB,Abdomen,Inactive,Subscribers Only
Nolan Laufenberg,FA,OG,Undisclosed,Out,Subscribers Only
Rashard Lawrence,ARI,DT,Shoulder,Questionable,Subscribers Only
DeMarvin Leal,PIT,DE,Knee,IR,Subscribers Only
Alex Leatherwood,CHI,OG,Illness,NFI-R,Subscribers Only
Cre'von LeBlanc,FA,CB,Undisclosed,Questionable,Subscribers Only
Darron Lee,FA,LB,Undisclosed,Questionable,Subscribers Only
Shane Lemieux,NYG,OG,Foot,IR,Subscribers Only
Lance Lenoir,FA,WR,Undisclosed,Questionable,Subscribers Only
Shaquille Leonard,IND,LB,Nose,Questionable,Subscribers Only
Taylor Lewan,TEN,OT,Knee,IR,Subscribers Only
Donnie Lewis,FA,CB,Undisclosed,Questionable,Subscribers Only
Tommylee Lewis,FA,WR,Hip,Questionable,Subscribers Only
Zane Lewis,FA,S,Undisclosed,Questionable,Subscribers Only
Corey Linsley,LAC,C,Illness,Questionable,Subscribers Only
Greg Little,MIA,OT,Achilles,Questionable,Subscribers Only
Cory Littleton,CAR,LB,Groin,Questionable,Subscribers Only
Damon Lloyd,LAC,LB,Undisclosed,IR,Subscribers Only
Tyler Lockett,SEA,WR,Hamstring,Questionable,Subscribers Only
Greg Long,FA,OT,Undisclosed,Questionable,Subscribers Only
Bryce Love,FA,RB,Knee,Questionable,Subscribers Only
John Lovett,MIA,FB,Undisclosed,IR,Subscribers Only
Jordan Lucas,FA,S,Knee,Questionable,Subscribers Only
Frankie Luvu,CAR,LB,Shoulder,Questionable,Subscribers Only
Alize Mack,FA,TE,Undisclosed,Questionable,Subscribers Only
Austin Mack,FA,WR,Hamstring,Questionable,Subscribers Only
Ledarius Mack,FA,LB,Undisclosed,Questionable,Subscribers Only
Cole Madison,FA,OG,Knee - ACL,Questionable,Subscribers Only
Kyle Markway,FA,TE,Undisclosed,Questionable,Subscribers Only
Cassius Marsh,FA,LB,Knee,Questionable,Subscribers Only
Justin Martin,FA,CB,Knee,Questionable,Subscribers Only
Kamal Martin,FA,LB,Undisclosed,Questionable,Subscribers Only
Marcus Martin,FA,C,Undisclosed,Questionable,Subscribers Only
Shaq Mason,TB,OG,Ankle,Questionable,Subscribers Only
Bobby Massie,FA,OT,Concussion,Questionable,Subscribers Only
Damarri Mathis,DEN,CB,Knee,Questionable,Subscribers Only
Phidarian Mathis,WAS,DT,Knee - Meniscus,IR,Subscribers Only
Jordan Matthews,SF,TE,Knee - ACL,IR,Subscribers Only
Baker Mayfield,CAR,QB,Ankle,Questionable,Subscribers Only
Jalen Mayfield,ATL,OG,Back,IR,Subscribers Only
Cole Mazza,FA,C,Shoulder,Questionable,Subscribers Only
Tyreik McAllister,FA,RB,Hamstring,Questionable,Subscribers Only
Tucker McCann,FA,K,Undisclosed,Questionable,Subscribers Only
Sincere McCormick,LV,RB,Undisclosed,IR,Subscribers Only
Gerald McCoy,FA,DT,Knee,Questionable,Subscribers Only
Trent McDuffie,KC,CB,Hamstring,IR-R,Subscribers Only
Codey McElroy,FA,TE,Foot,Questionable,Subscribers Only
Mike McGlinchey,SF,OT,Calf,Questionable,Subscribers Only
Marcus McKethan,NYG,OG,Knee - ACL,IR,Subscribers Only
Javon McKinley,FA,WR,Undisclosed,Questionable,Subscribers Only
Anthony McKinney,FA,OT,Undisclosed,Questionable,Subscribers Only
Colton McKivitz,SF,OT,Knee - MCL,IR,Subscribers Only
Sherrick McManis,FA,S,Hamstring,Questionable,Subscribers Only
Racey McMath,TEN,WR,Undisclosed,IR,Subscribers Only
Jeremy McNichols,PIT,RB,Shoulder,IR,Subscribers Only
Jake McQuaide,DAL,C,Triceps,IR,Subscribers Only
Tony McRae,FA,CB,Knee,Questionable,Subscribers Only
Torry McTyer,FA,CB,Knee - ACL,Questionable,Subscribers Only
Montrel Meander,FA,LB,Achilles,Questionable,Subscribers Only
Steven Means,BAL,LB,Achilles,IR,Subscribers Only
Quinn Meinerz,DEN,OG,Foot,Questionable,Subscribers Only
Ifeatu Melifonwu,DET,S,Ankle,Questionable,Subscribers Only
Obi Melifonwu,FA,S,Undisclosed,Questionable,Subscribers Only
Forrest Merrill,LAC,DT,Undisclosed,IR,Subscribers Only
John Metchie,HOU,WR,Illness,NFI-R,Subscribers Only
Joshua Miles,ARI,OT,Undisclosed,IR,Subscribers Only
Andre Miller,FA,TE,Wrist,Questionable,Subscribers Only
Anthony Miller,PIT,WR,Shoulder,IR,Subscribers Only
Elijah Mitchell,SF,RB,Knee - MCL,IR,Subscribers Only
Max Mitchell,NYJ,OT,Knee,IR,Subscribers Only
Osirus Mitchell,FA,WR,Quadriceps,Questionable,Subscribers Only
Taquan Mizzell,FA,WR,Undisclosed,Questionable,Subscribers Only
Elijah Molden,TEN,CB,Groin,IR,Subscribers Only
Donte Moncrief,FA,WR,Undisclosed,Questionable,Subscribers Only
Smoke Monday,NO,S,Knee - ACL,IR,Subscribers Only
Henry Mondeaux,FA,DE,Leg,Out,Subscribers Only
Ty Montgomery,NE,RB,Knee,IR,Subscribers Only
A.J. Moore,TEN,S,Ankle,IR,Subscribers Only
David Moore,FA,WR,Lower Leg,Questionable,Subscribers Only
J'Mon Moore,FA,WR,Undisclosed,Questionable,Subscribers Only
Jalin Moore,FA,RB,Ankle,Reserve-Ret,Subscribers Only
Foster Moreau,LV,TE,Knee,Questionable,Subscribers Only
Stanley Morgan,CIN,WR,Hamstring,Questionable,Subscribers Only
Emmanuel Moseley,SF,CB,Knee - ACL,IR,Subscribers Only
Morgan Moses,BAL,OT,Heel,Questionable,Subscribers Only
Jordan Mosley,FA,S,Undisclosed,Questionable,Subscribers Only
Taylor Moton,CAR,OT,Knee,Questionable,Subscribers Only
T.D. Moultry,FA,LB,Undisclosed,Questionable,Subscribers Only
Trayvon Mullen,ARI,CB,Hamstring,Inactive,Subscribers Only
Daniel Munyer,FA,C,Undisclosed,Questionable,Subscribers Only
Kyle Murphy,FA,OG,Ankle,Questionable,Subscribers Only
Sean Murphy-Bunting,TB,CB,Quadriceps,Questionable,Subscribers Only
Ryan Nall,FA,FB,Shoulder,Questionable,Subscribers Only
Isaac Nauta,FA,TE,Undisclosed,Questionable,Subscribers Only
Sharrod Neasman,FA,S,Undisclosed,Questionable,Subscribers Only
Nik Needham,MIA,CB,Achilles,IR,Subscribers Only
J.J. Nelson,FA,WR,Groin,Questionable,Subscribers Only
Matt Nelson,DET,OT,Calf,Questionable,Subscribers Only
Nick Nelson,FA,CB,Undisclosed,Questionable,Subscribers Only
Lucas Niang,KC,OT,Kneecap,PUP-R,Subscribers Only
Hardy Nickerson,FA,LB,Concussion,Questionable,Subscribers Only
Elijah Nkansah,FA,OT,Undisclosed,Questionable,Subscribers Only
Desmond Noel,FA,OG,Undisclosed,Questionable,Subscribers Only
Quinn Nordin,NE,K,Undisclosed,NFI-R,Subscribers Only
Jared Norris,FA,LB,Shoulder,Questionable,Subscribers Only
Joe Noteboom,LAR,OT,Achilles,IR,Subscribers Only
Carter O'Donnell,IND,OT,Undisclosed,IR,Subscribers Only
Nick O'Leary,FA,TE,Chest,Questionable,Subscribers Only
Leon O'Neal,FA,S,Undisclosed,Questionable,Subscribers Only
Chris Odom,CLE,DE,Knee - ACL,IR,Subscribers Only
Emmanuel Ogbah,MIA,DE,Back,Questionable,Subscribers Only
Andrew Ogletree,IND,TE,Knee - ACL,IR,Subscribers Only
David Ojabo,BAL,LB,Achilles,NFI-R,Subscribers Only
Azeez Ojulari,NYG,DE,Calf,Questionable,Subscribers Only
Chris Okoye,FA,DT,Undisclosed,Questionable,Subscribers Only
Russell Okung,FA,OT,Calf,Questionable,Subscribers Only
Romeo Okwara,DET,DE,Achilles,PUP-R,Subscribers Only
Sewo Olonilua,FA,FB,Neck,Questionable,Subscribers Only
Foye Oluokun,JAX,LB,Calf,Questionable,Subscribers Only
Mike Onwenu,NE,OT,Ankle,Questionable,Subscribers Only
Levi Onwuzurike,DET,DE,Back,IR,Subscribers Only
Joe Ostman,FA,DE,Undisclosed,Questionable,Subscribers Only
Tyler Ott,SEA,C,Shoulder,IR,Subscribers Only
Tanner Owen,FA,OT,Illness,Questionable,Subscribers Only
JoJo Ozougwu,FA,DE,Undisclosed,Questionable,Subscribers Only
Joshua Palmer,LAC,WR,Concussion,Questionable,Subscribers Only
Mike Panasiuk,FA,C,Undisclosed,Questionable,Subscribers Only
Matt Paradis,FA,C,Knee - ACL,Questionable,Subscribers Only
Andrew Parchment,FA,WR,Undisclosed,Questionable,Subscribers Only
Donald Parham,LAC,TE,Concussion,Questionable,Subscribers Only
Brandon Parker,LV,OT,Triceps,IR,Subscribers Only
Josh Paschal,DET,DE,Sports Hernia,PUP-R,Subscribers Only
Aaron Patrick,DEN,LB,Knee - ACL,Out,Subscribers Only
Tim Patrick,DEN,WR,Knee - ACL,IR,Subscribers Only
Cordarrelle Patterson,ATL,RB,Knee,IR,Subscribers Only
Kwity Paye,IND,DE,Ankle,Questionable,Subscribers Only
Matt Peart,NYG,OT,Knee - ACL,PUP-R,Subscribers Only
Andrus Peat,NO,OG,Pectoral,Inactive,Subscribers Only
Trevor Penning,NO,OT,Toe,IR,Subscribers Only
Rashaad Penny,SEA,RB,Ankle,IR,Subscribers Only
Ronnie Perkins,NE,LB,Undisclosed,IR,Subscribers Only
Ricky Person,BAL,RB,Undisclosed,Reserve-Ex,Subscribers Only
Marcus Peters,BAL,CB,Quadriceps,Questionable,Subscribers Only
Kyle Phillips,FA,DE,Undisclosed,Questionable,Subscribers Only
Darius Philon,FA,DT,Knee,Questionable,Subscribers Only
Kenny Pickett,PIT,QB,Concussion,Questionable,Subscribers Only
Chris Pierce,FA,TE,Undisclosed,Questionable,Subscribers Only
Michael Pierce,BAL,DT,Biceps,IR,Subscribers Only
James Pierre,PIT,CB,Hip,Questionable,Subscribers Only
Kevin Pierre-Louis,HOU,LB,Groin,IR,Subscribers Only
Jason Pinnock,NYG,S,Ankle,Questionable,Subscribers Only
Trey Pipkins,LAC,OT,Knee,Questionable,Subscribers Only
Carlins Platel,PIT,CB,Lower Body,IR,Subscribers Only
Quentin Poling,FA,LB,Undisclosed,Questionable,Subscribers Only
Elijah Ponder,FA,LB,Undisclosed,Questionable,Subscribers Only
Troymaine Pope,FA,RB,Undisclosed,Questionable,Subscribers Only
Matt Prater,ARI,K,Hip,Inactive,Subscribers Only
Bobby Price,DET,CB,Knee,Questionable,Subscribers Only
Isaiah Prince,CIN,OT,Elbow,IR,Subscribers Only
Byron Pringle,CHI,WR,Calf,IR,Subscribers Only
Austin Proehl,FA,WR,Undisclosed,Questionable,Subscribers Only
Justin Pugh,ARI,OG,Knee,IR,Subscribers Only
Teagan Quitoriano,HOU,TE,Knee,IR-R,Subscribers Only
Brent Qvale,FA,OT,Undisclosed,Questionable,Subscribers Only
Trey Ragas,FA,RB,Undisclosed,Questionable,Subscribers Only
Frank Ragnow,DET,C,Foot,Questionable,Subscribers Only
John Raine,FA,TE,Undisclosed,Questionable,Subscribers Only
Hamilcar Rashed,FA,LB,Undisclosed,Out,Subscribers Only
Clint Ratkovich,FA,RB,Knee,Questionable,Subscribers Only
D.J. Reader,CIN,DT,Knee - MCL,IR,Subscribers Only
Alex Redmond,FA,OG,Undisclosed,Questionable,Subscribers Only
John Reid,FA,CB,Groin,Questionable,Subscribers Only
Hunter Renfrow,LV,WR,Hip,Questionable,Subscribers Only
Sam Renner,FA,DT,Undisclosed,Questionable,Subscribers Only
Josh Reynolds,DET,WR,Knee,Questionable,Subscribers Only
Ross Reynolds,FA,OG,Undisclosed,Questionable,Subscribers Only
Jon Rhattigan,SEA,LB,Knee - ACL,PUP-R,Subscribers Only
Xavier Rhodes,FA,CB,Hamstring,Out,Subscribers Only
Patrick Ricard,BAL,FB,Knee,Questionable,Subscribers Only
Will Richardson,FA,OG,Ankle,Questionable,Subscribers Only
Calvin Ridley,ATL,WR,Suspension,Reserve-Sus,Subscribers Only
Curtis Riley,FA,S,Achilles,Questionable,Subscribers Only
Chauncey Rivers,FA,LB,Knee - ACL,Questionable,Subscribers Only
Derek Rivers,HOU,DE,Biceps,IR,Subscribers Only
Tre Roberson,FA,CB,Concussion,Questionable,Subscribers Only
Andre Roberts,CAR,WR,Knee - PCL,IR,Subscribers Only
Aaron Robinson,NYG,CB,Knee,IR,Subscribers Only
Alton Robinson,SEA,DE,Knee - PCL,IR,Subscribers Only
Janarius Robinson,PHI,DE,Ankle,IR,Subscribers Only
Rashard Robinson,FA,CB,Undisclosed,Questionable,Subscribers Only
Reggie Robinson,FA,CB,Undisclosed,Questionable,Subscribers Only
Bradley Roby,NO,CB,Ankle,Questionable,Subscribers Only
Bryce Rodgers,FA,DT,Undisclosed,Questionable,Subscribers Only
Aldrick Rosas,FA,K,Undisclosed,Questionable,Subscribers Only
Daniel Ross,FA,DT,Undisclosed,Questionable,Subscribers Only
Josh Ross,BAL,LB,Foot,IR,Subscribers Only
Justyn Ross,KC,WR,Foot,IR,Subscribers Only
Bunmi Rotimi,FA,DE,Foot,Questionable,Subscribers Only
Chase Roullier,WAS,C,Knee,IR,Subscribers Only
Bravvion Roy,CAR,DT,Hamstring,IR-R,Subscribers Only
Logan Ryan,TB,S,Foot,IR,Subscribers Only
Christian Sam,FA,LB,Undisclosed,Questionable,Subscribers Only
Dru Samia,FA,OG,Undisclosed,Questionable,Subscribers Only
Drew Sample,CIN,TE,Knee - MCL,IR,Subscribers Only
Rigoberto Sanchez,IND,P,Achilles,IR,Subscribers Only
Brennan Scarlett,FA,LB,Undisclosed,Questionable,Subscribers Only
Jordan Scarlett,FA,RB,Knee,Questionable,Subscribers Only
Cole Schneider,FA,C,Ankle,Questionable,Subscribers Only
Wes Schweitzer,WAS,C,Concussion,IR,Subscribers Only
Vernon Scott,GB,S,Shoulder,IR,Subscribers Only
Ricky Seals-Jones,FA,TE,Toe,Questionable,Subscribers Only
Austin Seibert,FA,K,Groin,Questionable,Subscribers Only
Greg Senat,NYJ,OT,Undisclosed,NFI-R,Subscribers Only
Mathew Sexton,FA,WR,Undisclosed,Questionable,Subscribers Only
Adam Shaheen,MIA,TE,Knee,IR,Subscribers Only
Aaron Shampklin,FA,RB,Ankle,Questionable,Subscribers Only
Liam Shanahan,FA,C,Undisclosed,Questionable,Subscribers Only
Ty Shelby,FA,LB,Groin,Questionable,Subscribers Only
Coleman Shelton,LAR,C,Ankle,IR,Subscribers Only
Laviska Shenault,CAR,WR,Hamstring,Questionable,Subscribers Only
Sterling Shepard,NYG,WR,Knee - ACL,IR,Subscribers Only
A.Q. Shipley,FA,C,Neck,Questionable,Subscribers Only
Caleb Shudak,TEN,K,Undisclosed,PUP-R,Subscribers Only
Zach Sieler,MIA,DT,Hand,Questionable,Subscribers Only
Lachavious Simmons,FA,OG,Undisclosed,Out,Subscribers Only
Steven Sims,PIT,WR,Hamstring,Questionable,Subscribers Only
Tuzar Skipper,FA,LB,Undisclosed,Questionable,Subscribers Only
Rashawn Slater,LAC,OT,Biceps,IR,Subscribers Only
Stone Smartt,LAC,TE,Undisclosed,NFI-R,Subscribers Only
Elerson Smith,NYG,LB,Lower Leg,IR,Subscribers Only
Jonnu Smith,NE,TE,Ankle,Questionable,Subscribers Only
Jordan Smith,JAX,LB,Knee,IR,Subscribers Only
Kaden Smith,FA,TE,Knee,Questionable,Subscribers Only
Lecitus Smith,ARI,OG,Coach's Decision,Inactive,Subscribers Only
Maurice Smith,FA,S,Undisclosed,Questionable,Subscribers Only
Saivion Smith,FA,S,Neck,Out,Subscribers Only
Tyreke Smith,SEA,LB,Hip,IR,Subscribers Only
Tyron Smith,DAL,OT,Knee,IR,Subscribers Only
Durham Smythe,MIA,TE,Hamstring,Questionable,Subscribers Only
Dylan Soehner,NO,TE,Undisclosed,PUP-P,Subscribers Only
Jeremy Sprinkle,FA,TE,Achilles,Questionable,Subscribers Only
Jayson Stanley,FA,CB,Knee,Questionable,Subscribers Only
Caden Sterns,DEN,S,Hip,Questionable,Subscribers Only
Marquez Stevenson,BUF,WR,Foot,IR,Subscribers Only
Tyarise Stevenson,FA,DT,Shoulder - AC Joint,Questionable,Subscribers Only
Darius Stills,FA,DT,Undisclosed,Questionable,Subscribers Only
Aaron Stinnie,TB,OG,Knee - ACL + MCL,IR,Subscribers Only
Dillon Stoner,FA,WR,Undisclosed,Out,Subscribers Only
Eli Stove,FA,WR,Knee - ACL,Questionable,Subscribers Only
Andrew Stueber,NE,OT,Hamstring,NFI-R,Subscribers Only
Nick Sundberg,FA,C,Elbow,Questionable,Subscribers Only
Sage Surratt,FA,TE,Undisclosed,Questionable,Subscribers Only
D'Andre Swift,DET,RB,Shoulder,Questionable,Subscribers Only
Donte Sylencieux,FA,WR,Undisclosed,Questionable,Subscribers Only
Calvin Taylor,FA,DE,Undisclosed,Questionable,Subscribers Only
Jullian Taylor,FA,DT,Undisclosed,Questionable,Subscribers Only
Malik Taylor,FA,WR,Undisclosed,Questionable,Subscribers Only
Vincent Taylor,ATL,DT,Achilles,IR,Subscribers Only
Isaac Taylor-Stuart,DAL,CB,Ankle,IR,Subscribers Only
Master Teague,FA,RB,Ankle,Questionable,Subscribers Only
Wyatt Teller,CLE,OG,Calf,Questionable,Subscribers Only
Sam Tevi,FA,OT,Knee - ACL,Questionable,Subscribers Only
Andrew Thomas,NYG,OT,Elbow,Questionable,Subscribers Only
Jordan Thomas,FA,TE,Undisclosed,Questionable,Subscribers Only
Logan Thomas,WAS,TE,Calf,Questionable,Subscribers Only
Michael Thomas,NO,WR,Foot,Inactive,Subscribers Only
Tavierre Thomas,HOU,CB,Quadriceps,IR,Subscribers Only
Stantley Thomas-Oliver,CAR,CB,Thigh,IR,Subscribers Only
DeAndre Thompkins,FA,WR,Undisclosed,Questionable,Subscribers Only
Chris Thompson,FA,WR,Undisclosed,Questionable,Subscribers Only
Cody Thompson,SEA,WR,Shoulder,IR,Subscribers Only
Colin Thompson,FA,TE,Calf,Questionable,Subscribers Only
Skylar Thompson,MIA,QB,Thumb,Questionable,Subscribers Only
Joe Thuney,KC,OG,Ankle,Questionable,Subscribers Only
Levine Toilolo,FA,TE,Achilles,Questionable,Subscribers Only
Khalan Tolson,FA,LB,Undisclosed,Questionable,Subscribers Only
Kadarius Toney,NYG,WR,Hamstring,Questionable,Subscribers Only
Brett Toth,PHI,OT,Knee,PUP-R,Subscribers Only
Andrew Trainer,LAC,OT,Undisclosed,IR,Subscribers Only
Adam Trautman,NO,TE,Ankle,Inactive,Subscribers Only
Casey Tucker,DEN,OT,Toe,IR,Subscribers Only
Jacob Tuioti-Mariner,FA,LB,Knee,Questionable,Subscribers Only
Josh Tupou,CIN,DT,Calf,Questionable,Subscribers Only
Billy Turner,DEN,OT,Knee,Questionable,Subscribers Only
DJ Turner,LV,WR,Ankle,IR-R,Subscribers Only
Payton Turner,NO,DE,Chest,Inactive,Subscribers Only
Josh Uche,NE,LB,Hamstring,Questionable,Subscribers Only
John Ursua,FA,WR,Knee - ACL,Questionable,Subscribers Only
Halapoulivaati Vaitai,DET,OG,Back,IR,Subscribers Only
Olivier Vernon,FA,DE,Achilles,Questionable,Subscribers Only
Jason Verrett,SF,CB,Knee - ACL,PUP-R,Subscribers Only
Nick Vigil,ARI,LB,Hamstring,IR,Subscribers Only
Andrew Vollert,FA,TE,Ankle,Questionable,Subscribers Only
Tyler Vrabel,FA,OT,Undisclosed,Out,Subscribers Only
Jaylen Waddle,MIA,WR,Shoulder,Questionable,Subscribers Only
Barrington Wade,FA,LB,Undisclosed,Questionable,Subscribers Only
Matt Waletzko,DAL,OT,Shoulder,Questionable,Subscribers Only
Anthony Walker,CLE,LB,Quadriceps,IR,Subscribers Only
Michael Walker,FA,WR,Undisclosed,Questionable,Subscribers Only
Tracy Walker,DET,S,Achilles,IR,Subscribers Only
Levi Wallace,PIT,CB,Concussion,Questionable,Subscribers Only
Darren Waller,LV,TE,Hamstring,Questionable,Subscribers Only
Charvarius Ward,SF,CB,Groin,Questionable,Subscribers Only
Denzel Ward,CLE,CB,Concussion,Questionable,Subscribers Only
Greg Ward,FA,WR,Toe,Questionable,Subscribers Only
Jimmie Ward,SF,S,Hand,Questionable,Subscribers Only
Jonathan Ward,ARI,RB,Hamstring,IR,Subscribers Only
Charles Washington,ARI,S,Chest,IR,Subscribers Only
James Washington,DAL,WR,Foot,IR,Subscribers Only
Keith Washington,FA,CB,Wrist,Questionable,Subscribers Only
Sammy Watkins,GB,WR,Hamstring,IR-R,Subscribers Only
Christian Watson,GB,WR,Hamstring,Questionable,Subscribers Only
Deshaun Watson,CLE,QB,Suspension,Reserve-Sus,Subscribers Only
T.J. Watt,PIT,LB,Knee,IR,Subscribers Only
Armani Watts,IND,S,Ankle,IR,Subscribers Only
Stephen Weatherly,CLE,DE,Knee,IR,Subscribers Only
Isaac Weaver,LAC,C,Undisclosed,IR,Subscribers Only
Marcus Webb,FA,DE,Undisclosed,Questionable,Subscribers Only
Mark Webb,FA,S,Knee,Questionable,Subscribers Only
Ken Webster,FA,CB,Undisclosed,Questionable,Subscribers Only
Josh Wells,TB,OT,Calf,IR-R,Subscribers Only
Carson Wentz,WAS,QB,Finger,Out,Subscribers Only
Antoine Wesley,ARI,WR,Quadriceps,IR,Subscribers Only
Isaiah Weston,CLE,WR,Knee,IR,Subscribers Only
Tershawn Wharton,KC,DT,Knee - ACL,IR,Subscribers Only
Keric Wheatfall,FA,WR,Undisclosed,Questionable,Subscribers Only
DeAndrew White,FA,WR,Undisclosed,Questionable,Subscribers Only
Drew White,WAS,LB,Knee,IR,Subscribers Only
Javin White,CHI,LB,Knee - ACL,IR,Subscribers Only
Tre'Davious White,BUF,CB,Knee - ACL,PUP-R,Subscribers Only
Cody Whitehair,CHI,OG,Knee,IR,Subscribers Only
Kristian Wilkerson,NE,WR,Concussion,IR,Subscribers Only
Christian Wilkins,MIA,DE,Hand,Questionable,Subscribers Only
Kenny Willekes,MIN,DE,Undisclosed,IR,Subscribers Only
Chad Williams,FA,WR,Undisclosed,Questionable,Subscribers Only
Damien Williams,ATL,RB,Ribs,IR,Subscribers Only
Darrel Williams,ARI,RB,Knee,Inactive,Subscribers Only
DeShawn Williams,DEN,DT,Back,Questionable,Subscribers Only
Duke Williams,FA,WR,Hamstring,Questionable,Subscribers Only
Jameson Williams,DET,WR,Knee - ACL,NFI-R,Subscribers Only
Jarrid Williams,FA,OT,Undisclosed,Out,Subscribers Only
Javonte Williams,DEN,RB,Knee - ACL,IR,Subscribers Only
Joejuan Williams,NE,CB,Shoulder,IR,Subscribers Only
Jonathan Williams,WAS,RB,Knee,Questionable,Subscribers Only
K'Waun Williams,DEN,CB,Wrist,Questionable,Subscribers Only
Kyren Williams,LAR,RB,Ankle,IR,Subscribers Only
Marcus Williams,BAL,S,Wrist,IR,Subscribers Only
Maxx Williams,FA,TE,Knee,Questionable,Subscribers Only
P.J. Williams,NO,S,Quadriceps,IR,Subscribers Only
Quincy Williams,NYJ,LB,Ankle,Questionable,Subscribers Only
Rodarius Williams,NYG,CB,Knee - ACL,IR,Subscribers Only
Trent Williams,SF,OT,Ankle,Questionable,Subscribers Only
Trill Williams,MIA,S,Knee - ACL,IR,Subscribers Only
Tyrell Williams,FA,WR,Concussion,Questionable,Subscribers Only
Chris Williamson,FA,CB,Undisclosed,Questionable,Subscribers Only
Jordan Willis,SF,DE,Undisclosed,IR,Subscribers Only
Marcus Willoughby,FA,DE,Undisclosed,Questionable,Subscribers Only
Brandon Wilson,CIN,S,Knee,PUP-R,Subscribers Only
Logan Wilson,CIN,LB,Shoulder,Questionable,Subscribers Only
Russell Wilson,DEN,QB,Hamstring,Questionable,Subscribers Only
Tavon Wilson,FA,S,Foot,Questionable,Subscribers Only
Chase Winovich,CLE,DE,Hamstring,IR,Subscribers Only
Eli Wolf,WAS,TE,Undisclosed,IR,Subscribers Only
John Wolford,LAR,QB,Neck,Questionable,Subscribers Only
D.J. Wonnum,MIN,LB,Illness,Questionable,Subscribers Only
Nate Wozniak,FA,OT,Undisclosed,Reserve-Ret,Subscribers Only
Isaiah Wynn,NE,OT,Shoulder,Questionable,Subscribers Only
Oshane Ximines,NYG,LB,Quadriceps,Questionable,Subscribers Only
Chase Young,WAS,DE,Knee - ACL + MCL,PUP-R,Subscribers Only
Tavon Young,FA,CB,Undisclosed,Questionable,Subscribers Only
