p_id,unique_team_id,player_team_id,team_id_impute,player,numeric_id,position,team_name,player_game_count,base_targets,declined_penalties,franchise_id,penalties,screen_avg_depth_of_target,screen_avoided_tackles,screen_caught_percent,screen_contested_catch_rate,screen_contested_receptions,screen_contested_targets,screen_drop_rate,screen_drops,screen_first_downs,screen_fumbles,screen_grades_hands_drop,screen_grades_pass_route,screen_interceptions,screen_longest,screen_pass_block_rate,screen_pass_blocks,screen_pass_plays,screen_receptions,screen_route_rate,screen_routes,screen_targeted_qb_rating,screen_targets,screen_targets_percent,screen_touchdowns,screen_yards,screen_yards_after_catch,screen_yards_after_catch_per_reception,screen_yards_per_reception,screen_yprr,slot_avg_depth_of_target,slot_avoided_tackles,slot_caught_percent,slot_contested_catch_rate,slot_contested_receptions,slot_contested_targets,slot_drop_rate,slot_drops,slot_first_downs,slot_fumbles,slot_grades_hands_drop,slot_grades_pass_route,slot_interceptions,slot_longest,slot_pass_block_rate,slot_pass_blocks,slot_pass_plays,slot_receptions,slot_route_rate,slot_routes,slot_targeted_qb_rating,slot_targets,slot_targets_percent,slot_touchdowns,slot_yards,slot_yards_after_catch,slot_yards_after_catch_per_reception,slot_yards_per_reception,slot_yprr,week,year,plyr_number
marvinjonesjr_jax_2022_7,jax_2022_7,marvinjonesjr_jax_2022,jax_2022,marvinjonesjr,7158,wr,jax,1,11,0,15,0,0,0,0,0,0,0,0,0,0,0,0,0,0,0,0,0,0,0,0,0,0,0,0,0,0,0,0,0,0,0,0,0,0,0,0,0,0,0,0,0,0,0,0,0,0,0,0,0,0,0,0,0,0,0,0,0,0,0,7,2022,7
joshreynolds_det_2022_7,det_2022_7,joshreynolds_det_2022,det_2022,joshreynolds,11872,wr,det,1,9,0,11,0,0,0,0,0,0,0,0,0,0,0,0,0,0,0,0,0,0,0,0,0,0,0,0,0,0,0,0,0,0,0,0,0,0,0,0,0,0,0,0,0,0,0,0,0,0,0,0,0,0,0,0,0,0,0,0,0,0,0,7,2022,7
robertwoods_ten_2022_7,ten_2022_7,robertwoods_ten_2022,ten_2022,robertwoods,7822,wr,ten,1,7,0,31,0,0,0,0,0,0,0,0,0,0,0,0,0,0,0,0,0,0,0,0,0,0,0,0,0,0,0,0,0,0,0,0,0,0,0,0,0,0,0,0,0,0,0,0,0,0,0,0,0,0,0,0,0,0,0,0,0,0,0,7,2022,7
davanteadams_lv_2022_7,lv_2022_7,davanteadams_lv_2022,lv_2022,davanteadams,8688,wr,lv,1,7,0,23,0,0,0,0,0,0,0,0,0,0,0,0,0,0,0,0,0,0,0,0,0,0,0,0,0,0,0,0,0,0,0,0,0,0,0,0,0,0,0,0,0,0,0,0,0,0,0,0,0,0,0,0,0,0,0,0,0,0,0,7,2022,7
kalifraymond_det_2022_7,det_2022_7,kalifraymond_det_2022,det_2022,kalifraymond,11028,wr,det,1,7,0,11,0,0,0,0,0,0,0,0,0,0,0,0,0,0,0,0,0,0,0,0,0,0,0,0,0,0,0,0,0,0,0,0,0,0,0,0,0,0,0,0,0,0,0,0,0,0,0,0,0,0,0,0,0,0,0,0,0,0,0,7,2022,7
scottymiller_tb_2022_7,tb_2022_7,scottymiller_tb_2022,tb_2022,scottymiller,47481,wr,tb,1,7,0,30,0,0,0,0,0,0,0,0,0,0,0,0,0,0,0,0,0,0,0,0,0,0,0,0,0,0,0,0,0,0,0,0,0,0,0,0,0,0,0,0,0,0,0,0,0,0,0,0,0,0,0,0,0,0,0,0,0,0,0,7,2022,7
chrisolave_no_2022_7,no_2022_7,chrisolave_no_2022,no_2022,chrisolave,84355,wr,no,1,6,0,20,0,0,0,0,0,0,0,0,0,0,0,0,0,0,0,0,0,0,0,0,0,0,0,0,0,0,0,0,0,0,0,0,0,0,0,0,0,0,0,0,0,0,0,0,0,0,0,0,0,0,0,0,0,0,0,0,0,0,0,7,2022,7
amonrastbrown_det_2022_7,det_2022_7,amonrastbrown_det_2022,det_2022,amonrastbrown,84470,wr,det,1,6,0,11,0,0,0,0,0,0,0,0,0,0,0,0,0,0,0,0,0,0,0,0,0,0,0,0,0,0,0,0,0,0,0,0,0,0,0,0,0,0,0,0,0,0,0,0,0,0,0,0,0,0,0,0,0,0,0,0,0,0,0,7,2022,7
ericsaubert_den_2022_7,den_2022_7,ericsaubert_den_2022,den_2022,ericsaubert,11929,te,den,1,6,0,10,0,0,0,0,0,0,0,0,0,0,0,0,0,0,0,0,0,0,0,0,0,0,0,0,0,0,0,0,0,0,0,0,0,0,0,0,0,0,0,0,0,0,0,0,0,0,0,0,0,0,0,0,0,0,0,0,0,0,0,7,2022,7
brandincooks_hou_2022_7,hou_2022_7,brandincooks_hou_2022,hou_2022,brandincooks,8655,wr,hou,1,6,0,13,0,0,0,0,0,0,0,0,0,0,0,0,0,0,0,0,0,0,0,0,0,0,0,0,0,0,0,0,0,0,0,0,0,0,0,0,0,0,0,0,0,0,0,0,0,0,0,0,0,0,0,0,0,0,0,0,0,0,0,7,2022,7
isaiahhodgins_buf_2022_7,buf_2022_7,isaiahhodgins_buf_2022,buf_2022,isaiahhodgins,52130,wr,buf,1,6,0,4,0,0,0,0,0,0,0,0,0,0,0,0,0,0,0,0,0,0,0,0,0,0,0,0,0,0,0,0,0,0,0,0,0,0,0,0,0,0,0,0,0,0,0,0,0,0,0,0,0,0,0,0,0,0,0,0,0,0,0,7,2022,7
jaylenwarren_pit_2022_7,pit_2022_7,jaylenwarren_pit_2022,pit_2022,jaylenwarren,98692,hb,pit,1,5,0,25,0,0,0,0,0,0,0,0,0,0,0,0,0,0,0,0,0,0,0,0,0,0,0,0,0,0,0,0,0,0,0,0,0,0,0,0,0,0,0,0,0,0,0,0,0,0,0,0,0,0,0,0,0,0,0,0,0,0,0,7,2022,7
dontrellhilliard_ten_2022_7,ten_2022_7,dontrellhilliard_ten_2022,ten_2022,dontrellhilliard,45691,hb,ten,1,5,0,31,0,0,0,0,0,0,0,0,0,0,0,0,0,0,0,0,0,0,0,0,0,0,0,0,0,0,0,0,0,0,0,0,0,0,0,0,0,0,0,0,0,0,0,0,0,0,0,0,0,0,0,0,0,0,0,0,0,0,0,7,2022,7
robbieanderson_car_2022_7,car_2022_7,robbieanderson_car_2022,car_2022,robbieanderson,11254,wr,car,1,5,0,5,0,0,0,0,0,0,0,0,0,0,0,0,0,0,0,0,0,0,0,0,0,0,0,0,0,0,0,0,0,0,0,0,0,0,0,0,0,0,0,0,0,0,0,0,0,0,0,0,0,0,0,0,0,0,0,0,0,0,0,7,2022,7
nicocollins_hou_2022_7,hou_2022_7,nicocollins_hou_2022,hou_2022,nicocollins,61441,wr,hou,1,5,0,13,0,0,0,0,0,0,0,0,0,0,0,0,0,0,0,0,0,0,0,0,0,0,0,0,0,0,0,0,0,0,0,0,0,0,0,0,0,0,0,0,0,0,0,0,0,0,0,0,0,0,0,0,0,0,0,0,0,0,0,7,2022,7
dameonpierce_hou_2022_7,hou_2022_7,dameonpierce_hou_2022,hou_2022,dameonpierce,83659,hb,hou,1,5,0,13,0,0,0,0,0,0,0,0,0,0,0,0,0,0,0,0,0,0,0,0,0,0,0,0,0,0,0,0,0,0,0,0,0,0,0,0,0,0,0,0,0,0,0,0,0,0,0,0,0,0,0,0,0,0,0,0,0,0,0,7,2022,7
khadarelhodge_atl_2022_7,atl_2022_7,khadarelhodge_atl_2022,atl_2022,khadarelhodge,26104,wr,atl,1,5,0,2,0,0,0,0,0,0,0,0,0,0,0,0,0,0,0,0,0,0,0,0,0,0,0,0,0,0,0,0,0,0,0,0,0,0,0,0,0,0,0,0,0,0,0,0,0,0,0,0,0,0,0,0,0,0,0,0,0,0,0,7,2022,7
joshjacobs_lv_2022_7,lv_2022_7,joshjacobs_lv_2022,lv_2022,joshjacobs,45953,hb,lv,1,5,0,23,0,0,0,0,0,0,0,0,0,0,0,0,0,0,0,0,0,0,0,0,0,0,0,0,0,0,0,0,0,0,0,0,0,0,0,0,0,0,0,0,0,0,0,0,0,0,0,0,0,0,0,0,0,0,0,0,0,0,0,7,2022,7
mylesgaskin_mia_2022_7,mia_2022_7,mylesgaskin_mia_2022,mia_2022,mylesgaskin,45914,hb,mia,1,5,0,17,0,0,0,0,0,0,0,0,0,0,0,0,0,0,0,0,0,0,0,0,0,0,0,0,0,0,0,0,0,0,0,0,0,0,0,0,0,0,0,0,0,0,0,0,0,0,0,0,0,0,0,0,0,0,0,0,0,0,0,7,2022,7
clydeedwardshelaire_kc_2022_7,kc_2022_7,clydeedwardshelaire_kc_2022,kc_2022,clydeedwardshelaire,57279,hb,kc,1,4,0,16,0,0,0,0,0,0,0,0,0,0,0,0,0,0,0,0,0,0,0,0,0,0,0,0,0,0,0,0,0,0,0,0,0,0,0,0,0,0,0,0,0,0,0,0,0,0,0,0,0,0,0,0,0,0,0,0,0,0,0,7,2022,7
mackhollins_lv_2022_7,lv_2022_7,mackhollins_lv_2022,lv_2022,mackhollins,11873,wr,lv,1,4,0,23,0,0,0,0,0,0,0,0,0,0,0,0,0,0,0,0,0,0,0,0,0,0,0,0,0,0,0,0,0,0,0,0,0,0,0,0,0,0,0,0,0,0,0,0,0,0,0,0,0,0,0,0,0,0,0,0,0,0,0,7,2022,7
tjhockenson_det_2022_7,det_2022_7,tjhockenson_det_2022,det_2022,tjhockenson,40912,te,det,1,4,0,11,0,0,0,0,0,0,0,0,0,0,0,0,0,0,0,0,0,0,0,0,0,0,0,0,0,0,0,0,0,0,0,0,0,0,0,0,0,0,0,0,0,0,0,0,0,0,0,0,0,0,0,0,0,0,0,0,0,0,0,7,2022,7
alexandermattison_min_2022_7,min_2022_7,alexandermattison_min_2022,min_2022,alexandermattison,45817,hb,min,1,4,0,18,0,0,0,0,0,0,0,0,0,0,0,0,0,0,0,0,0,0,0,0,0,0,0,0,0,0,0,0,0,0,0,0,0,0,0,0,0,0,0,0,0,0,0,0,0,0,0,0,0,0,0,0,0,0,0,0,0,0,0,7,2022,7
hunterrenfrow_lv_2022_7,lv_2022_7,hunterrenfrow_lv_2022,lv_2022,hunterrenfrow,47509,wr,lv,1,4,0,23,0,0,0,0,0,0,0,0,0,0,0,0,0,0,0,0,0,0,0,0,0,0,0,0,0,0,0,0,0,0,0,0,0,0,0,0,0,0,0,0,0,0,0,0,0,0,0,0,0,0,0,0,0,0,0,0,0,0,0,7,2022,7
cedrickwilson_mia_2022_7,mia_2022_7,cedrickwilson_mia_2022,mia_2022,cedrickwilson,48170,wr,mia,1,4,0,17,0,0,0,0,0,0,0,0,0,0,0,0,0,0,0,0,0,0,0,0,0,0,0,0,0,0,0,0,0,0,0,0,0,0,0,0,0,0,0,0,0,0,0,0,0,0,0,0,0,0,0,0,0,0,0,0,0,0,0,7,2022,7
quintinmorris_buf_2022_7,buf_2022_7,quintinmorris_buf_2022,buf_2022,quintinmorris,61182,te,buf,1,4,0,4,0,0,0,0,0,0,0,0,0,0,0,0,0,0,0,0,0,0,0,0,0,0,0,0,0,0,0,0,0,0,0,0,0,0,0,0,0,0,0,0,0,0,0,0,0,0,0,0,0,0,0,0,0,0,0,0,0,0,0,7,2022,7
tevincoleman_sf_2022_7,sf_2022_7,tevincoleman_sf_2022,sf_2022,tevincoleman,9506,hb,sf,1,3,0,28,0,0,0,0,0,0,0,0,0,0,0,0,0,0,0,0,0,0,0,0,0,0,0,0,0,0,0,0,0,0,0,0,0,0,0,0,0,0,0,0,0,0,0,0,0,0,0,0,0,0,0,0,0,0,0,0,0,0,0,7,2022,7
johnbates_was_2022_7,was_2022_7,johnbates_was_2022,was_2022,johnbates,42275,te,was,1,3,0,32,0,0,0,0,0,0,0,0,0,0,0,0,0,0,0,0,0,0,0,0,0,0,0,0,0,0,0,0,0,0,0,0,0,0,0,0,0,0,0,0,0,0,0,0,0,0,0,0,0,0,0,0,0,0,0,0,0,0,0,7,2022,7
rexburkhead_hou_2022_7,hou_2022_7,rexburkhead_hou_2022,hou_2022,rexburkhead,7971,hb,hou,1,3,0,13,0,0,0,0,0,0,0,0,0,0,0,0,0,0,0,0,0,0,0,0,0,0,0,0,0,0,0,0,0,0,0,0,0,0,0,0,0,0,0,0,0,0,0,0,0,0,0,0,0,0,0,0,0,0,0,0,0,0,0,7,2022,7
giovanniricci_car_2022_7,car_2022_7,giovanniricci_car_2022,car_2022,giovanniricci,13756,te,car,1,3,0,5,0,0,0,0,0,0,0,0,0,0,0,0,0,0,0,0,0,0,0,0,0,0,0,0,0,0,0,0,0,0,0,0,0,0,0,0,0,0,0,0,0,0,0,0,0,0,0,0,0,0,0,0,0,0,0,0,0,0,0,7,2022,7
jesperhorsted_lv_2022_7,lv_2022_7,jesperhorsted_lv_2022,lv_2022,jesperhorsted,91465,te,lv,1,3,0,23,0,0,0,0,0,0,0,0,0,0,0,0,0,0,0,0,0,0,0,0,0,0,0,0,0,0,0,0,0,0,0,0,0,0,0,0,0,0,0,0,0,0,0,0,0,0,0,0,0,0,0,0,0,0,0,0,0,0,0,7,2022,7
nickwestbrookikhine_ten_2022_7,ten_2022_7,nickwestbrookikhine_ten_2022,ten_2022,nickwestbrookikhine,47861,wr,ten,1,3,0,31,0,0,0,0,0,0,0,0,0,0,0,0,0,0,0,0,0,0,0,0,0,0,0,0,0,0,0,0,0,0,0,0,0,0,0,0,0,0,0,0,0,0,0,0,0,0,0,0,0,0,0,0,0,0,0,0,0,0,0,7,2022,7
craigreynolds_det_2022_7,det_2022_7,craigreynolds_det_2022,det_2022,craigreynolds,94383,hb,det,1,3,0,11,0,0,0,0,0,0,0,0,0,0,0,0,0,0,0,0,0,0,0,0,0,0,0,0,0,0,0,0,0,0,0,0,0,0,0,0,0,0,0,0,0,0,0,0,0,0,0,0,0,0,0,0,0,0,0,0,0,0,0,7,2022,7
brandonbolden_lv_2022_7,lv_2022_7,brandonbolden_lv_2022,lv_2022,brandonbolden,7469,hb,lv,1,3,0,23,0,0,0,0,0,0,0,0,0,0,0,0,0,0,0,0,0,0,0,0,0,0,0,0,0,0,0,0,0,0,0,0,0,0,0,0,0,0,0,0,0,0,0,0,0,0,0,0,0,0,0,0,0,0,0,0,0,0,0,7,2022,7
melvingordoniii_den_2022_7,den_2022_7,melvingordoniii_den_2022,den_2022,melvingordoniii,9448,hb,den,1,3,0,10,0,0,0,0,0,0,0,0,0,0,0,0,0,0,0,0,0,0,0,0,0,0,0,0,0,0,0,0,0,0,0,0,0,0,0,0,0,0,0,0,0,0,0,0,0,0,0,0,0,0,0,0,0,0,0,0,0,0,0,7,2022,7
elijahmoore_nyj_2022_7,nyj_2022_7,elijahmoore_nyj_2022,nyj_2022,elijahmoore,84302,wr,nyj,1,3,0,22,0,0,0,0,0,0,0,0,0,0,0,0,0,0,0,0,0,0,0,0,0,0,0,0,0,0,0,0,0,0,0,0,0,0,0,0,0,0,0,0,0,0,0,0,0,0,0,0,0,0,0,0,0,0,0,0,0,0,0,7,2022,7
kylephilips_ten_2022_7,ten_2022_7,kylephilips_ten_2022,ten_2022,kylephilips,84463,wr,ten,1,2,0,31,0,0,0,0,0,0,0,0,0,0,0,0,0,0,0,0,0,0,0,0,0,0,0,0,0,0,0,0,0,0,0,0,0,0,0,0,0,0,0,0,0,0,0,0,0,0,0,0,0,0,0,0,0,0,0,0,0,0,0,7,2022,7
nyheimhines_ind_2022_7,ind_2022_7,nyheimhines_ind_2022,ind_2022,nyheimhines,48103,hb,ind,1,2,0,14,0,0,0,0,0,0,0,0,0,0,0,0,0,0,0,0,0,0,0,0,0,0,0,0,0,0,0,0,0,0,0,0,0,0,0,0,0,0,0,0,0,0,0,0,0,0,0,0,0,0,0,0,0,0,0,0,0,0,0,7,2022,7
tutuatwell_lar_2022_7,lar_2022_7,tutuatwell_lar_2022,lar_2022,tutuatwell,77965,wr,lar,1,2,0,26,0,0,0,0,0,0,0,0,0,0,0,0,0,0,0,0,0,0,0,0,0,0,0,0,0,0,0,0,0,0,0,0,0,0,0,0,0,0,0,0,0,0,0,0,0,0,0,0,0,0,0,0,0,0,0,0,0,0,0,7,2022,7
patfreiermuth_pit_2022_7,pit_2022_7,patfreiermuth_pit_2022,pit_2022,patfreiermuth,84085,te,pit,1,2,0,25,0,0,0,0,0,0,0,0,0,0,0,0,0,0,0,0,0,0,0,0,0,0,0,0,0,0,0,0,0,0,0,0,0,0,0,0,0,0,0,0,0,0,0,0,0,0,0,0,0,0,0,0,0,0,0,0,0,0,0,7,2022,7
joshuakelley_lac_2022_7,lac_2022_7,joshuakelley_lac_2022,lac_2022,joshuakelley,13750,hb,lac,1,2,0,27,0,0,0,0,0,0,0,0,0,0,0,0,0,0,0,0,0,0,0,0,0,0,0,0,0,0,0,0,0,0,0,0,0,0,0,0,0,0,0,0,0,0,0,0,0,0,0,0,0,0,0,0,0,0,0,0,0,0,0,7,2022,7
jamesproche_bal_2022_7,bal_2022_7,jamesproche_bal_2022,bal_2022,jamesproche,48037,wr,bal,1,2,0,3,0,0,0,0,0,0,0,0,0,0,0,0,0,0,0,0,0,0,0,0,0,0,0,0,0,0,0,0,0,0,0,0,0,0,0,0,0,0,0,0,0,0,0,0,0,0,0,0,0,0,0,0,0,0,0,0,0,0,0,7,2022,7
jordanakins_hou_2022_7,hou_2022_7,jordanakins_hou_2022,hou_2022,jordanakins,47050,te,hou,1,2,0,13,0,0,0,0,0,0,0,0,0,0,0,0,0,0,0,0,0,0,0,0,0,0,0,0,0,0,0,0,0,0,0,0,0,0,0,0,0,0,0,0,0,0,0,0,0,0,0,0,0,0,0,0,0,0,0,0,0,0,0,7,2022,7
danarnold_jax_2022_7,jax_2022_7,danarnold_jax_2022,jax_2022,danarnold,51842,te,jax,1,2,0,15,0,0,0,0,0,0,0,0,0,0,0,0,0,0,0,0,0,0,0,0,0,0,0,0,0,0,0,0,0,0,0,0,0,0,0,0,0,0,0,0,0,0,0,0,0,0,0,0,0,0,0,0,0,0,0,0,0,0,0,7,2022,7
equanimeousstbrown_chi_2022_7,chi_2022_7,equanimeousstbrown_chi_2022,chi_2022,equanimeousstbrown,47967,wr,chi,1,2,0,6,0,0,0,0,0,0,0,0,0,0,0,0,0,0,0,0,0,0,0,0,0,0,0,0,0,0,0,0,0,0,0,0,0,0,0,0,0,0,0,0,0,0,0,0,0,0,0,0,0,0,0,0,0,0,0,0,0,0,0,7,2022,7
derrickhenry_ten_2022_7,ten_2022_7,derrickhenry_ten_2022,ten_2022,derrickhenry,10679,hb,ten,1,2,0,31,0,0,0,0,0,0,0,0,0,0,0,0,0,0,0,0,0,0,0,0,0,0,0,0,0,0,0,0,0,0,0,0,0,0,0,0,0,0,0,0,0,0,0,0,0,0,0,0,0,0,0,0,0,0,0,0,0,0,0,7,2022,7
chrismanhertz_jax_2022_7,jax_2022_7,chrismanhertz_jax_2022,jax_2022,chrismanhertz,10211,te,jax,1,2,0,15,0,0,0,0,0,0,0,0,0,0,0,0,0,0,0,0,0,0,0,0,0,0,0,0,0,0,0,0,0,0,0,0,0,0,0,0,0,0,0,0,0,0,0,0,0,0,0,0,0,0,0,0,0,0,0,0,0,0,0,7,2022,7
mikethomas_cin_2022_7,cin_2022_7,mikethomas_cin_2022,cin_2022,mikethomas,10840,wr,cin,1,2,0,7,0,0,0,0,0,0,0,0,0,0,0,0,0,0,0,0,0,0,0,0,0,0,0,0,0,0,0,0,0,0,0,0,0,0,0,0,0,0,0,0,0,0,0,0,0,0,0,0,0,0,0,0,0,0,0,0,0,0,0,7,2022,7
durhamsmythe_mia_2022_7,mia_2022_7,durhamsmythe_mia_2022,mia_2022,durhamsmythe,47257,te,mia,1,1,0,17,0,0,0,0,0,0,0,0,0,0,0,0,0,0,0,0,0,0,0,0,0,0,0,0,0,0,0,0,0,0,0,0,0,0,0,0,0,0,0,0,0,0,0,0,0,0,0,0,0,0,0,0,0,0,0,0,0,0,0,7,2022,7
tannergentry_buf_2022_7,buf_2022_7,tannergentry_buf_2022,buf_2022,tannergentry,12170,wr,buf,1,1,0,4,0,0,0,0,0,0,0,0,0,0,0,0,0,0,0,0,0,0,0,0,0,0,0,0,0,0,0,0,0,0,0,0,0,0,0,0,0,0,0,0,0,0,0,0,0,0,0,0,0,0,0,0,0,0,0,0,0,0,0,7,2022,7
daltonschultz_dal_2022_7,dal_2022_7,daltonschultz_dal_2022,dal_2022,daltonschultz,47304,te,dal,1,1,0,9,0,0,0,0,0,0,0,0,0,0,0,0,0,0,0,0,0,0,0,0,0,0,0,0,0,0,0,0,0,0,0,0,0,0,0,0,0,0,0,0,0,0,0,0,0,0,0,0,0,0,0,0,0,0,0,0,0,0,0,7,2022,7
chrismyarick_nyg_2022_7,nyg_2022_7,chrismyarick_nyg_2022,nyg_2022,chrismyarick,47358,te,nyg,1,1,0,21,0,0,0,0,0,0,0,0,0,0,0,0,0,0,0,0,0,0,0,0,0,0,0,0,0,0,0,0,0,0,0,0,0,0,0,0,0,0,0,0,0,0,0,0,0,0,0,0,0,0,0,0,0,0,0,0,0,0,0,7,2022,7
moaliecox_ind_2022_7,ind_2022_7,moaliecox_ind_2022,ind_2022,moaliecox,12078,te,ind,1,1,0,14,0,0,0,0,0,0,0,0,0,0,0,0,0,0,0,0,0,0,0,0,0,0,0,0,0,0,0,0,0,0,0,0,0,0,0,0,0,0,0,0,0,0,0,0,0,0,0,0,0,0,0,0,0,0,0,0,0,0,0,7,2022,7
masonschreck_hou_2022_7,hou_2022_7,masonschreck_hou_2022,hou_2022,masonschreck,12007,te,hou,1,1,0,13,0,0,0,0,0,0,0,0,0,0,0,0,0,0,0,0,0,0,0,0,0,0,0,0,0,0,0,0,0,0,0,0,0,0,0,0,0,0,0,0,0,0,0,0,0,0,0,0,0,0,0,0,0,0,0,0,0,0,0,7,2022,7
tylerdavis_gb_2022_7,gb_2022_7,tylerdavis_gb_2022,gb_2022,tylerdavis,47743,te,gb,1,1,0,12,0,0,0,0,0,0,0,0,0,0,0,0,0,0,0,0,0,0,0,0,0,0,0,0,0,0,0,0,0,0,0,0,0,0,0,0,0,0,0,0,0,0,0,0,0,0,0,0,0,0,0,0,0,0,0,0,0,0,0,7,2022,7
nelsonagholor_ne_2022_7,ne_2022_7,nelsonagholor_ne_2022,ne_2022,nelsonagholor,9453,wr,ne,1,1,0,19,0,0,0,0,0,0,0,0,0,0,0,0,0,0,0,0,0,0,0,0,0,0,0,0,0,0,0,0,0,0,0,0,0,0,0,0,0,0,0,0,0,0,0,0,0,0,0,0,0,0,0,0,0,0,0,0,0,0,0,7,2022,7
albertokwuegbunam_den_2022_7,den_2022_7,albertokwuegbunam_den_2022,den_2022,albertokwuegbunam,41933,te,den,1,1,0,10,0,0,0,0,0,0,0,0,0,0,0,0,0,0,0,0,0,0,0,0,0,0,0,0,0,0,0,0,0,0,0,0,0,0,0,0,0,0,0,0,0,0,0,0,0,0,0,0,0,0,0,0,0,0,0,0,0,0,0,7,2022,7
dannygray_sf_2022_7,sf_2022_7,dannygray_sf_2022,sf_2022,dannygray,121926,wr,sf,1,1,0,28,0,0,0,0,0,0,0,0,0,0,0,0,0,0,0,0,0,0,0,0,0,0,0,0,0,0,0,0,0,0,0,0,0,0,0,0,0,0,0,0,0,0,0,0,0,0,0,0,0,0,0,0,0,0,0,0,0,0,0,7,2022,7
jeffsmith_nyj_2022_7,nyj_2022_7,jeffsmith_nyj_2022,nyj_2022,jeffsmith,48055,wr,nyj,1,1,0,22,0,0,0,0,0,0,0,0,0,0,0,0,0,0,0,0,0,0,0,0,0,0,0,0,0,0,0,0,0,0,0,0,0,0,0,0,0,0,0,0,0,0,0,0,0,0,0,0,0,0,0,0,0,0,0,0,0,0,0,7,2022,7
stanleymorganjr_cin_2022_7,cin_2022_7,stanleymorganjr_cin_2022,cin_2022,stanleymorganjr,48110,wr,cin,1,1,0,7,0,0,0,0,0,0,0,0,0,0,0,0,0,0,0,0,0,0,0,0,0,0,0,0,0,0,0,0,0,0,0,0,0,0,0,0,0,0,0,0,0,0,0,0,0,0,0,0,0,0,0,0,0,0,0,0,0,0,0,7,2022,7
milesboykin_pit_2022_7,pit_2022_7,milesboykin_pit_2022,pit_2022,milesboykin,48209,wr,pit,1,1,0,25,0,0,0,0,0,0,0,0,0,0,0,0,0,0,0,0,0,0,0,0,0,0,0,0,0,0,0,0,0,0,0,0,0,0,0,0,0,0,0,0,0,0,0,0,0,0,0,0,0,0,0,0,0,0,0,0,0,0,0,7,2022,7
ojhoward_hou_2022_7,hou_2022_7,ojhoward_hou_2022,hou_2022,ojhoward,11774,te,hou,1,1,0,13,0,0,0,0,0,0,0,0,0,0,0,0,0,0,0,0,0,0,0,0,0,0,0,0,0,0,0,0,0,0,0,0,0,0,0,0,0,0,0,0,0,0,0,0,0,0,0,0,0,0,0,0,0,0,0,0,0,0,0,7,2022,7
parkerhesse_atl_2022_7,atl_2022_7,parkerhesse_atl_2022,atl_2022,parkerhesse,48369,te,atl,1,1,0,2,0,0,0,0,0,0,0,0,0,0,0,0,0,0,0,0,0,0,0,0,0,0,0,0,0,0,0,0,0,0,0,0,0,0,0,0,0,0,0,0,0,0,0,0,0,0,0,0,0,0,0,0,0,0,0,0,0,0,0,7,2022,7
anthonyfirkser_atl_2022_7,atl_2022_7,anthonyfirkser_atl_2022,atl_2022,anthonyfirkser,51837,te,atl,1,1,0,2,0,0,0,0,0,0,0,0,0,0,0,0,0,0,0,0,0,0,0,0,0,0,0,0,0,0,0,0,0,0,0,0,0,0,0,0,0,0,0,0,0,0,0,0,0,0,0,0,0,0,0,0,0,0,0,0,0,0,0,7,2022,7
bryanedwards_atl_2022_7,atl_2022_7,bryanedwards_atl_2022,atl_2022,bryanedwards,28486,wr,atl,1,1,0,2,0,0,0,0,0,0,0,0,0,0,0,0,0,0,0,0,0,0,0,0,0,0,0,0,0,0,0,0,0,0,0,0,0,0,0,0,0,0,0,0,0,0,0,0,0,0,0,0,0,0,0,0,0,0,0,0,0,0,0,7,2022,7
deejaydallas_sea_2022_7,sea_2022_7,deejaydallas_sea_2022,sea_2022,deejaydallas,55632,hb,sea,1,1,0,29,0,0,0,0,0,0,0,0,0,0,0,0,0,0,0,0,0,0,0,0,0,0,0,0,0,0,0,0,0,0,0,0,0,0,0,0,0,0,0,0,0,0,0,0,0,0,0,0,0,0,0,0,0,0,0,0,0,0,0,7,2022,7
jakobjohnson_lv_2022_7,lv_2022_7,jakobjohnson_lv_2022,lv_2022,jakobjohnson,32565,fb,lv,1,1,0,23,0,0,0,0,0,0,0,0,0,0,0,0,0,0,0,0,0,0,0,0,0,0,0,0,0,0,0,0,0,0,0,0,0,0,0,0,0,0,0,0,0,0,0,0,0,0,0,0,0,0,0,0,0,0,0,0,0,0,0,7,2022,7
derekwatt_pit_2022_7,pit_2022_7,derekwatt_pit_2022,pit_2022,derekwatt,10832,fb,pit,1,1,0,25,0,0,0,0,0,0,0,0,0,0,0,0,0,0,0,0,0,0,0,0,0,0,0,0,0,0,0,0,0,0,0,0,0,0,0,0,0,0,0,0,0,0,0,0,0,0,0,0,0,0,0,0,0,0,0,0,0,0,0,7,2022,7
camakers_lar_2022_7,lar_2022_7,camakers_lar_2022,lar_2022,camakers,57206,hb,lar,1,1,0,26,0,0,0,0,0,0,0,0,0,0,0,0,0,0,0,0,0,0,0,0,0,0,0,0,0,0,0,0,0,0,0,0,0,0,0,0,0,0,0,0,0,0,0,0,0,0,0,0,0,0,0,0,0,0,0,0,0,0,0,7,2022,7
marcedeslewis_gb_2022_7,gb_2022_7,marcedeslewis_gb_2022,gb_2022,marcedeslewis,2973,te,gb,1,1,0,12,0,0,0,0,0,0,0,0,0,0,0,0,0,0,0,0,0,0,0,0,0,0,0,0,0,0,0,0,0,0,0,0,0,0,0,0,0,0,0,0,0,0,0,0,0,0,0,0,0,0,0,0,0,0,0,0,0,0,0,7,2022,7
tremckitty_lac_2022_7,lac_2022_7,tremckitty_lac_2022,lac_2022,tremckitty,60896,te,lac,1,1,0,27,0,0,0,0,0,0,0,0,0,0,0,0,0,0,0,0,0,0,0,0,0,0,0,0,0,0,0,0,0,0,0,0,0,0,0,0,0,0,0,0,0,0,0,0,0,0,0,0,0,0,0,0,0,0,0,0,0,0,0,7,2022,7
austinhooper_ten_2022_7,ten_2022_7,austinhooper_ten_2022,ten_2022,austinhooper,10715,te,ten,1,1,0,31,0,0,0,0,0,0,0,0,0,0,0,0,0,0,0,0,0,0,0,0,0,0,0,0,0,0,0,0,0,0,0,0,0,0,0,0,0,0,0,0,0,0,0,0,0,0,0,0,0,0,0,0,0,0,0,0,0,0,0,7,2022,7
justinjackson_det_2022_7,det_2022_7,justinjackson_det_2022,det_2022,justinjackson,29539,hb,det,1,1,0,11,0,0,0,0,0,0,0,0,0,0,0,0,0,0,0,0,0,0,0,0,0,0,0,0,0,0,0,0,0,0,0,0,0,0,0,0,0,0,0,0,0,0,0,0,0,0,0,0,0,0,0,0,0,0,0,0,0,0,0,7,2022,7
damierebyrd_atl_2022_7,atl_2022_7,damierebyrd_atl_2022,atl_2022,damierebyrd,9964,wr,atl,1,1,0,2,0,0,0,0,0,0,0,0,0,0,0,0,0,0,0,0,0,0,0,0,0,0,0,0,0,0,0,0,0,0,0,0,0,0,0,0,0,0,0,0,0,0,0,0,0,0,0,0,0,0,0,0,0,0,0,0,0,0,0,7,2022,7
jalenreagor_min_2022_7,min_2022_7,jalenreagor_min_2022,min_2022,jalenreagor,61697,wr,min,1,1,0,18,0,0,0,0,0,0,0,0,0,0,0,0,0,0,0,0,0,0,0,0,0,0,0,0,0,0,0,0,0,0,0,0,0,0,0,0,0,0,0,0,0,0,0,0,0,0,0,0,0,0,0,0,0,0,0,0,0,0,0,7,2022,7
damienharris_ne_2022_7,ne_2022_7,damienharris_ne_2022,ne_2022,damienharris,35134,hb,ne,1,1,0,19,0,0,0,0,0,0,0,0,0,0,0,0,0,0,0,0,0,0,0,0,0,0,0,0,0,0,0,0,0,0,0,0,0,0,0,0,0,0,0,0,0,0,0,0,0,0,0,0,0,0,0,0,0,0,0,0,0,0,0,7,2022,7
geoffswaim_ten_2022_7,ten_2022_7,geoffswaim_ten_2022,ten_2022,geoffswaim,9679,te,ten,1,1,0,31,0,0,0,0,0,0,0,0,0,0,0,0,0,0,0,0,0,0,0,0,0,0,0,0,0,0,0,0,0,0,0,0,0,0,0,0,0,0,0,0,0,0,0,0,0,0,0,0,0,0,0,0,0,0,0,0,0,0,0,7,2022,7
christianwatson_gb_2022_7,gb_2022_7,christianwatson_gb_2022,gb_2022,christianwatson,66581,wr,gb,1,1,0,12,0,0,0,0,0,0,0,0,0,0,0,0,0,0,0,0,0,0,0,0,0,0,0,0,0,0,0,0,0,0,0,0,0,0,0,0,0,0,0,0,0,0,0,0,0,0,0,0,0,0,0,0,0,0,0,0,0,0,0,7,2022,7
kylerudolph_tb_2022_7,tb_2022_7,kylerudolph_tb_2022,tb_2022,kylerudolph,6195,te,tb,1,1,0,30,0,0,0,0,0,0,0,0,0,0,0,0,0,0,0,0,0,0,0,0,0,0,0,0,0,0,0,0,0,0,0,0,0,0,0,0,0,0,0,0,0,0,0,0,0,0,0,0,0,0,0,0,0,0,0,0,0,0,0,7,2022,7
chigoziemokonkwo_ten_2022_7,ten_2022_7,chigoziemokonkwo_ten_2022,ten_2022,chigoziemokonkwo,84000,te,ten,1,1,0,31,0,0,0,0,0,0,0,0,0,0,0,0,0,0,0,0,0,0,0,0,0,0,0,0,0,0,0,0,0,0,0,0,0,0,0,0,0,0,0,0,0,0,0,0,0,0,0,0,0,0,0,0,0,0,0,0,0,0,0,7,2022,7
tyriecleveland_den_2022_7,den_2022_7,tyriecleveland_den_2022,den_2022,tyriecleveland,42134,wr,den,1,1,0,10,0,0,0,0,0,0,0,0,0,0,0,0,0,0,0,0,0,0,0,0,0,0,0,0,0,0,0,0,0,0,0,0,0,0,0,0,0,0,0,0,0,0,0,0,0,0,0,0,0,0,0,0,0,0,0,0,0,0,0,7,2022,7
tommytremble_car_2022_7,car_2022_7,tommytremble_car_2022,car_2022,tommytremble,84025,te,car,1,1,0,5,0,0,0,0,0,0,0,0,0,0,0,0,0,0,0,0,0,0,0,0,0,0,0,0,0,0,0,0,0,0,0,0,0,0,0,0,0,0,0,0,0,0,0,0,0,0,0,0,0,0,0,0,0,0,0,0,0,0,0,7,2022,7
tyreekhill_mia_2022_7,mia_2022_7,tyreekhill_mia_2022,mia_2022,tyreekhill,10799,wr,mia,1,15,0,17,0,0,0,0,0,0,0,0,0,0,0,0,0,0,0,0,0,0,0,0,0,0,0,0,0,0,0,0,0,0,0,0,0,0,0,0,0,0,0,0,0,0,0,0,0,0,0,0,0,0,0,0,0,0,0,0,0,0,0,7,2022,7
michaelpittmanjr_ind_2022_7,ind_2022_7,michaelpittmanjr_ind_2022,ind_2022,michaelpittmanjr,29049,wr,ind,1,14,0,14,0,0,0,0,0,0,0,0,0,0,0,0,0,0,0,0,0,0,0,0,0,0,0,0,0,0,0,0,0,0,0,0,0,0,0,0,0,0,0,0,0,0,0,0,0,0,0,0,0,0,0,0,0,0,0,0,0,0,0,7,2022,7
austinekeler_lac_2022_7,lac_2022_7,austinekeler_lac_2022,lac_2022,austinekeler,12164,hb,lac,1,13,0,27,0,0,0,0,0,0,0,0,0,0,0,0,0,0,0,0,0,0,0,0,0,0,0,0,0,0,0,0,0,0,0,0,0,0,0,0,0,0,0,0,0,0,0,0,0,0,0,0,0,0,0,0,0,0,0,0,0,0,0,7,2022,7
stefondiggs_buf_2022_7,buf_2022_7,stefondiggs_buf_2022,buf_2022,stefondiggs,9579,wr,buf,1,12,0,4,0,0,0,0,0,0,0,0,0,0,0,0,0,0,0,0,0,0,0,0,0,0,0,0,0,0,0,0,0,0,0,0,0,0,0,0,0,0,0,0,0,0,0,0,0,0,0,0,0,0,0,0,0,0,0,0,0,0,0,7,2022,7
amaricooper_cle_2022_7,cle_2022_7,amaricooper_cle_2022,cle_2022,amaricooper,9437,wr,cle,1,12,0,8,0,0,0,0,0,0,0,0,0,0,0,0,0,0,0,0,0,0,0,0,0,0,0,0,0,0,0,0,0,0,0,0,0,0,0,0,0,0,0,0,0,0,0,0,0,0,0,0,0,0,0,0,0,0,0,0,0,0,0,7,2022,7
roberttonyan_gb_2022_7,gb_2022_7,roberttonyan_gb_2022,gb_2022,roberttonyan,12193,te,gb,1,12,0,12,0,0,0,0,0,0,0,0,0,0,0,0,0,0,0,0,0,0,0,0,0,0,0,0,0,0,0,0,0,0,0,0,0,0,0,0,0,0,0,0,0,0,0,0,0,0,0,0,0,0,0,0,0,0,0,0,0,0,0,7,2022,7
markandrews_bal_2022_7,bal_2022_7,markandrews_bal_2022,bal_2022,markandrews,47436,te,bal,1,11,0,3,0,0,0,0,0,0,0,0,0,0,0,0,0,0,0,0,0,0,0,0,0,0,0,0,0,0,0,0,0,0,0,0,0,0,0,0,0,0,0,0,0,0,0,0,0,0,0,0,0,0,0,0,0,0,0,0,0,0,0,7,2022,7
chrisgodwin_tb_2022_7,tb_2022_7,chrisgodwin_tb_2022,tb_2022,chrisgodwin,11839,wr,tb,1,11,0,30,0,0,0,0,0,0,0,0,0,0,0,0,0,0,0,0,0,0,0,0,0,0,0,0,0,0,0,0,0,0,0,0,0,0,0,0,0,0,0,0,0,0,0,0,0,0,0,0,0,0,0,0,0,0,0,0,0,0,0,7,2022,7
brandonaiyuk_sf_2022_7,sf_2022_7,brandonaiyuk_sf_2022,sf_2022,brandonaiyuk,84109,wr,sf,1,11,0,28,0,0,0,0,0,0,0,0,0,0,0,0,0,0,0,0,0,0,0,0,0,0,0,0,0,0,0,0,0,0,0,0,0,0,0,0,0,0,0,0,0,0,0,0,0,0,0,0,0,0,0,0,0,0,0,0,0,0,0,7,2022,7
jaylenwaddle_mia_2022_7,mia_2022_7,jaylenwaddle_mia_2022,mia_2022,jaylenwaddle,84088,wr,mia,1,10,0,17,0,0,0,0,0,0,0,0,0,0,0,0,0,0,0,0,0,0,0,0,0,0,0,0,0,0,0,0,0,0,0,0,0,0,0,0,0,0,0,0,0,0,0,0,0,0,0,0,0,0,0,0,0,0,0,0,0,0,0,7,2022,7
deebosamuel_sf_2022_7,sf_2022_7,deebosamuel_sf_2022,sf_2022,deebosamuel,48274,wr,sf,1,10,0,28,0,0,0,0,0,0,0,0,0,0,0,0,0,0,0,0,0,0,0,0,0,0,0,0,0,0,0,0,0,0,0,0,0,0,0,0,0,0,0,0,0,0,0,0,0,0,0,0,0,0,0,0,0,0,0,0,0,0,0,7,2022,7
deonjackson_ind_2022_7,ind_2022_7,deonjackson_ind_2022,ind_2022,deonjackson,57189,hb,ind,1,10,0,14,0,0,0,0,0,0,0,0,0,0,0,0,0,0,0,0,0,0,0,0,0,0,0,0,0,0,0,0,0,0,0,0,0,0,0,0,0,0,0,0,0,0,0,0,0,0,0,0,0,0,0,0,0,0,0,0,0,0,0,7,2022,7
joshpalmer_lac_2022_7,lac_2022_7,joshpalmer_lac_2022,lac_2022,joshpalmer,62979,wr,lac,1,10,0,27,0,0,0,0,0,0,0,0,0,0,0,0,0,0,0,0,0,0,0,0,0,0,0,0,0,0,0,0,0,0,0,0,0,0,0,0,0,0,0,0,0,0,0,0,0,0,0,0,0,0,0,0,0,0,0,0,0,0,0,7,2022,7
traviskelce_kc_2022_7,kc_2022_7,traviskelce_kc_2022,kc_2022,traviskelce,7844,te,kc,1,10,0,16,0,0,0,0,0,0,0,0,0,0,0,0,0,0,0,0,0,0,0,0,0,0,0,0,0,0,0,0,0,0,0,0,0,0,0,0,0,0,0,0,0,0,0,0,0,0,0,0,0,0,0,0,0,0,0,0,0,0,0,7,2022,7
darnellmooney_chi_2022_7,chi_2022_7,darnellmooney_chi_2022,chi_2022,darnellmooney,48236,wr,chi,1,10,0,6,0,0,0,0,0,0,0,0,0,0,0,0,0,0,0,0,0,0,0,0,0,0,0,0,0,0,0,0,0,0,0,0,0,0,0,0,0,0,0,0,0,0,0,0,0,0,0,0,0,0,0,0,0,0,0,0,0,0,0,7,2022,7
jamarrchase_cin_2022_7,cin_2022_7,jamarrchase_cin_2022,cin_2022,jamarrchase,84270,wr,cin,1,9,0,7,0,0,0,0,0,0,0,0,0,0,0,0,0,0,0,0,0,0,0,0,0,0,0,0,0,0,0,0,0,0,0,0,0,0,0,0,0,0,0,0,0,0,0,0,0,0,0,0,0,0,0,0,0,0,0,0,0,0,0,7,2022,7
georgekittle_sf_2022_7,sf_2022_7,georgekittle_sf_2022,sf_2022,georgekittle,11901,te,sf,1,9,0,28,0,0,0,0,0,0,0,0,0,0,0,0,0,0,0,0,0,0,0,0,0,0,0,0,0,0,0,0,0,0,0,0,0,0,0,0,0,0,0,0,0,0,0,0,0,0,0,0,0,0,0,0,0,0,0,0,0,0,0,7,2022,7
alvinkamara_no_2022_7,no_2022_7,alvinkamara_no_2022,no_2022,alvinkamara,11822,hb,no,1,9,0,20,0,0,0,0,0,0,0,0,0,0,0,0,0,0,0,0,0,0,0,0,0,0,0,0,0,0,0,0,0,0,0,0,0,0,0,0,0,0,0,0,0,0,0,0,0,0,0,0,0,0,0,0,0,0,0,0,0,0,0,7,2022,7
zachertz_ari_2022_7,ari_2022_7,zachertz_ari_2022,ari_2022,zachertz,7816,te,ari,1,9,0,1,0,0,0,0,0,0,0,0,0,0,0,0,0,0,0,0,0,0,0,0,0,0,0,0,0,0,0,0,0,0,0,0,0,0,0,0,0,0,0,0,0,0,0,0,0,0,0,0,0,0,0,0,0,0,0,0,0,0,0,7,2022,7
rondalemoore_ari_2022_7,ari_2022_7,rondalemoore_ari_2022,ari_2022,rondalemoore,62890,wr,ari,1,9,0,1,0,0,0,0,0,0,0,0,0,0,0,0,0,0,0,0,0,0,0,0,0,0,0,0,0,0,0,0,0,0,0,0,0,0,0,0,0,0,0,0,0,0,0,0,0,0,0,0,0,0,0,0,0,0,0,0,0,0,0,7,2022,7
ceedeelamb_dal_2022_7,dal_2022_7,ceedeelamb_dal_2022,dal_2022,ceedeelamb,61570,wr,dal,1,9,0,9,0,0,0,0,0,0,0,0,0,0,0,0,0,0,0,0,0,0,0,0,0,0,0,0,0,0,0,0,0,0,0,0,0,0,0,0,0,0,0,0,0,0,0,0,0,0,0,0,0,0,0,0,0,0,0,0,0,0,0,7,2022,7
parriscampbell_ind_2022_7,ind_2022_7,parriscampbell_ind_2022,ind_2022,parriscampbell,47940,wr,ind,1,9,0,14,0,0,0,0,0,0,0,0,0,0,0,0,0,0,0,0,0,0,0,0,0,0,0,0,0,0,0,0,0,0,0,0,0,0,0,0,0,0,0,0,0,0,0,0,0,0,0,0,0,0,0,0,0,0,0,0,0,0,0,7,2022,7
allenlazard_gb_2022_7,gb_2022_7,allenlazard_gb_2022,gb_2022,allenlazard,48135,wr,gb,1,9,0,12,0,0,0,0,0,0,0,0,0,0,0,0,0,0,0,0,0,0,0,0,0,0,0,0,0,0,0,0,0,0,0,0,0,0,0,0,0,0,0,0,0,0,0,0,0,0,0,0,0,0,0,0,0,0,0,0,0,0,0,7,2022,7
teehiggins_cin_2022_7,cin_2022_7,teehiggins_cin_2022,cin_2022,teehiggins,61211,wr,cin,1,9,0,7,0,0,0,0,0,0,0,0,0,0,0,0,0,0,0,0,0,0,0,0,0,0,0,0,0,0,0,0,0,0,0,0,0,0,0,0,0,0,0,0,0,0,0,0,0,0,0,0,0,0,0,0,0,0,0,0,0,0,0,7,2022,7
romeodoubs_gb_2022_7,gb_2022_7,romeodoubs_gb_2022,gb_2022,romeodoubs,84329,wr,gb,1,9,0,12,0,0,0,0,0,0,0,0,0,0,0,0,0,0,0,0,0,0,0,0,0,0,0,0,0,0,0,0,0,0,0,0,0,0,0,0,0,0,0,0,0,0,0,0,0,0,0,0,0,0,0,0,0,0,0,0,0,0,0,7,2022,7
christianmccaffrey_car_2022_7,car_2022_7,christianmccaffrey_car_2022,car_2022,christianmccaffrey,11763,hb,car,1,8,0,5,0,0,0,0,0,0,0,0,0,0,0,0,0,0,0,0,0,0,0,0,0,0,0,0,0,0,0,0,0,0,0,0,0,0,0,0,0,0,0,0,0,0,0,0,0,0,0,0,0,0,0,0,0,0,0,0,0,0,0,7,2022,7
ajbrown_phi_2022_7,phi_2022_7,ajbrown_phi_2022,phi_2022,ajbrown,48327,wr,phi,1,8,0,24,0,0,0,0,0,0,0,0,0,0,0,0,0,0,0,0,0,0,0,0,0,0,0,0,0,0,0,0,0,0,0,0,0,0,0,0,0,0,0,0,0,0,0,0,0,0,0,0,0,0,0,0,0,0,0,0,0,0,0,7,2022,7
cooperkupp_lar_2022_7,lar_2022_7,cooperkupp_lar_2022,lar_2022,cooperkupp,11824,wr,lar,1,8,0,26,0,0,0,0,0,0,0,0,0,0,0,0,0,0,0,0,0,0,0,0,0,0,0,0,0,0,0,0,0,0,0,0,0,0,0,0,0,0,0,0,0,0,0,0,0,0,0,0,0,0,0,0,0,0,0,0,0,0,0,7,2022,7
adamthielen_min_2022_7,min_2022_7,adamthielen_min_2022,min_2022,adamthielen,8288,wr,min,1,8,0,18,0,0,0,0,0,0,0,0,0,0,0,0,0,0,0,0,0,0,0,0,0,0,0,0,0,0,0,0,0,0,0,0,0,0,0,0,0,0,0,0,0,0,0,0,0,0,0,0,0,0,0,0,0,0,0,0,0,0,0,7,2022,7
jerryjeudy_den_2022_7,den_2022_7,jerryjeudy_den_2022,den_2022,jerryjeudy,61103,wr,den,1,7,0,10,0,0,0,0,0,0,0,0,0,0,0,0,0,0,0,0,0,0,0,0,0,0,0,0,0,0,0,0,0,0,0,0,0,0,0,0,0,0,0,0,0,0,0,0,0,0,0,0,0,0,0,0,0,0,0,0,0,0,0,7,2022,7
noahfant_sea_2022_7,sea_2022_7,noahfant_sea_2022,sea_2022,noahfant,42388,te,sea,1,7,0,29,0,0,0,0,0,0,0,0,0,0,0,0,0,0,0,0,0,0,0,0,0,0,0,0,0,0,0,0,0,0,0,0,0,0,0,0,0,0,0,0,0,0,0,0,0,0,0,0,0,0,0,0,0,0,0,0,0,0,0,7,2022,7
michaelgallup_dal_2022_7,dal_2022_7,michaelgallup_dal_2022,dal_2022,michaelgallup,26075,wr,dal,1,7,0,9,0,0,0,0,0,0,0,0,0,0,0,0,0,0,0,0,0,0,0,0,0,0,0,0,0,0,0,0,0,0,0,0,0,0,0,0,0,0,0,0,0,0,0,0,0,0,0,0,0,0,0,0,0,0,0,0,0,0,0,7,2022,7
marquezcallaway_no_2022_7,no_2022_7,marquezcallaway_no_2022,no_2022,marquezcallaway,42295,wr,no,1,7,0,20,0,0,0,0,0,0,0,0,0,0,0,0,0,0,0,0,0,0,0,0,0,0,0,0,0,0,0,0,0,0,0,0,0,0,0,0,0,0,0,0,0,0,0,0,0,0,0,0,0,0,0,0,0,0,0,0,0,0,0,7,2022,7
mikegesicki_mia_2022_7,mia_2022_7,mikegesicki_mia_2022,mia_2022,mikegesicki,47153,te,mia,1,7,0,17,0,0,0,0,0,0,0,0,0,0,0,0,0,0,0,0,0,0,0,0,0,0,0,0,0,0,0,0,0,0,0,0,0,0,0,0,0,0,0,0,0,0,0,0,0,0,0,0,0,0,0,0,0,0,0,0,0,0,0,7,2022,7
dkmetcalf_sea_2022_7,sea_2022_7,dkmetcalf_sea_2022,sea_2022,dkmetcalf,47864,wr,sea,1,7,0,29,0,0,0,0,0,0,0,0,0,0,0,0,0,0,0,0,0,0,0,0,0,0,0,0,0,0,0,0,0,0,0,0,0,0,0,0,0,0,0,0,0,0,0,0,0,0,0,0,0,0,0,0,0,0,0,0,0,0,0,7,2022,7
chaseclaypool_pit_2022_7,pit_2022_7,chaseclaypool_pit_2022,pit_2022,chaseclaypool,42312,wr,pit,1,7,0,25,0,0,0,0,0,0,0,0,0,0,0,0,0,0,0,0,0,0,0,0,0,0,0,0,0,0,0,0,0,0,0,0,0,0,0,0,0,0,0,0,0,0,0,0,0,0,0,0,0,0,0,0,0,0,0,0,0,0,0,7,2022,7
geraldeverett_lac_2022_7,lac_2022_7,geraldeverett_lac_2022,lac_2022,geraldeverett,11799,te,lac,1,7,0,27,0,0,0,0,0,0,0,0,0,0,0,0,0,0,0,0,0,0,0,0,0,0,0,0,0,0,0,0,0,0,0,0,0,0,0,0,0,0,0,0,0,0,0,0,0,0,0,0,0,0,0,0,0,0,0,0,0,0,0,7,2022,7
alecpierce_ind_2022_7,ind_2022_7,alecpierce_ind_2022,ind_2022,alecpierce,78038,wr,ind,1,7,0,14,0,0,0,0,0,0,0,0,0,0,0,0,0,0,0,0,0,0,0,0,0,0,0,0,0,0,0,0,0,0,0,0,0,0,0,0,0,0,0,0,0,0,0,0,0,0,0,0,0,0,0,0,0,0,0,0,0,0,0,7,2022,7
justinjefferson_min_2022_7,min_2022_7,justinjefferson_min_2022,min_2022,justinjefferson,61398,wr,min,1,7,0,18,0,0,0,0,0,0,0,0,0,0,0,0,0,0,0,0,0,0,0,0,0,0,0,0,0,0,0,0,0,0,0,0,0,0,0,0,0,0,0,0,0,0,0,0,0,0,0,0,0,0,0,0,0,0,0,0,0,0,0,7,2022,7
hunterhenry_ne_2022_7,ne_2022_7,hunterhenry_ne_2022,ne_2022,hunterhenry,10669,te,ne,1,7,0,19,0,0,0,0,0,0,0,0,0,0,0,0,0,0,0,0,0,0,0,0,0,0,0,0,0,0,0,0,0,0,0,0,0,0,0,0,0,0,0,0,0,0,0,0,0,0,0,0,0,0,0,0,0,0,0,0,0,0,0,7,2022,7
diontaejohnson_pit_2022_7,pit_2022_7,diontaejohnson_pit_2022,pit_2022,diontaejohnson,33441,wr,pit,1,7,0,25,0,0,0,0,0,0,0,0,0,0,0,0,0,0,0,0,0,0,0,0,0,0,0,0,0,0,0,0,0,0,0,0,0,0,0,0,0,0,0,0,0,0,0,0,0,0,0,0,0,0,0,0,0,0,0,0,0,0,0,7,2022,7
georgepickens_pit_2022_7,pit_2022_7,georgepickens_pit_2022,pit_2022,georgepickens,99229,wr,pit,1,6,0,25,0,0,0,0,0,0,0,0,0,0,0,0,0,0,0,0,0,0,0,0,0,0,0,0,0,0,0,0,0,0,0,0,0,0,0,0,0,0,0,0,0,0,0,0,0,0,0,0,0,0,0,0,0,0,0,0,0,0,0,7,2022,7
allenrobinsonii_lar_2022_7,lar_2022_7,allenrobinsonii_lar_2022,lar_2022,allenrobinsonii,8696,wr,lar,1,6,0,26,0,0,0,0,0,0,0,0,0,0,0,0,0,0,0,0,0,0,0,0,0,0,0,0,0,0,0,0,0,0,0,0,0,0,0,0,0,0,0,0,0,0,0,0,0,0,0,0,0,0,0,0,0,0,0,0,0,0,0,7,2022,7
devanteparker_ne_2022_7,ne_2022_7,devanteparker_ne_2022,ne_2022,devanteparker,9447,wr,ne,1,6,0,19,0,0,0,0,0,0,0,0,0,0,0,0,0,0,0,0,0,0,0,0,0,0,0,0,0,0,0,0,0,0,0,0,0,0,0,0,0,0,0,0,0,0,0,0,0,0,0,0,0,0,0,0,0,0,0,0,0,0,0,7,2022,7
tylerboyd_cin_2022_7,cin_2022_7,tylerboyd_cin_2022,cin_2022,tylerboyd,10689,wr,cin,1,6,0,7,0,0,0,0,0,0,0,0,0,0,0,0,0,0,0,0,0,0,0,0,0,0,0,0,0,0,0,0,0,0,0,0,0,0,0,0,0,0,0,0,0,0,0,0,0,0,0,0,0,0,0,0,0,0,0,0,0,0,0,7,2022,7
jakeferguson_dal_2022_7,dal_2022_7,jakeferguson_dal_2022,dal_2022,jakeferguson,61081,te,dal,1,6,0,9,0,0,0,0,0,0,0,0,0,0,0,0,0,0,0,0,0,0,0,0,0,0,0,0,0,0,0,0,0,0,0,0,0,0,0,0,0,0,0,0,0,0,0,0,0,0,0,0,0,0,0,0,0,0,0,0,0,0,0,7,2022,7
leonardfournette_tb_2022_7,tb_2022_7,leonardfournette_tb_2022,tb_2022,leonardfournette,11759,hb,tb,1,6,0,30,0,0,0,0,0,0,0,0,0,0,0,0,0,0,0,0,0,0,0,0,0,0,0,0,0,0,0,0,0,0,0,0,0,0,0,0,0,0,0,0,0,0,0,0,0,0,0,0,0,0,0,0,0,0,0,0,0,0,0,7,2022,7
mikewilliams_lac_2022_7,lac_2022_7,mikewilliams_lac_2022,lac_2022,mikewilliams,11762,wr,lac,1,6,0,27,0,0,0,0,0,0,0,0,0,0,0,0,0,0,0,0,0,0,0,0,0,0,0,0,0,0,0,0,0,0,0,0,0,0,0,0,0,0,0,0,0,0,0,0,0,0,0,0,0,0,0,0,0,0,0,0,0,0,0,7,2022,7
evanengram_jax_2022_7,jax_2022_7,evanengram_jax_2022,jax_2022,evanengram,11778,te,jax,1,6,0,15,0,0,0,0,0,0,0,0,0,0,0,0,0,0,0,0,0,0,0,0,0,0,0,0,0,0,0,0,0,0,0,0,0,0,0,0,0,0,0,0,0,0,0,0,0,0,0,0,0,0,0,0,0,0,0,0,0,0,0,7,2022,7
davidnjoku_cle_2022_7,cle_2022_7,davidnjoku_cle_2022,cle_2022,davidnjoku,11784,te,cle,1,6,0,8,0,0,0,0,0,0,0,0,0,0,0,0,0,0,0,0,0,0,0,0,0,0,0,0,0,0,0,0,0,0,0,0,0,0,0,0,0,0,0,0,0,0,0,0,0,0,0,0,0,0,0,0,0,0,0,0,0,0,0,7,2022,7
ajdillon_gb_2022_7,gb_2022_7,ajdillon_gb_2022,gb_2022,ajdillon,57165,hb,gb,1,6,0,12,0,0,0,0,0,0,0,0,0,0,0,0,0,0,0,0,0,0,0,0,0,0,0,0,0,0,0,0,0,0,0,0,0,0,0,0,0,0,0,0,0,0,0,0,0,0,0,0,0,0,0,0,0,0,0,0,0,0,0,7,2022,7
djmoore_car_2022_7,car_2022_7,djmoore_car_2022,car_2022,djmoore,48267,wr,car,1,6,0,5,0,0,0,0,0,0,0,0,0,0,0,0,0,0,0,0,0,0,0,0,0,0,0,0,0,0,0,0,0,0,0,0,0,0,0,0,0,0,0,0,0,0,0,0,0,0,0,0,0,0,0,0,0,0,0,0,0,0,0,7,2022,7
dantepettis_chi_2022_7,chi_2022_7,dantepettis_chi_2022,chi_2022,dantepettis,48113,wr,chi,1,6,0,6,0,0,0,0,0,0,0,0,0,0,0,0,0,0,0,0,0,0,0,0,0,0,0,0,0,0,0,0,0,0,0,0,0,0,0,0,0,0,0,0,0,0,0,0,0,0,0,0,0,0,0,0,0,0,0,0,0,0,0,7,2022,7
joemixon_cin_2022_7,cin_2022_7,joemixon_cin_2022,cin_2022,joemixon,11803,hb,cin,1,5,0,7,0,0,0,0,0,0,0,0,0,0,0,0,0,0,0,0,0,0,0,0,0,0,0,0,0,0,0,0,0,0,0,0,0,0,0,0,0,0,0,0,0,0,0,0,0,0,0,0,0,0,0,0,0,0,0,0,0,0,0,7,2022,7
zayjones_jax_2022_7,jax_2022_7,zayjones_jax_2022,jax_2022,zayjones,11792,wr,jax,1,5,0,15,0,0,0,0,0,0,0,0,0,0,0,0,0,0,0,0,0,0,0,0,0,0,0,0,0,0,0,0,0,0,0,0,0,0,0,0,0,0,0,0,0,0,0,0,0,0,0,0,0,0,0,0,0,0,0,0,0,0,0,7,2022,7
rhamondrestevenson_ne_2022_7,ne_2022_7,rhamondrestevenson_ne_2022,ne_2022,rhamondrestevenson,98689,hb,ne,1,5,0,19,0,0,0,0,0,0,0,0,0,0,0,0,0,0,0,0,0,0,0,0,0,0,0,0,0,0,0,0,0,0,0,0,0,0,0,0,0,0,0,0,0,0,0,0,0,0,0,0,0,0,0,0,0,0,0,0,0,0,0,7,2022,7
isaiahmckenzie_buf_2022_7,buf_2022_7,isaiahmckenzie_buf_2022,buf_2022,isaiahmckenzie,11927,wr,buf,1,5,0,4,0,0,0,0,0,0,0,0,0,0,0,0,0,0,0,0,0,0,0,0,0,0,0,0,0,0,0,0,0,0,0,0,0,0,0,0,0,0,0,0,0,0,0,0,0,0,0,0,0,0,0,0,0,0,0,0,0,0,0,7,2022,7
garrettwilson_nyj_2022_7,nyj_2022_7,garrettwilson_nyj_2022,nyj_2022,garrettwilson,97405,wr,nyj,1,5,0,22,0,0,0,0,0,0,0,0,0,0,0,0,0,0,0,0,0,0,0,0,0,0,0,0,0,0,0,0,0,0,0,0,0,0,0,0,0,0,0,0,0,0,0,0,0,0,0,0,0,0,0,0,0,0,0,0,0,0,0,7,2022,7
peytonhendershot_dal_2022_7,dal_2022_7,peytonhendershot_dal_2022,dal_2022,peytonhendershot,60915,te,dal,1,5,0,9,0,0,0,0,0,0,0,0,0,0,0,0,0,0,0,0,0,0,0,0,0,0,0,0,0,0,0,0,0,0,0,0,0,0,0,0,0,0,0,0,0,0,0,0,0,0,0,0,0,0,0,0,0,0,0,0,0,0,0,7,2022,7
demarcusrobinson_bal_2022_7,bal_2022_7,demarcusrobinson_bal_2022,bal_2022,demarcusrobinson,10760,wr,bal,1,5,0,3,0,0,0,0,0,0,0,0,0,0,0,0,0,0,0,0,0,0,0,0,0,0,0,0,0,0,0,0,0,0,0,0,0,0,0,0,0,0,0,0,0,0,0,0,0,0,0,0,0,0,0,0,0,0,0,0,0,0,0,7,2022,7
devontasmith_phi_2022_7,phi_2022_7,devontasmith_phi_2022,phi_2022,devontasmith,61100,wr,phi,1,5,0,24,0,0,0,0,0,0,0,0,0,0,0,0,0,0,0,0,0,0,0,0,0,0,0,0,0,0,0,0,0,0,0,0,0,0,0,0,0,0,0,0,0,0,0,0,0,0,0,0,0,0,0,0,0,0,0,0,0,0,0,7,2022,7
deandrecarter_lac_2022_7,lac_2022_7,deandrecarter_lac_2022,lac_2022,deandrecarter,9859,wr,lac,1,5,0,27,0,0,0,0,0,0,0,0,0,0,0,0,0,0,0,0,0,0,0,0,0,0,0,0,0,0,0,0,0,0,0,0,0,0,0,0,0,0,0,0,0,0,0,0,0,0,0,0,0,0,0,0,0,0,0,0,0,0,0,7,2022,7
bennettskowronek_lar_2022_7,lar_2022_7,bennettskowronek_lar_2022,lar_2022,bennettskowronek,27948,wr,lar,1,5,0,26,0,0,0,0,0,0,0,0,0,0,0,0,0,0,0,0,0,0,0,0,0,0,0,0,0,0,0,0,0,0,0,0,0,0,0,0,0,0,0,0,0,0,0,0,0,0,0,0,0,0,0,0,0,0,0,0,0,0,0,7,2022,7
brandonpowell_lar_2022_7,lar_2022_7,brandonpowell_lar_2022,lar_2022,brandonpowell,48036,wr,lar,1,5,0,26,0,0,0,0,0,0,0,0,0,0,0,0,0,0,0,0,0,0,0,0,0,0,0,0,0,0,0,0,0,0,0,0,0,0,0,0,0,0,0,0,0,0,0,0,0,0,0,0,0,0,0,0,0,0,0,0,0,0,0,7,2022,7
donovanpeoplesjones_cle_2022_7,cle_2022_7,donovanpeoplesjones_cle_2022,cle_2022,donovanpeoplesjones,61439,wr,cle,1,5,0,8,0,0,0,0,0,0,0,0,0,0,0,0,0,0,0,0,0,0,0,0,0,0,0,0,0,0,0,0,0,0,0,0,0,0,0,0,0,0,0,0,0,0,0,0,0,0,0,0,0,0,0,0,0,0,0,0,0,0,0,7,2022,7
tyquanthornton_ne_2022_7,ne_2022_7,tyquanthornton_ne_2022,ne_2022,tyquanthornton,78092,wr,ne,1,5,0,19,0,0,0,0,0,0,0,0,0,0,0,0,0,0,0,0,0,0,0,0,0,0,0,0,0,0,0,0,0,0,0,0,0,0,0,0,0,0,0,0,0,0,0,0,0,0,0,0,0,0,0,0,0,0,0,0,0,0,0,7,2022,7
christiankirk_jax_2022_7,jax_2022_7,christiankirk_jax_2022,jax_2022,christiankirk,47546,wr,jax,1,5,0,15,0,0,0,0,0,0,0,0,0,0,0,0,0,0,0,0,0,0,0,0,0,0,0,0,0,0,0,0,0,0,0,0,0,0,0,0,0,0,0,0,0,0,0,0,0,0,0,0,0,0,0,0,0,0,0,0,0,0,0,7,2022,7
danielbellinger_nyg_2022_7,nyg_2022_7,danielbellinger_nyg_2022,nyg_2022,danielbellinger,84041,te,nyg,1,5,0,21,0,0,0,0,0,0,0,0,0,0,0,0,0,0,0,0,0,0,0,0,0,0,0,0,0,0,0,0,0,0,0,0,0,0,0,0,0,0,0,0,0,0,0,0,0,0,0,0,0,0,0,0,0,0,0,0,0,0,0,7,2022,7
kjosborn_min_2022_7,min_2022_7,kjosborn_min_2022,min_2022,kjosborn,23503,wr,min,1,5,0,18,0,0,0,0,0,0,0,0,0,0,0,0,0,0,0,0,0,0,0,0,0,0,0,0,0,0,0,0,0,0,0,0,0,0,0,0,0,0,0,0,0,0,0,0,0,0,0,0,0,0,0,0,0,0,0,0,0,0,0,7,2022,7
dallasgoedert_phi_2022_7,phi_2022_7,dallasgoedert_phi_2022,phi_2022,dallasgoedert,47272,te,phi,1,5,0,24,0,0,0,0,0,0,0,0,0,0,0,0,0,0,0,0,0,0,0,0,0,0,0,0,0,0,0,0,0,0,0,0,0,0,0,0,0,0,0,0,0,0,0,0,0,0,0,0,0,0,0,0,0,0,0,0,0,0,0,7,2022,7
gabrieldavis_buf_2022_7,buf_2022_7,gabrieldavis_buf_2022,buf_2022,gabrieldavis,55410,wr,buf,1,5,0,4,0,0,0,0,0,0,0,0,0,0,0,0,0,0,0,0,0,0,0,0,0,0,0,0,0,0,0,0,0,0,0,0,0,0,0,0,0,0,0,0,0,0,0,0,0,0,0,0,0,0,0,0,0,0,0,0,0,0,0,7,2022,7
jujusmithschuster_kc_2022_7,kc_2022_7,jujusmithschuster_kc_2022,kc_2022,jujusmithschuster,11817,wr,kc,1,5,0,16,0,0,0,0,0,0,0,0,0,0,0,0,0,0,0,0,0,0,0,0,0,0,0,0,0,0,0,0,0,0,0,0,0,0,0,0,0,0,0,0,0,0,0,0,0,0,0,0,0,0,0,0,0,0,0,0,0,0,0,7,2022,7
colekmet_chi_2022_7,chi_2022_7,colekmet_chi_2022,chi_2022,colekmet,60995,te,chi,1,4,0,6,0,0,0,0,0,0,0,0,0,0,0,0,0,0,0,0,0,0,0,0,0,0,0,0,0,0,0,0,0,0,0,0,0,0,0,0,0,0,0,0,0,0,0,0,0,0,0,0,0,0,0,0,0,0,0,0,0,0,0,7,2022,7
kylejuszczyk_sf_2022_7,sf_2022_7,kylejuszczyk_sf_2022,sf_2022,kylejuszczyk,7912,fb,sf,1,4,0,28,0,0,0,0,0,0,0,0,0,0,0,0,0,0,0,0,0,0,0,0,0,0,0,0,0,0,0,0,0,0,0,0,0,0,0,0,0,0,0,0,0,0,0,0,0,0,0,0,0,0,0,0,0,0,0,0,0,0,0,7,2022,7
mikeevans_tb_2022_7,tb_2022_7,mikeevans_tb_2022,tb_2022,mikeevans,8642,wr,tb,1,4,0,30,0,0,0,0,0,0,0,0,0,0,0,0,0,0,0,0,0,0,0,0,0,0,0,0,0,0,0,0,0,0,0,0,0,0,0,0,0,0,0,0,0,0,0,0,0,0,0,0,0,0,0,0,0,0,0,0,0,0,0,7,2022,7
tylerlockett_sea_2022_7,sea_2022_7,tylerlockett_sea_2022,sea_2022,tylerlockett,9502,wr,sea,1,4,0,29,0,0,0,0,0,0,0,0,0,0,0,0,0,0,0,0,0,0,0,0,0,0,0,0,0,0,0,0,0,0,0,0,0,0,0,0,0,0,0,0,0,0,0,0,0,0,0,0,0,0,0,0,0,0,0,0,0,0,0,7,2022,7
curtissamuel_was_2022_7,was_2022_7,curtissamuel_was_2022,was_2022,curtissamuel,11795,wr,was,1,4,0,32,0,0,0,0,0,0,0,0,0,0,0,0,0,0,0,0,0,0,0,0,0,0,0,0,0,0,0,0,0,0,0,0,0,0,0,0,0,0,0,0,0,0,0,0,0,0,0,0,0,0,0,0,0,0,0,0,0,0,0,7,2022,7
aaronjones_gb_2022_7,gb_2022_7,aaronjones_gb_2022,gb_2022,aaronjones,11937,hb,gb,1,4,0,12,0,0,0,0,0,0,0,0,0,0,0,0,0,0,0,0,0,0,0,0,0,0,0,0,0,0,0,0,0,0,0,0,0,0,0,0,0,0,0,0,0,0,0,0,0,0,0,0,0,0,0,0,0,0,0,0,0,0,0,7,2022,7
harrisonbryant_cle_2022_7,cle_2022_7,harrisonbryant_cle_2022,cle_2022,harrisonbryant,26394,te,cle,1,4,0,8,0,0,0,0,0,0,0,0,0,0,0,0,0,0,0,0,0,0,0,0,0,0,0,0,0,0,0,0,0,0,0,0,0,0,0,0,0,0,0,0,0,0,0,0,0,0,0,0,0,0,0,0,0,0,0,0,0,0,0,7,2022,7
juwanjohnson_no_2022_7,no_2022_7,juwanjohnson_no_2022,no_2022,juwanjohnson,28305,te,no,1,4,0,20,0,0,0,0,0,0,0,0,0,0,0,0,0,0,0,0,0,0,0,0,0,0,0,0,0,0,0,0,0,0,0,0,0,0,0,0,0,0,0,0,0,0,0,0,0,0,0,0,0,0,0,0,0,0,0,0,0,0,0,7,2022,7
devinduvernay_bal_2022_7,bal_2022_7,devinduvernay_bal_2022,bal_2022,devinduvernay,40006,wr,bal,1,4,0,3,0,0,0,0,0,0,0,0,0,0,0,0,0,0,0,0,0,0,0,0,0,0,0,0,0,0,0,0,0,0,0,0,0,0,0,0,0,0,0,0,0,0,0,0,0,0,0,0,0,0,0,0,0,0,0,0,0,0,0,7,2022,7
devinsingletary_buf_2022_7,buf_2022_7,devinsingletary_buf_2022,buf_2022,devinsingletary,40485,hb,buf,1,4,0,4,0,0,0,0,0,0,0,0,0,0,0,0,0,0,0,0,0,0,0,0,0,0,0,0,0,0,0,0,0,0,0,0,0,0,0,0,0,0,0,0,0,0,0,0,0,0,0,0,0,0,0,0,0,0,0,0,0,0,0,7,2022,7
kylengranson_ind_2022_7,ind_2022_7,kylengranson_ind_2022,ind_2022,kylengranson,40630,te,ind,1,4,0,14,0,0,0,0,0,0,0,0,0,0,0,0,0,0,0,0,0,0,0,0,0,0,0,0,0,0,0,0,0,0,0,0,0,0,0,0,0,0,0,0,0,0,0,0,0,0,0,0,0,0,0,0,0,0,0,0,0,0,0,7,2022,7
irvsmithjr_min_2022_7,min_2022_7,irvsmithjr_min_2022,min_2022,irvsmithjr,42060,te,min,1,4,0,18,0,0,0,0,0,0,0,0,0,0,0,0,0,0,0,0,0,0,0,0,0,0,0,0,0,0,0,0,0,0,0,0,0,0,0,0,0,0,0,0,0,0,0,0,0,0,0,0,0,0,0,0,0,0,0,0,0,0,0,7,2022,7
russellgage_tb_2022_7,tb_2022_7,russellgage_tb_2022,tb_2022,russellgage,44771,wr,tb,1,4,0,30,0,0,0,0,0,0,0,0,0,0,0,0,0,0,0,0,0,0,0,0,0,0,0,0,0,0,0,0,0,0,0,0,0,0,0,0,0,0,0,0,0,0,0,0,0,0,0,0,0,0,0,0,0,0,0,0,0,0,0,7,2022,7
olamidezaccheaus_atl_2022_7,atl_2022_7,olamidezaccheaus_atl_2022,atl_2022,olamidezaccheaus,44920,wr,atl,1,4,0,2,0,0,0,0,0,0,0,0,0,0,0,0,0,0,0,0,0,0,0,0,0,0,0,0,0,0,0,0,0,0,0,0,0,0,0,0,0,0,0,0,0,0,0,0,0,0,0,0,0,0,0,0,0,0,0,0,0,0,0,7,2022,7
jakobimeyers_ne_2022_7,ne_2022_7,jakobimeyers_ne_2022,ne_2022,jakobimeyers,47468,wr,ne,1,4,0,19,0,0,0,0,0,0,0,0,0,0,0,0,0,0,0,0,0,0,0,0,0,0,0,0,0,0,0,0,0,0,0,0,0,0,0,0,0,0,0,0,0,0,0,0,0,0,0,0,0,0,0,0,0,0,0,0,0,0,0,7,2022,7
terrymclaurin_was_2022_7,was_2022_7,terrymclaurin_was_2022,was_2022,terrymclaurin,48229,wr,was,1,4,0,32,0,0,0,0,0,0,0,0,0,0,0,0,0,0,0,0,0,0,0,0,0,0,0,0,0,0,0,0,0,0,0,0,0,0,0,0,0,0,0,0,0,0,0,0,0,0,0,0,0,0,0,0,0,0,0,0,0,0,0,7,2022,7
ajgreen_ari_2022_7,ari_2022_7,ajgreen_ari_2022,ari_2022,ajgreen,6156,wr,ari,1,4,0,1,0,0,0,0,0,0,0,0,0,0,0,0,0,0,0,0,0,0,0,0,0,0,0,0,0,0,0,0,0,0,0,0,0,0,0,0,0,0,0,0,0,0,0,0,0,0,0,0,0,0,0,0,0,0,0,0,0,0,0,7,2022,7
antoniogibson_was_2022_7,was_2022_7,antoniogibson_was_2022,was_2022,antoniogibson,78050,hb,was,1,4,0,32,0,0,0,0,0,0,0,0,0,0,0,0,0,0,0,0,0,0,0,0,0,0,0,0,0,0,0,0,0,0,0,0,0,0,0,0,0,0,0,0,0,0,0,0,0,0,0,0,0,0,0,0,0,0,0,0,0,0,0,7,2022,7
isaiahlikely_bal_2022_7,bal_2022_7,isaiahlikely_bal_2022,bal_2022,isaiahlikely,83955,te,bal,1,4,0,3,0,0,0,0,0,0,0,0,0,0,0,0,0,0,0,0,0,0,0,0,0,0,0,0,0,0,0,0,0,0,0,0,0,0,0,0,0,0,0,0,0,0,0,0,0,0,0,0,0,0,0,0,0,0,0,0,0,0,0,7,2022,7
drakelondon_atl_2022_7,atl_2022_7,drakelondon_atl_2022,atl_2022,drakelondon,86519,wr,atl,1,4,0,2,0,0,0,0,0,0,0,0,0,0,0,0,0,0,0,0,0,0,0,0,0,0,0,0,0,0,0,0,0,0,0,0,0,0,0,0,0,0,0,0,0,0,0,0,0,0,0,0,0,0,0,0,0,0,0,0,0,0,0,7,2022,7
wandalerobinson_nyg_2022_7,nyg_2022_7,wandalerobinson_nyg_2022,nyg_2022,wandalerobinson,101735,wr,nyg,1,4,0,21,0,0,0,0,0,0,0,0,0,0,0,0,0,0,0,0,0,0,0,0,0,0,0,0,0,0,0,0,0,0,0,0,0,0,0,0,0,0,0,0,0,0,0,0,0,0,0,0,0,0,0,0,0,0,0,0,0,0,0,7,2022,7
rachaadwhite_tb_2022_7,tb_2022_7,rachaadwhite_tb_2022,tb_2022,rachaadwhite,131633,hb,tb,1,4,0,30,0,0,0,0,0,0,0,0,0,0,0,0,0,0,0,0,0,0,0,0,0,0,0,0,0,0,0,0,0,0,0,0,0,0,0,0,0,0,0,0,0,0,0,0,0,0,0,0,0,0,0,0,0,0,0,0,0,0,0,7,2022,7
dawsonknox_buf_2022_7,buf_2022_7,dawsonknox_buf_2022,buf_2022,dawsonknox,35883,te,buf,1,3,0,4,0,0,0,0,0,0,0,0,0,0,0,0,0,0,0,0,0,0,0,0,0,0,0,0,0,0,0,0,0,0,0,0,0,0,0,0,0,0,0,0,0,0,0,0,0,0,0,0,0,0,0,0,0,0,0,0,0,0,0,7,2022,7
marcusjohnson_nyg_2022_7,nyg_2022_7,marcusjohnson_nyg_2022,nyg_2022,marcusjohnson,11074,wr,nyg,1,3,0,21,0,0,0,0,0,0,0,0,0,0,0,0,0,0,0,0,0,0,0,0,0,0,0,0,0,0,0,0,0,0,0,0,0,0,0,0,0,0,0,0,0,0,0,0,0,0,0,0,0,0,0,0,0,0,0,0,0,0,0,7,2022,7
skyymoore_kc_2022_7,kc_2022_7,skyymoore_kc_2022,kc_2022,skyymoore,97116,wr,kc,1,3,0,16,0,0,0,0,0,0,0,0,0,0,0,0,0,0,0,0,0,0,0,0,0,0,0,0,0,0,0,0,0,0,0,0,0,0,0,0,0,0,0,0,0,0,0,0,0,0,0,0,0,0,0,0,0,0,0,0,0,0,0,7,2022,7
cadeotton_tb_2022_7,tb_2022_7,cadeotton_tb_2022,tb_2022,cadeotton,61071,te,tb,1,3,0,30,0,0,0,0,0,0,0,0,0,0,0,0,0,0,0,0,0,0,0,0,0,0,0,0,0,0,0,0,0,0,0,0,0,0,0,0,0,0,0,0,0,0,0,0,0,0,0,0,0,0,0,0,0,0,0,0,0,0,0,7,2022,7
jdmckissic_was_2022_7,was_2022_7,jdmckissic_was_2022,was_2022,jdmckissic,11047,hb,was,1,3,0,32,0,0,0,0,0,0,0,0,0,0,0,0,0,0,0,0,0,0,0,0,0,0,0,0,0,0,0,0,0,0,0,0,0,0,0,0,0,0,0,0,0,0,0,0,0,0,0,0,0,0,0,0,0,0,0,0,0,0,0,7,2022,7
kennethwalkeriii_sea_2022_7,sea_2022_7,kennethwalkeriii_sea_2022,sea_2022,kennethwalkeriii,97199,hb,sea,1,3,0,29,0,0,0,0,0,0,0,0,0,0,0,0,0,0,0,0,0,0,0,0,0,0,0,0,0,0,0,0,0,0,0,0,0,0,0,0,0,0,0,0,0,0,0,0,0,0,0,0,0,0,0,0,0,0,0,0,0,0,0,7,2022,7
marquezvaldesscantling_kc_2022_7,kc_2022_7,marquezvaldesscantling_kc_2022,kc_2022,marquezvaldesscantling,47809,wr,kc,1,3,0,16,0,0,0,0,0,0,0,0,0,0,0,0,0,0,0,0,0,0,0,0,0,0,0,0,0,0,0,0,0,0,0,0,0,0,0,0,0,0,0,0,0,0,0,0,0,0,0,0,0,0,0,0,0,0,0,0,0,0,0,7,2022,7
philliplindsay_ind_2022_7,ind_2022_7,philliplindsay_ind_2022,ind_2022,philliplindsay,12660,hb,ind,1,3,0,14,0,0,0,0,0,0,0,0,0,0,0,0,0,0,0,0,0,0,0,0,0,0,0,0,0,0,0,0,0,0,0,0,0,0,0,0,0,0,0,0,0,0,0,0,0,0,0,0,0,0,0,0,0,0,0,0,0,0,0,7,2022,7
kjhamler_den_2022_7,den_2022_7,kjhamler_den_2022,den_2022,kjhamler,61590,wr,den,1,3,0,10,0,0,0,0,0,0,0,0,0,0,0,0,0,0,0,0,0,0,0,0,0,0,0,0,0,0,0,0,0,0,0,0,0,0,0,0,0,0,0,0,0,0,0,0,0,0,0,0,0,0,0,0,0,0,0,0,0,0,0,7,2022,7
trentsherfield_mia_2022_7,mia_2022_7,trentsherfield_mia_2022,mia_2022,trentsherfield,48021,wr,mia,1,3,0,17,0,0,0,0,0,0,0,0,0,0,0,0,0,0,0,0,0,0,0,0,0,0,0,0,0,0,0,0,0,0,0,0,0,0,0,0,0,0,0,0,0,0,0,0,0,0,0,0,0,0,0,0,0,0,0,0,0,0,0,7,2022,7
jauanjennings_sf_2022_7,sf_2022_7,jauanjennings_sf_2022,sf_2022,jauanjennings,48027,wr,sf,1,3,0,28,0,0,0,0,0,0,0,0,0,0,0,0,0,0,0,0,0,0,0,0,0,0,0,0,0,0,0,0,0,0,0,0,0,0,0,0,0,0,0,0,0,0,0,0,0,0,0,0,0,0,0,0,0,0,0,0,0,0,0,7,2022,7
saquonbarkley_nyg_2022_7,nyg_2022_7,saquonbarkley_nyg_2022,nyg_2022,saquonbarkley,45791,hb,nyg,1,3,0,21,0,0,0,0,0,0,0,0,0,0,0,0,0,0,0,0,0,0,0,0,0,0,0,0,0,0,0,0,0,0,0,0,0,0,0,0,0,0,0,0,0,0,0,0,0,0,0,0,0,0,0,0,0,0,0,0,0,0,0,7,2022,7
pharaohbrown_cle_2022_7,cle_2022_7,pharaohbrown_cle_2022,cle_2022,pharaohbrown,12247,te,cle,1,3,0,8,0,0,0,0,0,0,0,0,0,0,0,0,0,0,0,0,0,0,0,0,0,0,0,0,0,0,0,0,0,0,0,0,0,0,0,0,0,0,0,0,0,0,0,0,0,0,0,0,0,0,0,0,0,0,0,0,0,0,0,7,2022,7
courtlandsutton_den_2022_7,den_2022_7,courtlandsutton_den_2022,den_2022,courtlandsutton,48164,wr,den,1,3,0,10,0,0,0,0,0,0,0,0,0,0,0,0,0,0,0,0,0,0,0,0,0,0,0,0,0,0,0,0,0,0,0,0,0,0,0,0,0,0,0,0,0,0,0,0,0,0,0,0,0,0,0,0,0,0,0,0,0,0,0,7,2022,7
trequansmith_no_2022_7,no_2022_7,trequansmith_no_2022,no_2022,trequansmith,48228,wr,no,1,3,0,20,0,0,0,0,0,0,0,0,0,0,0,0,0,0,0,0,0,0,0,0,0,0,0,0,0,0,0,0,0,0,0,0,0,0,0,0,0,0,0,0,0,0,0,0,0,0,0,0,0,0,0,0,0,0,0,0,0,0,0,7,2022,7
kylepitts_atl_2022_7,atl_2022_7,kylepitts_atl_2022,atl_2022,kylepitts,83964,te,atl,1,3,0,2,0,0,0,0,0,0,0,0,0,0,0,0,0,0,0,0,0,0,0,0,0,0,0,0,0,0,0,0,0,0,0,0,0,0,0,0,0,0,0,0,0,0,0,0,0,0,0,0,0,0,0,0,0,0,0,0,0,0,0,7,2022,7
gregdulcich_den_2022_7,den_2022_7,gregdulcich_den_2022,den_2022,gregdulcich,84068,te,den,1,3,0,10,0,0,0,0,0,0,0,0,0,0,0,0,0,0,0,0,0,0,0,0,0,0,0,0,0,0,0,0,0,0,0,0,0,0,0,0,0,0,0,0,0,0,0,0,0,0,0,0,0,0,0,0,0,0,0,0,0,0,0,7,2022,7
cameronbrate_tb_2022_7,tb_2022_7,cameronbrate_tb_2022,tb_2022,cameronbrate,9207,te,tb,1,3,0,30,0,0,0,0,0,0,0,0,0,0,0,0,0,0,0,0,0,0,0,0,0,0,0,0,0,0,0,0,0,0,0,0,0,0,0,0,0,0,0,0,0,0,0,0,0,0,0,0,0,0,0,0,0,0,0,0,0,0,0,7,2022,7
jerickmckinnon_kc_2022_7,kc_2022_7,jerickmckinnon_kc_2022,kc_2022,jerickmckinnon,8731,hb,kc,1,3,0,16,0,0,0,0,0,0,0,0,0,0,0,0,0,0,0,0,0,0,0,0,0,0,0,0,0,0,0,0,0,0,0,0,0,0,0,0,0,0,0,0,0,0,0,0,0,0,0,0,0,0,0,0,0,0,0,0,0,0,0,7,2022,7
anthonyschwartz_cle_2022_7,cle_2022_7,anthonyschwartz_cle_2022,cle_2022,anthonyschwartz,84135,wr,cle,1,3,0,8,0,0,0,0,0,0,0,0,0,0,0,0,0,0,0,0,0,0,0,0,0,0,0,0,0,0,0,0,0,0,0,0,0,0,0,0,0,0,0,0,0,0,0,0,0,0,0,0,0,0,0,0,0,0,0,0,0,0,0,7,2022,7
reggiegilliam_buf_2022_7,buf_2022_7,reggiegilliam_buf_2022,buf_2022,reggiegilliam,40951,fb,buf,1,3,0,4,0,0,0,0,0,0,0,0,0,0,0,0,0,0,0,0,0,0,0,0,0,0,0,0,0,0,0,0,0,0,0,0,0,0,0,0,0,0,0,0,0,0,0,0,0,0,0,0,0,0,0,0,0,0,0,0,0,0,0,7,2022,7
dwayneeskridge_sea_2022_7,sea_2022_7,dwayneeskridge_sea_2022,sea_2022,dwayneeskridge,29573,wr,sea,1,3,0,29,0,0,0,0,0,0,0,0,0,0,0,0,0,0,0,0,0,0,0,0,0,0,0,0,0,0,0,0,0,0,0,0,0,0,0,0,0,0,0,0,0,0,0,0,0,0,0,0,0,0,0,0,0,0,0,0,0,0,0,7,2022,7
darrellhenderson_lar_2022_7,lar_2022_7,darrellhenderson_lar_2022,lar_2022,darrellhenderson,41193,hb,lar,1,3,0,26,0,0,0,0,0,0,0,0,0,0,0,0,0,0,0,0,0,0,0,0,0,0,0,0,0,0,0,0,0,0,0,0,0,0,0,0,0,0,0,0,0,0,0,0,0,0,0,0,0,0,0,0,0,0,0,0,0,0,0,7,2022,7
noahgray_kc_2022_7,kc_2022_7,noahgray_kc_2022,kc_2022,noahgray,60878,te,kc,1,3,0,16,0,0,0,0,0,0,0,0,0,0,0,0,0,0,0,0,0,0,0,0,0,0,0,0,0,0,0,0,0,0,0,0,0,0,0,0,0,0,0,0,0,0,0,0,0,0,0,0,0,0,0,0,0,0,0,0,0,0,0,7,2022,7
josholiver_bal_2022_7,bal_2022_7,josholiver_bal_2022,bal_2022,josholiver,47083,te,bal,1,3,0,3,0,0,0,0,0,0,0,0,0,0,0,0,0,0,0,0,0,0,0,0,0,0,0,0,0,0,0,0,0,0,0,0,0,0,0,0,0,0,0,0,0,0,0,0,0,0,0,0,0,0,0,0,0,0,0,0,0,0,0,7,2022,7
najeeharris_pit_2022_7,pit_2022_7,najeeharris_pit_2022,pit_2022,najeeharris,57121,hb,pit,1,3,0,25,0,0,0,0,0,0,0,0,0,0,0,0,0,0,0,0,0,0,0,0,0,0,0,0,0,0,0,0,0,0,0,0,0,0,0,0,0,0,0,0,0,0,0,0,0,0,0,0,0,0,0,0,0,0,0,0,0,0,0,7,2022,7
donaldparham_lac_2022_7,lac_2022_7,donaldparham_lac_2022,lac_2022,donaldparham,91014,te,lac,1,3,0,27,0,0,0,0,0,0,0,0,0,0,0,0,0,0,0,0,0,0,0,0,0,0,0,0,0,0,0,0,0,0,0,0,0,0,0,0,0,0,0,0,0,0,0,0,0,0,0,0,0,0,0,0,0,0,0,0,0,0,0,7,2022,7
enobenjamin_ari_2022_7,ari_2022_7,enobenjamin_ari_2022,ari_2022,enobenjamin,57136,hb,ari,1,3,0,1,0,0,0,0,0,0,0,0,0,0,0,0,0,0,0,0,0,0,0,0,0,0,0,0,0,0,0,0,0,0,0,0,0,0,0,0,0,0,0,0,0,0,0,0,0,0,0,0,0,0,0,0,0,0,0,0,0,0,0,7,2022,7
sonymichel_lac_2022_7,lac_2022_7,sonymichel_lac_2022,lac_2022,sonymichel,27589,hb,lac,1,3,0,27,0,0,0,0,0,0,0,0,0,0,0,0,0,0,0,0,0,0,0,0,0,0,0,0,0,0,0,0,0,0,0,0,0,0,0,0,0,0,0,0,0,0,0,0,0,0,0,0,0,0,0,0,0,0,0,0,0,0,0,7,2022,7
coreydavis_nyj_2022_7,nyj_2022_7,coreydavis_nyj_2022,nyj_2022,coreydavis,11760,wr,nyj,1,3,0,22,0,0,0,0,0,0,0,0,0,0,0,0,0,0,0,0,0,0,0,0,0,0,0,0,0,0,0,0,0,0,0,0,0,0,0,0,0,0,0,0,0,0,0,0,0,0,0,0,0,0,0,0,0,0,0,0,0,0,0,7,2022,7
mecolehardman_kc_2022_7,kc_2022_7,mecolehardman_kc_2022,kc_2022,mecolehardman,42683,wr,kc,1,3,0,16,0,0,0,0,0,0,0,0,0,0,0,0,0,0,0,0,0,0,0,0,0,0,0,0,0,0,0,0,0,0,0,0,0,0,0,0,0,0,0,0,0,0,0,0,0,0,0,0,0,0,0,0,0,0,0,0,0,0,0,7,2022,7
dariusslayton_nyg_2022_7,nyg_2022_7,dariusslayton_nyg_2022,nyg_2022,dariusslayton,25578,wr,nyg,1,3,0,21,0,0,0,0,0,0,0,0,0,0,0,0,0,0,0,0,0,0,0,0,0,0,0,0,0,0,0,0,0,0,0,0,0,0,0,0,0,0,0,0,0,0,0,0,0,0,0,0,0,0,0,0,0,0,0,0,0,0,0,7,2022,7
haydenhurst_cin_2022_7,cin_2022_7,haydenhurst_cin_2022,cin_2022,haydenhurst,47294,te,cin,1,3,0,7,0,0,0,0,0,0,0,0,0,0,0,0,0,0,0,0,0,0,0,0,0,0,0,0,0,0,0,0,0,0,0,0,0,0,0,0,0,0,0,0,0,0,0,0,0,0,0,0,0,0,0,0,0,0,0,0,0,0,0,7,2022,7
jelaniwoods_ind_2022_7,ind_2022_7,jelaniwoods_ind_2022,ind_2022,jelaniwoods,60509,te,ind,1,3,0,14,0,0,0,0,0,0,0,0,0,0,0,0,0,0,0,0,0,0,0,0,0,0,0,0,0,0,0,0,0,0,0,0,0,0,0,0,0,0,0,0,0,0,0,0,0,0,0,0,0,0,0,0,0,0,0,0,0,0,0,7,2022,7
colbyparkinson_sea_2022_7,sea_2022_7,colbyparkinson_sea_2022,sea_2022,colbyparkinson,52266,te,sea,1,2,0,29,0,0,0,0,0,0,0,0,0,0,0,0,0,0,0,0,0,0,0,0,0,0,0,0,0,0,0,0,0,0,0,0,0,0,0,0,0,0,0,0,0,0,0,0,0,0,0,0,0,0,0,0,0,0,0,0,0,0,0,7,2022,7
michaelwoodsii_cle_2022_7,cle_2022_7,michaelwoodsii_cle_2022,cle_2022,michaelwoodsii,84117,wr,cle,1,2,0,8,0,0,0,0,0,0,0,0,0,0,0,0,0,0,0,0,0,0,0,0,0,0,0,0,0,0,0,0,0,0,0,0,0,0,0,0,0,0,0,0,0,0,0,0,0,0,0,0,0,0,0,0,0,0,0,0,0,0,0,7,2022,7
michaelbandy_lac_2022_7,lac_2022_7,michaelbandy_lac_2022,lac_2022,michaelbandy,91824,wr,lac,1,2,0,27,0,0,0,0,0,0,0,0,0,0,0,0,0,0,0,0,0,0,0,0,0,0,0,0,0,0,0,0,0,0,0,0,0,0,0,0,0,0,0,0,0,0,0,0,0,0,0,0,0,0,0,0,0,0,0,0,0,0,0,7,2022,7
tylerhigbee_lar_2022_7,lar_2022_7,tylerhigbee_lar_2022,lar_2022,tylerhigbee,10744,te,lar,1,2,0,26,0,0,0,0,0,0,0,0,0,0,0,0,0,0,0,0,0,0,0,0,0,0,0,0,0,0,0,0,0,0,0,0,0,0,0,0,0,0,0,0,0,0,0,0,0,0,0,0,0,0,0,0,0,0,0,0,0,0,0,7,2022,7
kenyandrake_bal_2022_7,bal_2022_7,kenyandrake_bal_2022,bal_2022,kenyandrake,10707,hb,bal,1,2,0,3,0,0,0,0,0,0,0,0,0,0,0,0,0,0,0,0,0,0,0,0,0,0,0,0,0,0,0,0,0,0,0,0,0,0,0,0,0,0,0,0,0,0,0,0,0,0,0,0,0,0,0,0,0,0,0,0,0,0,0,7,2022,7
khalilshakir_buf_2022_7,buf_2022_7,khalilshakir_buf_2022,buf_2022,khalilshakir,84140,wr,buf,1,2,0,4,0,0,0,0,0,0,0,0,0,0,0,0,0,0,0,0,0,0,0,0,0,0,0,0,0,0,0,0,0,0,0,0,0,0,0,0,0,0,0,0,0,0,0,0,0,0,0,0,0,0,0,0,0,0,0,0,0,0,0,7,2022,7
breecehall_nyj_2022_7,nyj_2022_7,breecehall_nyj_2022,nyj_2022,breecehall,97636,hb,nyj,1,2,0,22,0,0,0,0,0,0,0,0,0,0,0,0,0,0,0,0,0,0,0,0,0,0,0,0,0,0,0,0,0,0,0,0,0,0,0,0,0,0,0,0,0,0,0,0,0,0,0,0,0,0,0,0,0,0,0,0,0,0,0,7,2022,7
marquisegoodwin_sea_2022_7,sea_2022_7,marquisegoodwin_sea_2022,sea_2022,marquisegoodwin,7859,wr,sea,1,2,0,29,0,0,0,0,0,0,0,0,0,0,0,0,0,0,0,0,0,0,0,0,0,0,0,0,0,0,0,0,0,0,0,0,0,0,0,0,0,0,0,0,0,0,0,0,0,0,0,0,0,0,0,0,0,0,0,0,0,0,0,7,2022,7
noahbrown_dal_2022_7,dal_2022_7,noahbrown_dal_2022,dal_2022,noahbrown,11993,wr,dal,1,2,0,9,0,0,0,0,0,0,0,0,0,0,0,0,0,0,0,0,0,0,0,0,0,0,0,0,0,0,0,0,0,0,0,0,0,0,0,0,0,0,0,0,0,0,0,0,0,0,0,0,0,0,0,0,0,0,0,0,0,0,0,7,2022,7
chaseedmonds_mia_2022_7,mia_2022_7,chaseedmonds_mia_2022,mia_2022,chaseedmonds,45851,hb,mia,1,2,0,17,0,0,0,0,0,0,0,0,0,0,0,0,0,0,0,0,0,0,0,0,0,0,0,0,0,0,0,0,0,0,0,0,0,0,0,0,0,0,0,0,0,0,0,0,0,0,0,0,0,0,0,0,0,0,0,0,0,0,0,7,2022,7
raheemmostert_mia_2022_7,mia_2022_7,raheemmostert_mia_2022,mia_2022,raheemmostert,9783,hb,mia,1,2,0,17,0,0,0,0,0,0,0,0,0,0,0,0,0,0,0,0,0,0,0,0,0,0,0,0,0,0,0,0,0,0,0,0,0,0,0,0,0,0,0,0,0,0,0,0,0,0,0,0,0,0,0,0,0,0,0,0,0,0,0,7,2022,7
ianthomas_car_2022_7,car_2022_7,ianthomas_car_2022,car_2022,ianthomas,42130,te,car,1,2,0,5,0,0,0,0,0,0,0,0,0,0,0,0,0,0,0,0,0,0,0,0,0,0,0,0,0,0,0,0,0,0,0,0,0,0,0,0,0,0,0,0,0,0,0,0,0,0,0,0,0,0,0,0,0,0,0,0,0,0,0,7,2022,7
camsims_was_2022_7,was_2022_7,camsims_was_2022,was_2022,camsims,47908,wr,was,1,2,0,32,0,0,0,0,0,0,0,0,0,0,0,0,0,0,0,0,0,0,0,0,0,0,0,0,0,0,0,0,0,0,0,0,0,0,0,0,0,0,0,0,0,0,0,0,0,0,0,0,0,0,0,0,0,0,0,0,0,0,0,7,2022,7
samajeperine_cin_2022_7,cin_2022_7,samajeperine_cin_2022,cin_2022,samajeperine,11869,hb,cin,1,2,0,7,0,0,0,0,0,0,0,0,0,0,0,0,0,0,0,0,0,0,0,0,0,0,0,0,0,0,0,0,0,0,0,0,0,0,0,0,0,0,0,0,0,0,0,0,0,0,0,0,0,0,0,0,0,0,0,0,0,0,0,7,2022,7
shismith_car_2022_7,car_2022_7,shismith_car_2022,car_2022,shismith,61643,wr,car,1,2,0,5,0,0,0,0,0,0,0,0,0,0,0,0,0,0,0,0,0,0,0,0,0,0,0,0,0,0,0,0,0,0,0,0,0,0,0,0,0,0,0,0,0,0,0,0,0,0,0,0,0,0,0,0,0,0,0,0,0,0,0,7,2022,7
mattbreida_nyg_2022_7,nyg_2022_7,mattbreida_nyg_2022,nyg_2022,mattbreida,12271,hb,nyg,1,2,0,21,0,0,0,0,0,0,0,0,0,0,0,0,0,0,0,0,0,0,0,0,0,0,0,0,0,0,0,0,0,0,0,0,0,0,0,0,0,0,0,0,0,0,0,0,0,0,0,0,0,0,0,0,0,0,0,0,0,0,0,7,2022,7
dernestjohnson_cle_2022_7,cle_2022_7,dernestjohnson_cle_2022,cle_2022,dernestjohnson,45734,hb,cle,1,2,0,8,0,0,0,0,0,0,0,0,0,0,0,0,0,0,0,0,0,0,0,0,0,0,0,0,0,0,0,0,0,0,0,0,0,0,0,0,0,0,0,0,0,0,0,0,0,0,0,0,0,0,0,0,0,0,0,0,0,0,0,7,2022,7
cjuzomah_nyj_2022_7,nyj_2022_7,cjuzomah_nyj_2022,nyj_2022,cjuzomah,9590,te,nyj,1,2,0,22,0,0,0,0,0,0,0,0,0,0,0,0,0,0,0,0,0,0,0,0,0,0,0,0,0,0,0,0,0,0,0,0,0,0,0,0,0,0,0,0,0,0,0,0,0,0,0,0,0,0,0,0,0,0,0,0,0,0,0,7,2022,7
richiejamesjr_nyg_2022_7,nyg_2022_7,richiejamesjr_nyg_2022,nyg_2022,richiejamesjr,28991,wr,nyg,1,2,0,21,0,0,0,0,0,0,0,0,0,0,0,0,0,0,0,0,0,0,0,0,0,0,0,0,0,0,0,0,0,0,0,0,0,0,0,0,0,0,0,0,0,0,0,0,0,0,0,0,0,0,0,0,0,0,0,0,0,0,0,7,2022,7
travisetienne_jax_2022_7,jax_2022_7,travisetienne_jax_2022,jax_2022,travisetienne,57185,hb,jax,1,2,0,15,0,0,0,0,0,0,0,0,0,0,0,0,0,0,0,0,0,0,0,0,0,0,0,0,0,0,0,0,0,0,0,0,0,0,0,0,0,0,0,0,0,0,0,0,0,0,0,0,0,0,0,0,0,0,0,0,0,0,0,7,2022,7
coleturner_was_2022_7,was_2022_7,coleturner_was_2022,was_2022,coleturner,84330,te,was,1,2,0,32,0,0,0,0,0,0,0,0,0,0,0,0,0,0,0,0,0,0,0,0,0,0,0,0,0,0,0,0,0,0,0,0,0,0,0,0,0,0,0,0,0,0,0,0,0,0,0,0,0,0,0,0,0,0,0,0,0,0,0,7,2022,7
jonnusmith_ne_2022_7,ne_2022_7,jonnusmith_ne_2022,ne_2022,jonnusmith,11855,te,ne,1,2,0,19,0,0,0,0,0,0,0,0,0,0,0,0,0,0,0,0,0,0,0,0,0,0,0,0,0,0,0,0,0,0,0,0,0,0,0,0,0,0,0,0,0,0,0,0,0,0,0,0,0,0,0,0,0,0,0,0,0,0,0,7,2022,7
mikeboone_den_2022_7,den_2022_7,mikeboone_den_2022,den_2022,mikeboone,31615,hb,den,1,2,0,10,0,0,0,0,0,0,0,0,0,0,0,0,0,0,0,0,0,0,0,0,0,0,0,0,0,0,0,0,0,0,0,0,0,0,0,0,0,0,0,0,0,0,0,0,0,0,0,0,0,0,0,0,0,0,0,0,0,0,0,7,2022,7
johnnymundt_min_2022_7,min_2022_7,johnnymundt_min_2022,min_2022,johnnymundt,12206,te,min,1,2,0,18,0,0,0,0,0,0,0,0,0,0,0,0,0,0,0,0,0,0,0,0,0,0,0,0,0,0,0,0,0,0,0,0,0,0,0,0,0,0,0,0,0,0,0,0,0,0,0,0,0,0,0,0,0,0,0,0,0,0,0,7,2022,7
tonypollard_dal_2022_7,dal_2022_7,tonypollard_dal_2022,dal_2022,tonypollard,27126,hb,dal,1,2,0,9,0,0,0,0,0,0,0,0,0,0,0,0,0,0,0,0,0,0,0,0,0,0,0,0,0,0,0,0,0,0,0,0,0,0,0,0,0,0,0,0,0,0,0,0,0,0,0,0,0,0,0,0,0,0,0,0,0,0,0,7,2022,7
tylerconklin_nyj_2022_7,nyj_2022_7,tylerconklin_nyj_2022,nyj_2022,tylerconklin,47124,te,nyj,1,2,0,22,0,0,0,0,0,0,0,0,0,0,0,0,0,0,0,0,0,0,0,0,0,0,0,0,0,0,0,0,0,0,0,0,0,0,0,0,0,0,0,0,0,0,0,0,0,0,0,0,0,0,0,0,0,0,0,0,0,0,0,7,2022,7
isiahpacheco_kc_2022_7,kc_2022_7,isiahpacheco_kc_2022,kc_2022,isiahpacheco,83747,hb,kc,1,2,0,16,0,0,0,0,0,0,0,0,0,0,0,0,0,0,0,0,0,0,0,0,0,0,0,0,0,0,0,0,0,0,0,0,0,0,0,0,0,0,0,0,0,0,0,0,0,0,0,0,0,0,0,0,0,0,0,0,0,0,0,7,2022,7
michaelstrachan_ind_2022_7,ind_2022_7,michaelstrachan_ind_2022,ind_2022,michaelstrachan,143358,wr,ind,1,2,0,14,0,0,0,0,0,0,0,0,0,0,0,0,0,0,0,0,0,0,0,0,0,0,0,0,0,0,0,0,0,0,0,0,0,0,0,0,0,0,0,0,0,0,0,0,0,0,0,0,0,0,0,0,0,0,0,0,0,0,0,7,2022,7
davidsills_nyg_2022_7,nyg_2022_7,davidsills_nyg_2022,nyg_2022,davidsills,34579,wr,nyg,1,2,0,21,0,0,0,0,0,0,0,0,0,0,0,0,0,0,0,0,0,0,0,0,0,0,0,0,0,0,0,0,0,0,0,0,0,0,0,0,0,0,0,0,0,0,0,0,0,0,0,0,0,0,0,0,0,0,0,0,0,0,0,7,2022,7
davidbell_cle_2022_7,cle_2022_7,davidbell_cle_2022,cle_2022,davidbell,97989,wr,cle,1,2,0,8,0,0,0,0,0,0,0,0,0,0,0,0,0,0,0,0,0,0,0,0,0,0,0,0,0,0,0,0,0,0,0,0,0,0,0,0,0,0,0,0,0,0,0,0,0,0,0,0,0,0,0,0,0,0,0,0,0,0,0,7,2022,7
alecingold_mia_2022_7,mia_2022_7,alecingold_mia_2022,mia_2022,alecingold,34934,fb,mia,1,2,0,17,0,0,0,0,0,0,0,0,0,0,0,0,0,0,0,0,0,0,0,0,0,0,0,0,0,0,0,0,0,0,0,0,0,0,0,0,0,0,0,0,0,0,0,0,0,0,0,0,0,0,0,0,0,0,0,0,0,0,0,7,2022,7
connorheyward_pit_2022_7,pit_2022_7,connorheyward_pit_2022,pit_2022,connorheyward,57301,te,pit,1,2,0,25,0,0,0,0,0,0,0,0,0,0,0,0,0,0,0,0,0,0,0,0,0,0,0,0,0,0,0,0,0,0,0,0,0,0,0,0,0,0,0,0,0,0,0,0,0,0,0,0,0,0,0,0,0,0,0,0,0,0,0,7,2022,7
lataviusmurray_den_2022_7,den_2022_7,lataviusmurray_den_2022,den_2022,lataviusmurray,7962,hb,den,1,1,0,10,0,0,0,0,0,0,0,0,0,0,0,0,0,0,0,0,0,0,0,0,0,0,0,0,0,0,0,0,0,0,0,0,0,0,0,0,0,0,0,0,0,0,0,0,0,0,0,0,0,0,0,0,0,0,0,0,0,0,0,7,2022,7
jackstoll_phi_2022_7,phi_2022_7,jackstoll_phi_2022,phi_2022,jackstoll,42058,te,phi,1,1,0,24,0,0,0,0,0,0,0,0,0,0,0,0,0,0,0,0,0,0,0,0,0,0,0,0,0,0,0,0,0,0,0,0,0,0,0,0,0,0,0,0,0,0,0,0,0,0,0,0,0,0,0,0,0,0,0,0,0,0,0,7,2022,7
charliewoerner_sf_2022_7,sf_2022_7,charliewoerner_sf_2022,sf_2022,charliewoerner,42257,te,sf,1,1,0,28,0,0,0,0,0,0,0,0,0,0,0,0,0,0,0,0,0,0,0,0,0,0,0,0,0,0,0,0,0,0,0,0,0,0,0,0,0,0,0,0,0,0,0,0,0,0,0,0,0,0,0,0,0,0,0,0,0,0,0,7,2022,7
seanmckeon_dal_2022_7,dal_2022_7,seanmckeon_dal_2022,dal_2022,seanmckeon,42266,te,dal,1,1,0,9,0,0,0,0,0,0,0,0,0,0,0,0,0,0,0,0,0,0,0,0,0,0,0,0,0,0,0,0,0,0,0,0,0,0,0,0,0,0,0,0,0,0,0,0,0,0,0,0,0,0,0,0,0,0,0,0,0,0,0,7,2022,7
jeffwilsonjr_sf_2022_7,sf_2022_7,jeffwilsonjr_sf_2022,sf_2022,jeffwilsonjr,29413,hb,sf,1,1,0,28,0,0,0,0,0,0,0,0,0,0,0,0,0,0,0,0,0,0,0,0,0,0,0,0,0,0,0,0,0,0,0,0,0,0,0,0,0,0,0,0,0,0,0,0,0,0,0,0,0,0,0,0,0,0,0,0,0,0,0,7,2022,7
lukefarrell_jax_2022_7,jax_2022_7,lukefarrell_jax_2022,jax_2022,lukefarrell,42353,te,jax,1,1,0,15,0,0,0,0,0,0,0,0,0,0,0,0,0,0,0,0,0,0,0,0,0,0,0,0,0,0,0,0,0,0,0,0,0,0,0,0,0,0,0,0,0,0,0,0,0,0,0,0,0,0,0,0,0,0,0,0,0,0,0,7,2022,7
averywilliams_atl_2022_7,atl_2022_7,averywilliams_atl_2022,atl_2022,averywilliams,42873,hb,atl,1,1,0,2,0,0,0,0,0,0,0,0,0,0,0,0,0,0,0,0,0,0,0,0,0,0,0,0,0,0,0,0,0,0,0,0,0,0,0,0,0,0,0,0,0,0,0,0,0,0,0,0,0,0,0,0,0,0,0,0,0,0,0,7,2022,7
davidmontgomery_chi_2022_7,chi_2022_7,davidmontgomery_chi_2022,chi_2022,davidmontgomery,45719,hb,chi,1,1,0,6,0,0,0,0,0,0,0,0,0,0,0,0,0,0,0,0,0,0,0,0,0,0,0,0,0,0,0,0,0,0,0,0,0,0,0,0,0,0,0,0,0,0,0,0,0,0,0,0,0,0,0,0,0,0,0,0,0,0,0,7,2022,7
nickchubb_cle_2022_7,cle_2022_7,nickchubb_cle_2022,cle_2022,nickchubb,45783,hb,cle,1,1,0,8,0,0,0,0,0,0,0,0,0,0,0,0,0,0,0,0,0,0,0,0,0,0,0,0,0,0,0,0,0,0,0,0,0,0,0,0,0,0,0,0,0,0,0,0,0,0,0,0,0,0,0,0,0,0,0,0,0,0,0,7,2022,7
josiahdeguara_gb_2022_7,gb_2022_7,josiahdeguara_gb_2022,gb_2022,josiahdeguara,47034,te,gb,1,1,0,12,0,0,0,0,0,0,0,0,0,0,0,0,0,0,0,0,0,0,0,0,0,0,0,0,0,0,0,0,0,0,0,0,0,0,0,0,0,0,0,0,0,0,0,0,0,0,0,0,0,0,0,0,0,0,0,0,0,0,0,7,2022,7
andrewbeck_den_2022_7,den_2022_7,andrewbeck_den_2022,den_2022,andrewbeck,47121,fb,den,1,1,0,10,0,0,0,0,0,0,0,0,0,0,0,0,0,0,0,0,0,0,0,0,0,0,0,0,0,0,0,0,0,0,0,0,0,0,0,0,0,0,0,0,0,0,0,0,0,0,0,0,0,0,0,0,0,0,0,0,0,0,0,7,2022,7
tommysweeney_buf_2022_7,buf_2022_7,tommysweeney_buf_2022,buf_2022,tommysweeney,47216,te,buf,1,1,0,4,0,0,0,0,0,0,0,0,0,0,0,0,0,0,0,0,0,0,0,0,0,0,0,0,0,0,0,0,0,0,0,0,0,0,0,0,0,0,0,0,0,0,0,0,0,0,0,0,0,0,0,0,0,0,0,0,0,0,0,7,2022,7
rivercracraft_mia_2022_7,mia_2022_7,rivercracraft_mia_2022,mia_2022,rivercracraft,47417,wr,mia,1,1,0,17,0,0,0,0,0,0,0,0,0,0,0,0,0,0,0,0,0,0,0,0,0,0,0,0,0,0,0,0,0,0,0,0,0,0,0,0,0,0,0,0,0,0,0,0,0,0,0,0,0,0,0,0,0,0,0,0,0,0,0,7,2022,7
tannerconner_mia_2022_7,mia_2022_7,tannerconner_mia_2022,mia_2022,tannerconner,22777,te,mia,1,1,0,17,0,0,0,0,0,0,0,0,0,0,0,0,0,0,0,0,0,0,0,0,0,0,0,0,0,0,0,0,0,0,0,0,0,0,0,0,0,0,0,0,0,0,0,0,0,0,0,0,0,0,0,0,0,0,0,0,0,0,0,7,2022,7
jamesrobinson_jax_2022_7,jax_2022_7,jamesrobinson_jax_2022,jax_2022,jamesrobinson,22425,hb,jax,1,1,0,15,0,0,0,0,0,0,0,0,0,0,0,0,0,0,0,0,0,0,0,0,0,0,0,0,0,0,0,0,0,0,0,0,0,0,0,0,0,0,0,0,0,0,0,0,0,0,0,0,0,0,0,0,0,0,0,0,0,0,0,7,2022,7
rayraymccloudiii_sf_2022_7,sf_2022_7,rayraymccloudiii_sf_2022,sf_2022,rayraymccloudiii,47895,wr,sf,1,1,0,28,0,0,0,0,0,0,0,0,0,0,0,0,0,0,0,0,0,0,0,0,0,0,0,0,0,0,0,0,0,0,0,0,0,0,0,0,0,0,0,0,0,0,0,0,0,0,0,0,0,0,0,0,0,0,0,0,0,0,0,7,2022,7
braxtonberrios_nyj_2022_7,nyj_2022_7,braxtonberrios_nyj_2022,nyj_2022,braxtonberrios,47961,wr,nyj,1,1,0,22,0,0,0,0,0,0,0,0,0,0,0,0,0,0,0,0,0,0,0,0,0,0,0,0,0,0,0,0,0,0,0,0,0,0,0,0,0,0,0,0,0,0,0,0,0,0,0,0,0,0,0,0,0,0,0,0,0,0,0,7,2022,7
keithkirkwood_no_2022_7,no_2022_7,keithkirkwood_no_2022,no_2022,keithkirkwood,48017,wr,no,1,1,0,20,0,0,0,0,0,0,0,0,0,0,0,0,0,0,0,0,0,0,0,0,0,0,0,0,0,0,0,0,0,0,0,0,0,0,0,0,0,0,0,0,0,0,0,0,0,0,0,0,0,0,0,0,0,0,0,0,0,0,0,7,2022,7
kendrickbourne_ne_2022_7,ne_2022_7,kendrickbourne_ne_2022,ne_2022,kendrickbourne,12270,wr,ne,1,1,0,19,0,0,0,0,0,0,0,0,0,0,0,0,0,0,0,0,0,0,0,0,0,0,0,0,0,0,0,0,0,0,0,0,0,0,0,0,0,0,0,0,0,0,0,0,0,0,0,0,0,0,0,0,0,0,0,0,0,0,0,7,2022,7
jamalagnew_jax_2022_7,jax_2022_7,jamalagnew_jax_2022,jax_2022,jamalagnew,11920,wr,jax,1,1,0,15,0,0,0,0,0,0,0,0,0,0,0,0,0,0,0,0,0,0,0,0,0,0,0,0,0,0,0,0,0,0,0,0,0,0,0,0,0,0,0,0,0,0,0,0,0,0,0,0,0,0,0,0,0,0,0,0,0,0,0,7,2022,7
patrickricard_bal_2022_7,bal_2022_7,patrickricard_bal_2022,bal_2022,patrickricard,48862,fb,bal,1,1,0,3,0,0,0,0,0,0,0,0,0,0,0,0,0,0,0,0,0,0,0,0,0,0,0,0,0,0,0,0,0,0,0,0,0,0,0,0,0,0,0,0,0,0,0,0,0,0,0,0,0,0,0,0,0,0,0,0,0,0,0,7,2022,7
kareemhunt_cle_2022_7,cle_2022_7,kareemhunt_cle_2022,cle_2022,kareemhunt,11841,hb,cle,1,1,0,8,0,0,0,0,0,0,0,0,0,0,0,0,0,0,0,0,0,0,0,0,0,0,0,0,0,0,0,0,0,0,0,0,0,0,0,0,0,0,0,0,0,0,0,0,0,0,0,0,0,0,0,0,0,0,0,0,0,0,0,7,2022,7
dalvincook_min_2022_7,min_2022_7,dalvincook_min_2022,min_2022,dalvincook,11796,hb,min,1,1,0,18,0,0,0,0,0,0,0,0,0,0,0,0,0,0,0,0,0,0,0,0,0,0,0,0,0,0,0,0,0,0,0,0,0,0,0,0,0,0,0,0,0,0,0,0,0,0,0,0,0,0,0,0,0,0,0,0,0,0,0,7,2022,7
ronnierivers_lar_2022_7,lar_2022_7,ronnierivers_lar_2022,lar_2022,ronnierivers,57208,hb,lar,1,1,0,26,0,0,0,0,0,0,0,0,0,0,0,0,0,0,0,0,0,0,0,0,0,0,0,0,0,0,0,0,0,0,0,0,0,0,0,0,0,0,0,0,0,0,0,0,0,0,0,0,0,0,0,0,0,0,0,0,0,0,0,7,2022,7
michaelcarter_nyj_2022_7,nyj_2022_7,michaelcarter_nyj_2022,nyj_2022,michaelcarter,57337,hb,nyj,1,1,0,22,0,0,0,0,0,0,0,0,0,0,0,0,0,0,0,0,0,0,0,0,0,0,0,0,0,0,0,0,0,0,0,0,0,0,0,0,0,0,0,0,0,0,0,0,0,0,0,0,0,0,0,0,0,0,0,0,0,0,0,7,2022,7
chubahubbard_car_2022_7,car_2022_7,chubahubbard_car_2022,car_2022,chubahubbard,57373,hb,car,1,1,0,5,0,0,0,0,0,0,0,0,0,0,0,0,0,0,0,0,0,0,0,0,0,0,0,0,0,0,0,0,0,0,0,0,0,0,0,0,0,0,0,0,0,0,0,0,0,0,0,0,0,0,0,0,0,0,0,0,0,0,0,7,2022,7
zanderhorvath_lac_2022_7,lac_2022_7,zanderhorvath_lac_2022,lac_2022,zanderhorvath,57384,fb,lac,1,1,0,27,0,0,0,0,0,0,0,0,0,0,0,0,0,0,0,0,0,0,0,0,0,0,0,0,0,0,0,0,0,0,0,0,0,0,0,0,0,0,0,0,0,0,0,0,0,0,0,0,0,0,0,0,0,0,0,0,0,0,0,7,2022,7
ezekielelliott_dal_2022_7,dal_2022_7,ezekielelliott_dal_2022,dal_2022,ezekielelliott,10638,hb,dal,1,1,0,9,0,0,0,0,0,0,0,0,0,0,0,0,0,0,0,0,0,0,0,0,0,0,0,0,0,0,0,0,0,0,0,0,0,0,0,0,0,0,0,0,0,0,0,0,0,0,0,0,0,0,0,0,0,0,0,0,0,0,0,7,2022,7
amarirodgers_gb_2022_7,gb_2022_7,amarirodgers_gb_2022,gb_2022,amarirodgers,61212,wr,gb,1,1,0,12,0,0,0,0,0,0,0,0,0,0,0,0,0,0,0,0,0,0,0,0,0,0,0,0,0,0,0,0,0,0,0,0,0,0,0,0,0,0,0,0,0,0,0,0,0,0,0,0,0,0,0,0,0,0,0,0,0,0,0,7,2022,7
ihmirsmithmarsette_chi_2022_7,chi_2022_7,ihmirsmithmarsette_chi_2022,chi_2022,ihmirsmithmarsette,61324,wr,chi,1,1,0,6,0,0,0,0,0,0,0,0,0,0,0,0,0,0,0,0,0,0,0,0,0,0,0,0,0,0,0,0,0,0,0,0,0,0,0,0,0,0,0,0,0,0,0,0,0,0,0,0,0,0,0,0,0,0,0,0,0,0,0,7,2022,7
malcolmbrown_lar_2022_7,lar_2022_7,malcolmbrown_lar_2022,lar_2022,malcolmbrown,9902,hb,lar,1,1,0,26,0,0,0,0,0,0,0,0,0,0,0,0,0,0,0,0,0,0,0,0,0,0,0,0,0,0,0,0,0,0,0,0,0,0,0,0,0,0,0,0,0,0,0,0,0,0,0,0,0,0,0,0,0,0,0,0,0,0,0,7,2022,7
erictomlinson_den_2022_7,den_2022_7,erictomlinson_den_2022,den_2022,erictomlinson,9786,te,den,1,1,0,10,0,0,0,0,0,0,0,0,0,0,0,0,0,0,0,0,0,0,0,0,0,0,0,0,0,0,0,0,0,0,0,0,0,0,0,0,0,0,0,0,0,0,0,0,0,0,0,0,0,0,0,0,0,0,0,0,0,0,0,7,2022,7
michaelburton_kc_2022_7,kc_2022_7,michaelburton_kc_2022,kc_2022,michaelburton,9601,fb,kc,1,1,0,16,0,0,0,0,0,0,0,0,0,0,0,0,0,0,0,0,0,0,0,0,0,0,0,0,0,0,0,0,0,0,0,0,0,0,0,0,0,0,0,0,0,0,0,0,0,0,0,0,0,0,0,0,0,0,0,0,0,0,0,7,2022,7
tylanwallace_bal_2022_7,bal_2022_7,tylanwallace_bal_2022,bal_2022,tylanwallace,61577,wr,bal,1,1,0,3,0,0,0,0,0,0,0,0,0,0,0,0,0,0,0,0,0,0,0,0,0,0,0,0,0,0,0,0,0,0,0,0,0,0,0,0,0,0,0,0,0,0,0,0,0,0,0,0,0,0,0,0,0,0,0,0,0,0,0,7,2022,7
quezwatkins_phi_2022_7,phi_2022_7,quezwatkins_phi_2022,phi_2022,quezwatkins,61664,wr,phi,1,1,0,24,0,0,0,0,0,0,0,0,0,0,0,0,0,0,0,0,0,0,0,0,0,0,0,0,0,0,0,0,0,0,0,0,0,0,0,0,0,0,0,0,0,0,0,0,0,0,0,0,0,0,0,0,0,0,0,0,0,0,0,7,2022,7
timjones_jax_2022_7,jax_2022_7,timjones_jax_2022,jax_2022,timjones,61669,wr,jax,1,1,0,15,0,0,0,0,0,0,0,0,0,0,0,0,0,0,0,0,0,0,0,0,0,0,0,0,0,0,0,0,0,0,0,0,0,0,0,0,0,0,0,0,0,0,0,0,0,0,0,0,0,0,0,0,0,0,0,0,0,0,0,7,2022,7
mycolepruitt_atl_2022_7,atl_2022_7,mycolepruitt_atl_2022,atl_2022,mycolepruitt,9576,te,atl,1,1,0,2,0,0,0,0,0,0,0,0,0,0,0,0,0,0,0,0,0,0,0,0,0,0,0,0,0,0,0,0,0,0,0,0,0,0,0,0,0,0,0,0,0,0,0,0,0,0,0,0,0,0,0,0,0,0,0,0,0,0,0,7,2022,7
rashidshaheed_no_2022_7,no_2022_7,rashidshaheed_no_2022,no_2022,rashidshaheed,63707,wr,no,1,1,0,20,0,0,0,0,0,0,0,0,0,0,0,0,0,0,0,0,0,0,0,0,0,0,0,0,0,0,0,0,0,0,0,0,0,0,0,0,0,0,0,0,0,0,0,0,0,0,0,0,0,0,0,0,0,0,0,0,0,0,0,7,2022,7
montrellwashington_den_2022_7,den_2022_7,montrellwashington_den_2022,den_2022,montrellwashington,64310,wr,den,1,1,0,10,0,0,0,0,0,0,0,0,0,0,0,0,0,0,0,0,0,0,0,0,0,0,0,0,0,0,0,0,0,0,0,0,0,0,0,0,0,0,0,0,0,0,0,0,0,0,0,0,0,0,0,0,0,0,0,0,0,0,0,7,2022,7
justinwatson_kc_2022_7,kc_2022_7,justinwatson_kc_2022,kc_2022,justinwatson,66915,wr,kc,1,1,0,16,0,0,0,0,0,0,0,0,0,0,0,0,0,0,0,0,0,0,0,0,0,0,0,0,0,0,0,0,0,0,0,0,0,0,0,0,0,0,0,0,0,0,0,0,0,0,0,0,0,0,0,0,0,0,0,0,0,0,0,7,2022,7
dyamibrown_was_2022_7,was_2022_7,dyamibrown_was_2022,was_2022,dyamibrown,77986,wr,was,1,1,0,32,0,0,0,0,0,0,0,0,0,0,0,0,0,0,0,0,0,0,0,0,0,0,0,0,0,0,0,0,0,0,0,0,0,0,0,0,0,0,0,0,0,0,0,0,0,0,0,0,0,0,0,0,0,0,0,0,0,0,0,7,2022,7
breshadperriman_tb_2022_7,tb_2022_7,breshadperriman_tb_2022,tb_2022,breshadperriman,9459,wr,tb,1,1,0,30,0,0,0,0,0,0,0,0,0,0,0,0,0,0,0,0,0,0,0,0,0,0,0,0,0,0,0,0,0,0,0,0,0,0,0,0,0,0,0,0,0,0,0,0,0,0,0,0,0,0,0,0,0,0,0,0,0,0,0,7,2022,7
markingramii_no_2022_7,no_2022_7,markingramii_no_2022,no_2022,markingramii,6180,hb,no,1,1,0,20,0,0,0,0,0,0,0,0,0,0,0,0,0,0,0,0,0,0,0,0,0,0,0,0,0,0,0,0,0,0,0,0,0,0,0,0,0,0,0,0,0,0,0,0,0,0,0,0,0,0,0,0,0,0,0,0,0,0,0,7,2022,7
kevinwhite_no_2022_7,no_2022_7,kevinwhite_no_2022,no_2022,kevinwhite,9440,wr,no,1,1,0,20,0,0,0,0,0,0,0,0,0,0,0,0,0,0,0,0,0,0,0,0,0,0,0,0,0,0,0,0,0,0,0,0,0,0,0,0,0,0,0,0,0,0,0,0,0,0,0,0,0,0,0,0,0,0,0,0,0,0,0,7,2022,7
keithsmith_atl_2022_7,atl_2022_7,keithsmith_atl_2022,atl_2022,keithsmith,9302,fb,atl,1,1,0,2,0,0,0,0,0,0,0,0,0,0,0,0,0,0,0,0,0,0,0,0,0,0,0,0,0,0,0,0,0,0,0,0,0,0,0,0,0,0,0,0,0,0,0,0,0,0,0,0,0,0,0,0,0,0,0,0,0,0,0,7,2022,7
daxmilne_was_2022_7,was_2022_7,daxmilne_was_2022,was_2022,daxmilne,84147,wr,was,1,1,0,32,0,0,0,0,0,0,0,0,0,0,0,0,0,0,0,0,0,0,0,0,0,0,0,0,0,0,0,0,0,0,0,0,0,0,0,0,0,0,0,0,0,0,0,0,0,0,0,0,0,0,0,0,0,0,0,0,0,0,0,7,2022,7
ryangriffin_chi_2022_7,chi_2022_7,ryangriffin_chi_2022,chi_2022,ryangriffin,7982,te,chi,1,1,0,6,0,0,0,0,0,0,0,0,0,0,0,0,0,0,0,0,0,0,0,0,0,0,0,0,0,0,0,0,0,0,0,0,0,0,0,0,0,0,0,0,0,0,0,0,0,0,0,0,0,0,0,0,0,0,0,0,0,0,0,7,2022,7
terracemarshalljr_car_2022_7,car_2022_7,terracemarshalljr_car_2022,car_2022,terracemarshalljr,84271,wr,car,1,1,0,5,0,0,0,0,0,0,0,0,0,0,0,0,0,0,0,0,0,0,0,0,0,0,0,0,0,0,0,0,0,0,0,0,0,0,0,0,0,0,0,0,0,0,0,0,0,0,0,0,0,0,0,0,0,0,0,0,0,0,0,7,2022,7
willdissly_sea_2022_7,sea_2022_7,willdissly_sea_2022,sea_2022,willdissly,30762,te,sea,1,1,0,29,0,0,0,0,0,0,0,0,0,0,0,0,0,0,0,0,0,0,0,0,0,0,0,0,0,0,0,0,0,0,0,0,0,0,0,0,0,0,0,0,0,0,0,0,0,0,0,0,0,0,0,0,0,0,0,0,0,0,0,7,2022,7
kendallhinton_den_2022_7,den_2022_7,kendallhinton_den_2022,den_2022,kendallhinton,34045,wr,den,1,1,0,10,0,0,0,0,0,0,0,0,0,0,0,0,0,0,0,0,0,0,0,0,0,0,0,0,0,0,0,0,0,0,0,0,0,0,0,0,0,0,0,0,0,0,0,0,0,0,0,0,0,0,0,0,0,0,0,0,0,0,0,7,2022,7
zachgentry_pit_2022_7,pit_2022_7,zachgentry_pit_2022,pit_2022,zachgentry,36049,te,pit,1,1,0,25,0,0,0,0,0,0,0,0,0,0,0,0,0,0,0,0,0,0,0,0,0,0,0,0,0,0,0,0,0,0,0,0,0,0,0,0,0,0,0,0,0,0,0,0,0,0,0,0,0,0,0,0,0,0,0,0,0,0,0,7,2022,7
juwannwinfree_gb_2022_7,gb_2022_7,juwannwinfree_gb_2022,gb_2022,juwannwinfree,38275,wr,gb,1,1,0,12,0,0,0,0,0,0,0,0,0,0,0,0,0,0,0,0,0,0,0,0,0,0,0,0,0,0,0,0,0,0,0,0,0,0,0,0,0,0,0,0,0,0,0,0,0,0,0,0,0,0,0,0,0,0,0,0,0,0,0,7,2022,7
milessanders_phi_2022_7,phi_2022_7,milessanders_phi_2022,phi_2022,milessanders,40555,hb,phi,1,1,0,24,0,0,0,0,0,0,0,0,0,0,0,0,0,0,0,0,0,0,0,0,0,0,0,0,0,0,0,0,0,0,0,0,0,0,0,0,0,0,0,0,0,0,0,0,0,0,0,0,0,0,0,0,0,0,0,0,0,0,0,7,2022,7
velusjonesjr_chi_2022_7,chi_2022_7,velusjonesjr_chi_2022,chi_2022,velusjonesjr,40573,wr,chi,1,1,0,6,0,0,0,0,0,0,0,0,0,0,0,0,0,0,0,0,0,0,0,0,0,0,0,0,0,0,0,0,0,0,0,0,0,0,0,0,0,0,0,0,0,0,0,0,0,0,0,0,0,0,0,0,0,0,0,0,0,0,0,7,2022,7
