away_matchup_id,precip,dome,temperature,wind_mph
gb@sea_2014_1,0,0,70,5
no@atl_2014_1,0,1,70,0
buf@chi_2014_1,0,0,77,7
ten@kc_2014_1,0,0,77,5
min@lar_2014_1,0,1,70,0
ne@mia_2014_1,1,0,89,13
oak@nyj_2014_1,0,0,80,3
jax@phi_2014_1,0,0,80,6
cle@pit_2014_1,0,0,72,6
cin@bal_2014_1,0,0,78,0
was@hou_2014_1,1,0,82,12
car@tb_2014_1,1,0,79,7
sf@dal_2014_1,0,0,84,0
ind@den_2014_1,0,0,70,6
nyg@det_2014_1,0,1,70,0
lac@ari_2014_1,0,1,70,0
pit@bal_2014_2,0,0,80,0
mia@buf_2014_2,0,0,61,4
atl@cin_2014_2,0,0,68,4
no@cle_2014_2,0,0,62,5
dal@ten_2014_2,0,0,77,6
ne@min_2014_2,0,0,65,11
ari@nyg_2014_2,0,0,71,5
jax@was_2014_2,0,0,67,4
det@car_2014_2,1,0,68,7
sea@lac_2014_2,0,0,85,6
lar@tb_2014_2,1,0,78,0
kc@den_2014_2,0,0,82,14
nyj@gb_2014_2,1,0,63,11
hou@oak_2014_2,0,0,73,10
chi@sf_2014_2,0,0,73,9
phi@ind_2014_2,0,1,70,0
tb@atl_2014_3,0,1,70,0
lac@buf_2014_3,1,0,72,16
ten@cin_2014_3,0,0,79,14
bal@cle_2014_3,1,0,69,19
gb@det_2014_3,0,1,70,0
dal@lar_2014_3,0,1,70,0
oak@ne_2014_3,1,0,78,7
min@no_2014_3,0,1,70,0
hou@nyg_2014_3,1,0,76,0
was@phi_2014_3,1,0,76,4
ind@jax_2014_3,0,0,85,5
sf@ari_2014_3,0,1,70,0
kc@mia_2014_3,1,0,84,8
den@sea_2014_3,0,0,83,6
pit@car_2014_3,0,0,74,3
chi@nyj_2014_3,0,0,56,4
nyg@was_2014_4,0,0,63,7
gb@chi_2014_4,0,0,78,6
ten@ind_2014_4,0,1,70,0
mia@oak_2014_4,0,0,68,0
det@nyj_2014_4,0,0,85,6
tb@pit_2014_4,0,0,73,6
car@bal_2014_4,0,0,79,0
buf@hou_2014_4,0,0,86,4
jax@lac_2014_4,0,0,72,7
atl@min_2014_4,0,0,80,8
phi@sf_2014_4,0,0,75,7
no@dal_2014_4,0,0,79,3
ne@kc_2014_4,0,0,72,3
min@gb_2014_5,1,0,63,7
hou@dal_2014_5,0,0,81,0
buf@det_2014_5,0,1,70,0
cle@ten_2014_5,0,0,71,13
bal@ind_2014_5,0,1,70,0
tb@no_2014_5,0,1,70,0
atl@nyg_2014_5,0,0,61,6
lar@phi_2014_5,0,0,60,6
chi@car_2014_5,0,0,63,7
pit@jax_2014_5,0,0,73,4
ari@den_2014_5,0,0,72,8
nyj@lac_2014_5,0,0,83,6
kc@sf_2014_5,0,0,88,6
cin@ne_2014_5,0,0,35,0
sea@was_2014_5,1,0,63,11
ind@hou_2014_6,1,0,77,3
ne@buf_2014_6,1,0,59,3
car@cin_2014_6,1,0,62,6
pit@cle_2014_6,0,0,64,7
jax@ten_2014_6,1,0,74,7
gb@mia_2014_6,1,0,88,12
det@min_2014_6,0,0,61,20
den@nyj_2014_6,0,0,64,3
bal@tb_2014_6,0,0,87,4
lac@oak_2014_6,0,0,86,7
chi@atl_2014_6,0,1,70,0
was@ari_2014_6,0,1,70,0
dal@sea_2014_6,0,0,66,5
nyg@phi_2014_6,0,0,57,5
sf@lar_2014_6,0,1,70,0
nyj@ne_2014_7,0,0,63,5
min@buf_2014_7,0,0,45,8
mia@chi_2014_7,0,0,55,12
no@det_2014_7,0,1,70,0
car@gb_2014_7,0,0,53,11
cin@ind_2014_7,0,1,70,0
sea@lar_2014_7,0,1,70,0
ten@was_2014_7,0,0,57,16
cle@jax_2014_7,0,0,74,10
atl@bal_2014_7,0,0,57,0
kc@lac_2014_7,0,0,71,6
nyg@dal_2014_7,0,0,75,0
ari@oak_2014_7,0,0,70,14
sf@den_2014_7,0,0,63,0
hou@pit_2014_7,1,0,51,8
lac@den_2014_8,0,0,61,3
det@atl_2014_8,0,0,58,0
bal@cin_2014_8,0,0,67,5
hou@ten_2014_8,0,0,79,5
lar@kc_2014_8,0,0,85,13
chi@ne_2014_8,1,0,57,14
buf@nyj_2014_8,0,0,61,19
min@tb_2014_8,0,0,78,7
sea@car_2014_8,0,0,81,11
mia@jax_2014_8,0,0,81,0
phi@ari_2014_8,0,1,70,0
oak@cle_2014_8,0,0,54,9
ind@pit_2014_8,0,0,56,7
gb@no_2014_8,0,1,70,0
was@dal_2014_8,0,0,76,9
no@car_2014_9,0,0,53,3
jax@cin_2014_9,0,0,46,4
tb@cle_2014_9,0,0,0,10
ari@dal_2014_9,0,0,64,0
nyj@kc_2014_9,0,0,64,20
lac@mia_2014_9,0,0,69,5
was@min_2014_9,0,0,54,12
phi@hou_2014_9,0,0,71,8
lar@sf_2014_9,0,0,64,10
den@ne_2014_9,0,0,41,18
oak@sea_2014_9,1,0,56,7
bal@pit_2014_9,0,0,37,5
ind@nyg_2014_9,0,0,53,8
cle@cin_2014_10,1,0,43,0
kc@buf_2014_10,0,0,41,11
mia@det_2014_10,0,1,70,0
sf@no_2014_10,0,1,70,0
pit@nyj_2014_10,0,0,57,9
atl@tb_2014_10,0,0,66,5
dal@jax_2014_10,1,0,53,0
ten@bal_2014_10,0,0,57,0
den@oak_2014_10,0,0,69,7
lar@ari_2014_10,0,1,70,0
nyg@sea_2014_10,1,0,56,0
chi@gb_2014_10,1,0,32,6
car@phi_2014_10,0,0,49,0
buf@mia_2014_11,0,0,71,0
min@chi_2014_11,0,0,32,10
hou@cle_2014_11,0,0,34,7
phi@gb_2014_11,0,0,27,9
sea@kc_2014_11,0,0,21,10
den@lar_2014_11,0,1,70,0
cin@no_2014_11,0,1,70,0
sf@nyg_2014_11,0,0,43,4
tb@was_2014_11,0,0,46,7
atl@car_2014_11,1,0,52,3
oak@lac_2014_11,0,0,71,7
det@ari_2014_11,0,1,70,0
ne@ind_2014_11,0,1,70,0
pit@ten_2014_11,0,0,25,0
kc@oak_2014_12,1,0,55,11
cle@atl_2014_12,0,1,70,0
tb@chi_2014_12,1,0,53,10
jax@ind_2014_12,0,1,70,0
gb@min_2014_12,1,0,46,6
det@ne_2014_12,0,0,61,6
ten@phi_2014_12,0,0,53,6
cin@hou_2014_12,0,0,76,14
lar@lac_2014_12,0,0,72,3
ari@sea_2014_12,1,0,57,6
mia@den_2014_12,1,0,36,7
was@sf_2014_12,0,0,63,4
dal@nyg_2014_12,1,0,48,0
nyj@buf_2014_12,0,1,70,0
bal@no_2014_12,0,1,70,0
chi@det_2014_13,0,1,70,0
phi@dal_2014_13,0,0,57,0
sea@sf_2014_13,0,0,58,0
cle@buf_2014_13,0,0,57,11
was@ind_2014_13,0,1,70,0
oak@lar_2014_13,0,1,70,0
car@min_2014_13,0,0,15,15
no@pit_2014_13,0,0,61,12
cin@tb_2014_13,0,0,76,7
nyg@jax_2014_13,0,0,72,7
lac@bal_2014_13,0,0,58,0
ten@hou_2014_13,0,0,78,10
ari@atl_2014_13,0,1,70,0
ne@gb_2014_13,0,0,23,7
den@kc_2014_13,0,0,25,12
mia@nyj_2014_13,0,0,43,9
dal@chi_2014_14,0,0,34,6
pit@cin_2014_14,0,0,42,3
ind@cle_2014_14,0,0,38,11
tb@det_2014_14,0,1,70,0
nyg@ten_2014_14,0,0,47,7
bal@mia_2014_14,0,0,77,12
nyj@min_2014_14,1,0,34,11
car@no_2014_14,0,1,70,0
lar@was_2014_14,0,0,46,10
hou@jax_2014_14,0,0,58,9
buf@den_2014_14,0,0,55,3
kc@ari_2014_14,0,1,70,0
sf@oak_2014_14,0,0,61,2
sea@phi_2014_14,0,0,39,6
ne@lac_2014_14,0,0,64,2
atl@gb_2014_14,1,0,32,4
ari@lar_2014_15,0,1,70,0
pit@atl_2014_15,0,1,70,0
gb@buf_2014_15,0,0,34,9
cin@cle_2014_15,0,0,45,5
hou@ind_2014_15,0,1,70,0
oak@kc_2014_15,1,0,60,10
mia@ne_2014_15,0,0,43,5
was@nyg_2014_15,0,0,43,7
tb@car_2014_15,0,0,58,2
jax@bal_2014_15,0,0,49,7
nyj@ten_2014_15,0,0,49,1
den@lac_2014_15,0,0,62,5
sf@sea_2014_15,0,0,49,2
min@det_2014_15,0,1,70,0
dal@phi_2014_15,0,0,42,6
no@chi_2014_15,1,0,42,6
ten@jax_2014_16,0,0,54,3
phi@was_2014_16,0,0,35,1
lac@sf_2014_16,0,0,58,1
det@chi_2014_16,0,0,36,7
min@mia_2014_16,0,0,78,7
atl@no_2014_16,0,1,70,0
ne@nyj_2014_16,0,0,35,4
kc@pit_2014_16,0,0,34,0
gb@tb_2014_16,1,0,76,4
cle@car_2014_16,1,0,50,4
bal@hou_2014_16,0,0,58,2
nyg@lar_2014_16,0,1,70,0
ind@dal_2014_16,0,0,51,9
buf@oak_2014_16,0,0,62,6
sea@ari_2014_16,0,1,70,0
den@cin_2014_16,1,0,46,7
ind@ten_2014_17,1,0,41,5
lac@kc_2014_17,0,0,37,5
nyj@mia_2014_17,0,0,80,7
chi@min_2014_17,0,0,22,4
buf@ne_2014_17,0,0,49,8
phi@nyg_2014_17,1,0,51,6
no@tb_2014_17,0,0,77,7
dal@was_2014_17,1,0,57,4
cle@bal_2014_17,1,0,56,3
jax@hou_2014_17,1,0,43,8
car@atl_2014_17,0,1,70,0
det@gb_2014_17,0,0,25,6
oak@den_2014_17,0,0,33,0
ari@sf_2014_17,0,0,56,5
lar@sea_2014_17,0,0,43,1
cin@pit_2014_17,1,0,35,1
pit@ne_2015_1,1,0,64,9
gb@chi_2015_1,0,0,68,4
kc@hou_2015_1,0,0,83,8
cle@nyj_2015_1,1,0,76,7
ind@buf_2015_1,1,0,53,7
mia@was_2015_1,0,0,71,11
car@jax_2015_1,0,0,81,1
sea@lar_2015_1,0,1,70,0
no@ari_2015_1,0,1,70,0
det@lac_2015_1,0,0,82,8
ten@tb_2015_1,1,0,81,6
cin@oak_2015_1,0,0,75,9
bal@den_2015_1,0,0,86,5
nyg@dal_2015_1,0,0,78,9
phi@atl_2015_1,0,1,70,0
min@sf_2015_1,0,0,64,4
den@kc_2015_2,1,0,80,8
hou@car_2015_2,0,0,88,2
sf@pit_2015_2,0,0,69,2
tb@no_2015_2,0,1,70,0
det@min_2015_2,1,0,70,12
ari@chi_2015_2,0,0,69,3
ne@buf_2015_2,0,0,62,4
lac@cin_2015_2,0,0,73,6
ten@cle_2015_2,0,0,66,11
atl@nyg_2015_2,0,0,77,7
lar@was_2015_2,0,0,75,6
mia@jax_2015_2,0,0,83,5
bal@oak_2015_2,0,0,89,7
dal@phi_2015_2,0,0,74,7
sea@gb_2015_2,0,0,54,6
nyj@ind_2015_2,0,1,70,0
was@nyg_2015_3,0,0,66,2
atl@dal_2015_3,0,0,89,4
ind@ten_2015_3,0,0,77,4
oak@cle_2015_3,0,0,75,10
cin@bal_2015_3,0,0,73,8
jax@ne_2015_3,0,0,70,3
no@car_2015_3,1,0,67,8
phi@nyj_2015_3,0,0,70,5
tb@hou_2015_3,1,0,75,8
lac@min_2015_3,0,0,80,13
pit@lar_2015_3,0,1,70,0
sf@ari_2015_3,0,1,70,0
buf@mia_2015_3,1,0,80,0
chi@sea_2015_3,0,0,62,7
den@det_2015_3,0,1,70,0
kc@gb_2015_3,1,0,62,3
bal@pit_2015_4,0,0,54,7
nyj@mia_2015_4,0,0,62,6
jax@ind_2015_4,0,1,70,0
nyg@buf_2015_4,0,0,60,4
car@tb_2015_4,1,0,75,7
phi@was_2015_4,0,0,59,13
oak@chi_2015_4,1,0,56,8
hou@atl_2015_4,0,1,70,0
kc@cin_2015_4,0,0,73,8
cle@lac_2015_4,1,0,68,7
gb@sf_2015_4,0,0,76,6
lar@ari_2015_4,0,1,70,0
min@den_2015_4,1,0,60,5
dal@no_2015_4,0,1,70,0
det@sea_2015_4,0,0,61,2
ind@hou_2015_5,0,0,76,2
chi@kc_2015_5,0,0,80,11
sea@cin_2015_5,0,0,72,7
was@atl_2015_5,0,1,70,0
jax@tb_2015_5,0,0,83,9
no@phi_2015_5,0,0,67,4
cle@bal_2015_5,0,0,68,0
lar@gb_2015_5,0,0,73,15
buf@ten_2015_5,0,0,72,2
ari@det_2015_5,0,1,70,0
ne@dal_2015_5,0,0,92,11
den@oak_2015_5,0,0,76,8
sf@nyg_2015_5,0,0,57,3
pit@lac_2015_5,0,0,76,5
atl@no_2015_6,0,1,70,0
was@nyj_2015_6,0,0,48,10
ari@pit_2015_6,0,0,42,8
kc@min_2015_6,0,0,62,15
cin@buf_2015_6,1,0,37,2
chi@det_2015_6,0,1,70,0
den@cle_2015_6,0,0,46,11
hou@jax_2015_6,0,0,70,13
mia@ten_2015_6,0,0,60,6
car@sea_2015_6,0,0,59,4
lac@gb_2015_6,0,0,49,8
bal@sf_2015_6,0,0,68,10
ne@ind_2015_6,0,1,70,0
nyg@phi_2015_6,0,0,44,6
sea@sf_2015_7,0,0,66,3
buf@jax_2015_7,0,0,51,3
tb@was_2015_7,1,0,70,8
atl@ten_2015_7,1,0,61,8
no@ind_2015_7,0,1,70,0
min@det_2015_7,0,1,70,0
pit@kc_2015_7,0,0,64,6
cle@lar_2015_7,0,1,70,0
hou@mia_2015_7,1,0,82,11
nyj@ne_2015_7,0,0,58,6
oak@lac_2015_7,0,0,77,5
dal@nyg_2015_7,1,0,59,10
phi@car_2015_7,0,0,64,0
bal@ari_2015_7,0,1,70,0
mia@ne_2015_8,1,0,53,9
det@kc_2015_8,0,0,57,3
tb@atl_2015_8,0,1,70,0
ari@cle_2015_8,0,0,63,17
sf@lar_2015_8,0,1,70,0
nyg@no_2015_8,0,1,70,0
min@chi_2015_8,0,0,61,7
lac@bal_2015_8,0,0,65,6
cin@pit_2015_8,1,0,63,9
ten@hou_2015_8,1,0,68,4
nyj@oak_2015_8,0,0,68,8
sea@dal_2015_8,1,0,63,0
gb@den_2015_8,0,0,52,4
ind@car_2015_8,1,0,62,5
cle@cin_2015_9,1,0,65,5
gb@car_2015_9,1,0,53,7
was@ne_2015_9,0,0,54,8
ten@no_2015_9,0,1,70,0
mia@buf_2015_9,0,0,47,6
lar@min_2015_9,0,0,57,14
jax@nyj_2015_9,0,0,57,7
oak@pit_2015_9,0,0,51,0
nyg@tb_2015_9,1,0,77,1
atl@sf_2015_9,1,0,58,2
den@ind_2015_9,0,1,70,0
phi@dal_2015_9,0,0,53,2
chi@lac_2015_9,1,0,61,7
buf@nyj_2015_10,1,0,56,9
det@gb_2015_10,0,0,57,6
dal@tb_2015_10,0,0,77,9
car@ten_2015_10,0,0,60,3
chi@lar_2015_10,0,1,70,0
no@was_2015_10,0,0,62,7
mia@phi_2015_10,0,0,59,9
cle@pit_2015_10,0,0,60,6
jax@bal_2015_10,0,0,63,5
min@oak_2015_10,1,0,57,15
ne@nyg_2015_10,0,0,54,5
kc@den_2015_10,0,0,59,1
ari@sea_2015_10,1,0,42,1
hou@cin_2015_10,1,0,49,2
ten@jax_2015_11,1,0,71,2
oak@det_2015_11,0,1,70,0
ind@atl_2015_11,0,1,70,0
nyj@hou_2015_11,0,0,52,5
tb@phi_2015_11,0,0,48,10
den@chi_2015_11,0,0,29,6
lar@bal_2015_11,0,0,47,10
dal@mia_2015_11,1,0,75,10
was@car_2015_11,0,0,52,8
kc@lac_2015_11,0,0,78,4
gb@min_2015_11,0,0,32,7
sf@sea_2015_11,0,0,48,3
cin@ari_2015_11,0,1,70,0
buf@ne_2015_11,0,0,28,5
phi@det_2015_12,0,1,70,0
car@dal_2015_12,1,0,68,11
chi@gb_2015_12,1,0,35,10
no@hou_2015_12,1,0,55,8
lar@cin_2015_12,1,0,45,6
min@atl_2015_12,0,1,70,0
nyg@was_2015_12,1,0,46,5
tb@ind_2015_12,0,1,70,0
buf@kc_2015_12,1,0,34,5
oak@ten_2015_12,1,0,57,2
lac@jax_2015_12,0,0,75,6
mia@nyj_2015_12,0,0,48,5
ari@sf_2015_12,0,0,57,2
pit@sea_2015_12,0,0,37,2
ne@den_2015_12,1,0,21,0
bal@cle_2015_12,0,0,42,8
gb@det_2015_13,0,1,70,0
nyj@nyg_2015_13,0,0,52,5
ari@lar_2015_13,0,1,70,0
atl@tb_2015_13,0,0,78,11
sea@min_2015_13,0,0,36,3
hou@buf_2015_13,0,0,49,4
bal@mia_2015_13,1,0,78,14
cin@cle_2015_13,0,0,46,5
jax@ten_2015_13,0,0,56,4
sf@chi_2015_13,0,0,46,4
den@lac_2015_13,0,0,71,7
kc@oak_2015_13,1,0,60,3
car@no_2015_13,0,1,70,0
phi@ne_2015_13,0,0,44,5
ind@pit_2015_13,0,0,35,2
dal@was_2015_13,0,0,44,2
min@ari_2015_14,0,1,70,0
buf@phi_2015_14,0,0,69,1
sf@cle_2015_14,0,0,62,8
det@lar_2015_14,0,1,70,0
no@tb_2015_14,0,0,80,12
ten@nyj_2015_14,0,0,65,4
pit@cin_2015_14,0,0,65,6
ind@jax_2015_14,0,0,77,8
lac@kc_2015_14,1,0,60,11
was@chi_2015_14,1,0,58,11
atl@car_2015_14,0,0,70,6
sea@bal_2015_14,0,0,66,3
oak@den_2015_14,0,0,39,2
dal@gb_2015_14,1,0,52,9
ne@hou_2015_14,1,0,52,3
nyg@mia_2015_14,1,0,75,5
tb@lar_2015_15,0,1,70,0
nyj@dal_2015_15,0,0,50,7
chi@min_2015_15,0,0,36,3
atl@jax_2015_15,0,0,68,7
hou@ind_2015_15,0,1,70,0
car@nyg_2015_15,0,0,41,4
ten@ne_2015_15,0,0,39,5
buf@was_2015_15,0,0,45,3
kc@bal_2015_15,0,0,43,3
cle@sea_2015_15,1,0,44,8
gb@oak_2015_15,1,0,51,10
den@pit_2015_15,0,0,36,3
mia@lac_2015_15,0,0,60,6
cin@sf_2015_15,1,0,52,5
ari@phi_2015_15,0,0,34,3
det@no_2015_15,0,1,70,0
lac@oak_2015_16,1,0,46,8
was@phi_2015_16,0,0,50,5
ne@nyj_2015_16,1,0,56,7
hou@ten_2015_16,1,0,72,10
cle@kc_2015_16,1,0,34,12
ind@mia_2015_16,0,0,81,13
sf@det_2015_16,0,1,70,0
dal@buf_2015_16,1,0,37,5
chi@tb_2015_16,0,0,83,11
car@atl_2015_16,0,1,70,0
pit@bal_2015_16,1,0,63,6
jax@no_2015_16,0,1,70,0
lar@sea_2015_16,1,0,37,2
gb@ari_2015_16,0,1,70,0
nyg@min_2015_16,0,0,12,5
cin@den_2015_16,0,0,16,0
nyj@buf_2015_17,1,0,30,10
ne@mia_2015_17,1,0,78,4
no@atl_2015_17,0,1,70,0
bal@cin_2015_17,0,0,33,5
pit@cle_2015_17,1,0,34,12
jax@hou_2015_17,0,0,56,4
ten@ind_2015_17,0,1,70,0
was@dal_2015_17,0,0,54,4
phi@nyg_2015_17,0,0,44,10
det@chi_2015_17,0,0,30,10
tb@car_2015_17,0,0,48,5
oak@kc_2015_17,0,0,32,7
lac@den_2015_17,0,0,44,0
sea@ari_2015_17,0,1,70,0
lar@sf_2015_17,1,0,57,0
min@gb_2015_17,1,0,23,5
car@den_2016_1,0,0,82,2
tb@atl_2016_1,0,1,70,0
min@ten_2016_1,0,0,77,3
cle@phi_2016_1,1,0,83,9
cin@nyj_2016_1,1,0,80,9
oak@no_2016_1,0,1,70,0
lac@kc_2016_1,0,0,73,7
buf@bal_2016_1,1,0,82,7
chi@hou_2016_1,0,0,87,2
gb@jax_2016_1,0,0,91,1
mia@sea_2016_1,1,0,64,2
nyg@dal_2016_1,0,0,87,2
det@ind_2016_1,0,1,70,0
ne@ari_2016_1,0,1,70,0
pit@was_2016_1,0,0,76,3
lar@sf_2016_1,0,0,60,6
nyj@buf_2016_2,0,0,54,2
sf@car_2016_2,1,0,85,3
dal@was_2016_2,1,0,84,5
cin@pit_2016_2,1,0,71,3
no@nyg_2016_2,1,0,79,5
mia@ne_2016_2,1,0,78,6
kc@hou_2016_2,1,0,89,2
ten@det_2016_2,0,1,70,0
bal@cle_2016_2,1,0,75,5
sea@lar_2016_2,0,0,85,4
tb@ari_2016_2,0,1,70,0
jax@lac_2016_2,0,0,78,5
atl@oak_2016_2,0,0,83,3
ind@den_2016_2,0,0,86,1
gb@min_2016_2,0,1,70,0
phi@chi_2016_2,0,0,80,2
hou@ne_2016_3,0,0,68,3
ari@buf_2016_3,0,0,62,1
oak@ten_2016_3,0,0,89,3
was@nyg_2016_3,0,0,67,4
cle@mia_2016_3,1,0,85,7
bal@jax_2016_3,1,0,87,4
det@gb_2016_3,1,0,72,10
den@cin_2016_3,0,0,82,0
min@car_2016_3,1,0,84,2
lar@tb_2016_3,1,0,89,3
sf@sea_2016_3,0,0,69,2
nyj@kc_2016_3,1,0,65,6
lac@ind_2016_3,0,1,70,0
pit@phi_2016_3,0,0,71,1
chi@dal_2016_3,1,0,75,4
atl@no_2016_3,0,1,70,0
mia@cin_2016_4,1,0,59,0
ind@jax_2016_4,0,0,58,6
ten@hou_2016_4,0,0,82,4
cle@was_2016_4,1,0,70,1
sea@nyj_2016_4,0,0,61,0
buf@ne_2016_4,0,0,56,2
car@atl_2016_4,0,1,70,0
oak@bal_2016_4,1,0,67,0
det@chi_2016_4,0,0,64,2
den@tb_2016_4,1,0,89,4
lar@ari_2016_4,0,1,70,0
no@lac_2016_4,0,0,73,6
dal@sf_2016_4,0,0,68,8
kc@pit_2016_4,1,0,60,0
nyg@min_2016_4,0,1,70,0
ari@sf_2016_5,0,0,72,7
ne@cle_2016_5,0,0,57,9
phi@det_2016_5,0,1,70,0
chi@ind_2016_5,0,1,70,0
ten@mia_2016_5,0,0,87,12
was@bal_2016_5,1,0,61,12
hou@min_2016_5,0,1,70,0
nyj@pit_2016_5,0,0,57,6
atl@den_2016_5,0,0,73,1
cin@dal_2016_5,0,0,74,3
buf@lar_2016_5,0,0,87,5
lac@oak_2016_5,0,0,78,4
nyg@gb_2016_5,0,0,48,2
tb@car_2016_5,0,0,57,2
den@lac_2016_6,0,0,69,6
sf@buf_2016_6,1,0,72,9
phi@was_2016_6,0,0,69,5
cle@ten_2016_6,0,0,79,7
bal@nyg_2016_6,0,0,66,6
car@no_2016_6,0,1,70,0
jax@chi_2016_6,1,0,67,3
lar@det_2016_6,0,1,70,0
pit@mia_2016_6,1,0,82,11
cin@ne_2016_6,0,0,66,7
kc@oak_2016_6,1,0,61,5
atl@sea_2016_6,1,0,54,5
dal@gb_2016_6,0,0,67,4
ind@hou_2016_6,0,0,80,6
nyj@ari_2016_6,0,1,70,0
chi@gb_2016_7,0,0,47,3
nyg@lar_2016_7,0,0,54,10
no@kc_2016_7,0,0,69,6
ind@ten_2016_7,0,0,71,5
min@phi_2016_7,0,0,61,10
cle@cin_2016_7,0,0,66,6
was@det_2016_7,0,1,70,0
oak@jax_2016_7,0,0,72,5
buf@mia_2016_7,0,0,80,10
bal@nyj_2016_7,1,0,58,11
tb@sf_2016_7,0,0,69,2
lac@atl_2016_7,0,1,70,0
ne@pit_2016_7,0,0,63,6
sea@ari_2016_7,0,1,70,0
hou@den_2016_7,0,0,66,2
jax@ten_2016_8,0,0,66,4
was@cin_2016_8,0,0,52,3
kc@ind_2016_8,0,1,70,0
oak@tb_2016_8,0,0,84,10
sea@no_2016_8,0,1,70,0
det@hou_2016_8,0,0,80,3
nyj@cle_2016_8,1,0,54,9
ne@buf_2016_8,1,0,50,2
lac@den_2016_8,0,0,75,3
gb@atl_2016_8,0,1,70,0
ari@car_2016_8,0,0,80,4
phi@dal_2016_8,0,0,78,3
min@chi_2016_8,1,0,57,3
atl@tb_2016_9,0,0,75,2
det@min_2016_9,0,1,70,0
phi@nyg_2016_9,0,0,57,8
nyj@mia_2016_9,0,0,79,11
jax@kc_2016_9,0,0,60,6
dal@cle_2016_9,0,0,56,2
pit@bal_2016_9,0,0,63,10
no@sf_2016_9,0,0,68,1
car@lar_2016_9,0,0,72,3
ind@gb_2016_9,0,0,67,5
ten@lac_2016_9,0,0,74,3
den@oak_2016_9,0,0,67,3
buf@sea_2016_9,1,0,60,0
cle@bal_2016_10,0,0,52,1
hou@jax_2016_10,0,0,71,6
den@no_2016_10,0,1,70,0
lar@nyj_2016_10,0,0,55,4
atl@phi_2016_10,0,0,54,6
kc@car_2016_10,1,0,48,4
chi@tb_2016_10,0,0,77,2
min@was_2016_10,0,0,55,4
gb@ten_2016_10,0,0,55,0
mia@lac_2016_10,0,0,84,3
sf@ari_2016_10,0,1,70,0
dal@pit_2016_10,0,0,54,2
sea@ne_2016_10,0,0,45,2
cin@nyg_2016_10,1,0,54,1
no@car_2016_11,0,0,57,2
pit@cle_2016_11,1,0,35,16
bal@dal_2016_11,0,0,53,7
jax@det_2016_11,0,1,70,0
ten@ind_2016_11,0,1,70,0
buf@cin_2016_11,0,0,37,7
tb@kc_2016_11,0,0,43,8
chi@nyg_2016_11,1,0,40,12
ari@min_2016_11,0,1,70,0
mia@lar_2016_11,1,0,63,4
ne@sf_2016_11,1,0,61,1
phi@sea_2016_11,1,0,51,4
gb@was_2016_11,0,0,38,15
hou@oak_2016_11,1,0,62,0
min@det_2016_12,0,1,70,0
was@dal_2016_12,0,0,69,5
pit@ind_2016_12,0,1,70,0
ten@chi_2016_12,1,0,38,5
jax@buf_2016_12,0,0,38,6
cin@bal_2016_12,0,0,49,8
ari@atl_2016_12,0,1,70,0
nyg@cle_2016_12,0,0,46,10
lar@no_2016_12,0,1,70,0
sf@mia_2016_12,1,0,79,10
lac@hou_2016_12,0,0,67,9
sea@tb_2016_12,0,0,78,7
car@oak_2016_12,1,0,56,6
ne@nyj_2016_12,0,0,48,8
kc@den_2016_12,0,0,44,6
gb@phi_2016_12,0,0,47,4
dal@min_2016_13,0,1,70,0
kc@atl_2016_13,0,1,70,0
det@no_2016_13,0,1,70,0
lar@ne_2016_13,0,0,37,7
den@jax_2016_13,0,0,75,3
hou@gb_2016_13,1,0,31,4
phi@cin_2016_13,1,0,41,3
mia@bal_2016_13,1,0,45,3
sf@chi_2016_13,1,0,35,5
buf@oak_2016_13,0,0,55,2
nyg@pit_2016_13,1,0,40,2
was@ari_2016_13,0,1,70,0
tb@lac_2016_13,0,0,71,3
car@sea_2016_13,1,0,41,1
ind@nyj_2016_13,1,0,43,2
oak@kc_2016_14,0,0,23,4
pit@buf_2016_14,1,0,24,6
den@ten_2016_14,1,0,48,11
no@tb_2016_14,1,0,75,9
was@phi_2016_14,0,0,33,2
ari@mia_2016_14,1,0,75,15
lac@car_2016_14,0,0,42,2
cin@cle_2016_14,1,0,28,13
chi@det_2016_14,0,1,70,0
hou@ind_2016_14,0,1,70,0
min@jax_2016_14,1,0,66,1
nyj@sf_2016_14,0,0,53,3
atl@lar_2016_14,0,0,64,2
sea@gb_2016_14,1,0,27,2
dal@nyg_2016_14,0,0,30,2
bal@ne_2016_14,1,0,33,1
lar@sea_2016_15,0,0,35,3
mia@nyj_2016_15,1,0,34,3
gb@chi_2016_15,1,0,9,7
jax@hou_2016_15,0,0,37,11
cle@buf_2016_15,1,0,25,12
phi@bal_2016_15,1,0,58,6
ten@kc_2016_15,0,0,2,2
det@nyg_2016_15,1,0,48,4
ind@min_2016_15,0,1,70,0
pit@cin_2016_15,1,0,26,7
no@ari_2016_15,0,1,70,0
sf@atl_2016_15,0,1,70,0
ne@den_2016_15,0,0,27,3
oak@lac_2016_15,0,0,60,2
tb@dal_2016_15,0,0,26,7
car@was_2016_15,0,0,30,3
nyg@phi_2016_16,0,0,41,8
mia@buf_2016_16,1,0,35,7
tb@no_2016_16,0,1,70,0
nyj@ne_2016_16,1,0,40,4
ten@jax_2016_16,0,0,65,2
min@gb_2016_16,0,0,35,4
lac@cle_2016_16,1,0,37,10
was@chi_2016_16,0,0,35,1
atl@car_2016_16,0,0,52,4
ind@oak_2016_16,0,0,48,5
ari@sea_2016_16,0,0,39,2
sf@lar_2016_16,1,0,55,7
cin@hou_2016_16,0,0,72,8
bal@pit_2016_16,0,0,39,4
den@kc_2016_16,1,0,60,11
det@dal_2016_16,1,0,65,0
cle@pit_2016_17,0,0,38,1
bal@cin_2016_17,1,0,38,1
hou@ten_2016_17,1,0,49,2
car@tb_2016_17,0,0,76,7
jax@ind_2016_17,0,1,70,0
ne@mia_2016_17,1,0,80,10
chi@min_2016_17,0,1,70,0
buf@nyj_2016_17,0,0,45,8
dal@phi_2016_17,0,0,48,6
ari@lar_2016_17,0,0,56,1
oak@den_2016_17,0,0,48,3
kc@lac_2016_17,0,0,56,4
sea@sf_2016_17,0,0,52,6
no@atl_2016_17,0,1,70,0
nyg@was_2016_17,0,0,52,1
gb@det_2016_17,0,1,70,0
kc@ne_2017_1,0,0,62,1
nyj@buf_2017_1,0,0,61,6
phi@was_2017_1,0,0,69,3
oak@ten_2017_1,0,0,73,4
jax@hou_2017_1,0,0,80,4
ari@det_2017_1,0,1,70,0
atl@chi_2017_1,0,0,66,5
bal@cin_2017_1,0,0,69,3
pit@cle_2017_1,0,0,65,5
ind@lar_2017_1,0,0,85,4
sea@gb_2017_1,0,0,70,6
car@sf_2017_1,0,0,86,2
nyg@dal_2017_1,0,0,78,3
no@min_2017_1,0,1,70,0
lac@den_2017_1,0,0,73,3
hou@cin_2017_2,0,0,67,0
cle@bal_2017_2,0,0,78,1
chi@tb_2017_2,0,0,88,4
min@pit_2017_2,0,0,78,0
ne@no_2017_2,0,1,70,0
phi@kc_2017_2,1,0,65,3
ten@jax_2017_2,0,0,86,7
ari@ind_2017_2,0,1,70,0
buf@car_2017_2,0,0,81,3
nyj@oak_2017_2,0,0,70,3
mia@lac_2017_2,0,0,71,3
sf@sea_2017_2,1,0,63,5
was@lar_2017_2,0,0,71,4
dal@den_2017_2,0,0,69,1
gb@atl_2017_2,0,1,70,0
det@nyg_2017_2,0,0,70,2
lar@sf_2017_3,0,0,65,5
bal@jax_2017_3,1,0,70,7
cle@ind_2017_3,0,1,70,0
nyg@phi_2017_3,0,0,87,2
mia@nyj_2017_3,0,0,87,1
den@buf_2017_3,0,0,84,4
no@car_2017_3,0,0,81,4
pit@chi_2017_3,0,0,87,3
atl@det_2017_3,0,1,70,0
tb@min_2017_3,0,1,70,0
hou@ne_2017_3,0,0,84,0
sea@ten_2017_3,0,0,88,2
cin@gb_2017_3,0,0,88,7
kc@lac_2017_3,0,0,81,4
oak@was_2017_3,0,0,73,0
dal@ari_2017_3,0,1,70,0
chi@gb_2017_4,0,0,64,4
no@mia_2017_4,1,0,62,9
ten@hou_2017_4,0,0,84,0
jax@nyj_2017_4,0,0,64,1
car@ne_2017_4,0,0,61,1
det@min_2017_4,0,1,70,0
buf@atl_2017_4,0,1,70,0
pit@bal_2017_4,0,0,64,1
cin@cle_2017_4,0,0,64,2
lar@dal_2017_4,0,0,80,3
phi@lac_2017_4,1,0,74,4
nyg@tb_2017_4,1,0,89,4
sf@ari_2017_4,0,1,70,0
oak@den_2017_4,1,0,70,2
ind@sea_2017_4,0,0,57,3
was@kc_2017_4,0,0,78,5
ne@tb_2017_5,0,0,77,4
nyj@cle_2017_5,1,0,68,5
car@det_2017_5,0,1,70,0
sf@ind_2017_5,0,1,70,0
ten@mia_2017_5,1,0,89,6
buf@cin_2017_5,1,0,63,2
lac@nyg_2017_5,1,0,74,4
jax@pit_2017_5,1,0,71,4
ari@phi_2017_5,1,0,77,3
sea@lar_2017_5,0,0,75,4
bal@oak_2017_5,0,0,75,3
gb@dal_2017_5,0,0,88,2
kc@hou_2017_5,0,0,83,2
min@chi_2017_5,0,0,64,3
phi@car_2017_6,1,0,73,5
chi@bal_2017_6,1,0,68,4
cle@hou_2017_6,1,0,85,2
gb@min_2017_6,0,1,70,0
det@no_2017_6,0,1,70,0
mia@atl_2017_6,0,1,70,0
ne@nyj_2017_6,1,0,71,5
sf@was_2017_6,1,0,69,3
tb@ari_2017_6,0,1,70,0
lar@jax_2017_6,1,0,84,7
pit@kc_2017_6,0,0,60,6
lac@oak_2017_6,0,0,75,1
nyg@den_2017_6,0,0,53,0
ind@ten_2017_6,0,0,53,1
kc@oak_2017_7,1,0,61,4
tb@buf_2017_7,0,0,73,3
cin@pit_2017_7,0,0,73,1
bal@min_2017_7,0,1,70,0
nyj@mia_2017_7,0,0,85,9
ari@lar_2017_7,0,0,52,4
car@chi_2017_7,1,0,67,4
ten@cle_2017_7,0,0,74,4
no@gb_2017_7,0,0,51,5
jax@ind_2017_7,0,1,70,0
dal@sf_2017_7,0,0,69,2
sea@nyg_2017_7,0,0,72,2
den@lac_2017_7,0,0,89,2
atl@ne_2017_7,0,0,56,0
was@phi_2017_7,0,0,69,3
mia@bal_2017_8,0,0,48,0
min@cle_2017_8,0,0,54,5
atl@nyj_2017_8,1,0,62,2
car@tb_2017_8,0,0,63,9
sf@phi_2017_8,1,0,63,2
chi@no_2017_8,0,1,70,0
lac@ne_2017_8,1,0,61,1
oak@buf_2017_8,1,0,39,2
ind@cin_2017_8,0,0,39,1
hou@sea_2017_8,0,0,50,0
dal@was_2017_8,1,0,60,0
pit@det_2017_8,0,1,70,0
den@kc_2017_8,0,0,41,3
buf@nyj_2017_9,0,0,64,2
ind@hou_2017_9,0,0,82,4
cin@jax_2017_9,0,0,77,4
tb@no_2017_9,0,1,70,0
lar@nyg_2017_9,0,0,56,1
atl@car_2017_9,0,0,58,0
den@phi_2017_9,1,0,62,1
bal@ten_2017_9,1,0,75,8
ari@sf_2017_9,0,0,57,1
was@sea_2017_9,1,0,35,4
kc@dal_2017_9,0,0,90,4
oak@mia_2017_9,0,0,76,0
det@gb_2017_9,0,0,34,1
sea@ari_2017_10,0,1,70,0
gb@chi_2017_10,1,0,39,0
cle@det_2017_10,0,1,70,0
pit@ind_2017_10,0,1,70,0
lac@jax_2017_10,1,0,75,5
no@buf_2017_10,0,0,37,0
nyj@tb_2017_10,0,0,76,6
min@was_2017_10,0,0,43,1
cin@ten_2017_10,0,0,52,2
hou@lar_2017_10,0,0,66,0
dal@atl_2017_10,0,1,70,0
nyg@sf_2017_10,0,0,63,0
ne@den_2017_10,0,0,48,0
mia@car_2017_10,0,0,52,9
ten@pit_2017_11,0,0,37,2
tb@mia_2017_11,0,0,80,4
jax@cle_2017_11,1,0,38,8
bal@gb_2017_11,0,0,26,6
ari@hou_2017_11,0,0,59,5
lar@min_2017_11,0,1,70,0
det@chi_2017_11,0,0,31,6
was@no_2017_11,0,1,70,0
kc@nyg_2017_11,1,0,49,8
buf@lac_2017_11,0,0,72,1
cin@den_2017_11,0,0,59,0
ne@oak_2017_11,0,0,64,3
phi@dal_2017_11,0,0,52,0
atl@sea_2017_11,1,0,46,1
min@det_2017_12,0,1,70,0
lac@dal_2017_12,0,0,67,1
nyg@was_2017_12,0,0,32,0
buf@kc_2017_12,0,0,58,3
ten@ind_2017_12,0,1,70,0
cle@cin_2017_12,0,0,46,2
tb@atl_2017_12,0,1,70,0
mia@ne_2017_12,0,0,46,4
chi@phi_2017_12,0,0,48,5
car@nyj_2017_12,0,0,46,6
sea@sf_2017_12,1,0,63,4
no@lar_2017_12,0,0,67,2
jax@ari_2017_12,0,1,70,0
den@oak_2017_12,1,0,61,6
gb@pit_2017_12,0,0,36,1
hou@bal_2017_12,0,0,44,0
was@dal_2017_13,0,0,58,0
min@atl_2017_13,0,1,70,0
hou@ten_2017_13,0,0,59,2
kc@nyj_2017_13,0,0,46,0
den@mia_2017_13,0,0,80,5
det@bal_2017_13,0,0,51,1
ne@buf_2017_13,0,0,46,2
sf@chi_2017_13,0,0,50,2
tb@gb_2017_13,0,0,41,1
ind@jax_2017_13,0,0,67,2
cle@lac_2017_13,0,0,66,2
car@no_2017_13,0,1,70,0
nyg@oak_2017_13,0,0,55,3
lar@ari_2017_13,0,1,70,0
phi@sea_2017_13,0,0,42,0
pit@cin_2017_13,0,0,60,3
no@atl_2017_14,0,1,70,0
ind@buf_2017_14,1,0,26,4
det@tb_2017_14,0,0,53,4
oak@kc_2017_14,0,0,47,5
sea@jax_2017_14,0,0,46,2
sf@hou_2017_14,0,0,57,0
gb@cle_2017_14,0,0,28,9
chi@cin_2017_14,0,0,30,4
min@car_2017_14,0,0,39,2
was@lac_2017_14,0,0,79,2
nyj@den_2017_14,0,0,58,0
ten@ari_2017_14,0,1,70,0
dal@nyg_2017_14,1,0,37,5
phi@lar_2017_14,0,0,79,1
bal@pit_2017_14,0,0,30,3
ne@mia_2017_14,0,0,56,3
den@ind_2017_15,0,1,70,0
chi@det_2017_15,0,1,70,0
lac@kc_2017_15,0,0,50,2
hou@jax_2017_15,0,0,68,2
bal@cle_2017_15,0,0,34,1
gb@car_2017_15,0,0,48,1
mia@buf_2017_15,0,0,25,0
cin@min_2017_15,0,1,70,0
ari@was_2017_15,0,0,47,0
phi@nyg_2017_15,0,0,34,0
nyj@no_2017_15,0,1,70,0
lar@sea_2017_15,0,0,46,5
ten@sf_2017_15,0,0,60,2
ne@pit_2017_15,1,0,40,0
dal@oak_2017_15,0,0,59,0
atl@tb_2017_15,0,0,70,1
ind@bal_2017_16,1,0,61,5
min@gb_2017_16,0,0,9,1
det@cin_2017_16,0,0,35,2
mia@kc_2017_16,0,0,22,5
buf@ne_2017_16,1,0,34,1
cle@chi_2017_16,1,0,21,0
tb@car_2017_16,0,0,53,1
atl@no_2017_16,0,1,70,0
den@was_2017_16,0,0,41,2
lar@ten_2017_16,0,0,41,2
lac@nyj_2017_16,1,0,38,3
jax@sf_2017_16,0,0,52,0
sea@dal_2017_16,0,0,43,6
nyg@ari_2017_16,0,1,70,0
pit@hou_2017_16,0,0,51,4
oak@phi_2017_16,0,0,28,5
cle@pit_2017_17,0,0,9,0
gb@det_2017_17,0,1,70,0
hou@ind_2017_17,0,1,70,0
chi@min_2017_17,0,1,70,0
nyj@ne_2017_17,0,0,11,5
was@nyg_2017_17,0,0,15,6
dal@phi_2017_17,0,0,15,4
car@atl_2017_17,0,1,70,0
cin@bal_2017_17,0,0,18,5
jax@ten_2017_17,0,0,22,7
no@tb_2017_17,0,0,69,1
buf@mia_2017_17,0,0,71,4
oak@lac_2017_17,0,0,62,0
kc@den_2017_17,0,0,16,3
sf@lar_2017_17,0,0,63,0
ari@sea_2017_17,0,0,39,3
atl@phi_2018_1,1,0,81,2
buf@bal_2018_1,1,0,62,11
jax@nyg_2018_1,1,0,58,4
tb@no_2018_1,0,1,70,0
hou@ne_2018_1,0,0,62,6
sf@min_2018_1,0,1,70,0
ten@mia_2018_1,1,0,88,4
cin@ind_2018_1,0,1,70,0
pit@cle_2018_1,1,0,59,4
kc@lac_2018_1,0,0,85,5
sea@den_2018_1,0,0,85,3
dal@car_2018_1,1,0,83,6
was@ari_2018_1,0,1,70,0
chi@gb_2018_1,0,0,60,4
nyj@det_2018_1,0,1,70,0
lar@oak_2018_1,0,0,71,5
bal@cin_2018_2,0,0,75,0
car@atl_2018_2,0,1,70,0
ind@was_2018_2,0,0,73,5
hou@ten_2018_2,0,0,81,7
phi@tb_2018_2,0,0,89,8
kc@pit_2018_2,0,0,79,7
mia@nyj_2018_2,0,0,82,3
lac@buf_2018_2,0,0,79,7
min@gb_2018_2,0,0,78,5
cle@no_2018_2,0,1,70,0
det@sf_2018_2,0,0,72,5
ari@lar_2018_2,0,0,85,4
ne@jax_2018_2,1,0,93,7
oak@den_2018_2,0,0,90,3
nyg@dal_2018_2,0,0,87,2
sea@chi_2018_2,0,0,80,2
nyj@cle_2018_3,0,0,78,3
no@atl_2018_3,0,1,70,0
gb@was_2018_3,1,0,63,4
ind@phi_2018_3,1,0,61,3
buf@min_2018_3,0,1,70,0
oak@mia_2018_3,1,0,88,6
den@bal_2018_3,1,0,62,4
cin@car_2018_3,0,0,81,1
nyg@hou_2018_3,0,0,79,7
ten@jax_2018_3,0,0,87,5
sf@kc_2018_3,0,0,72,4
lac@lar_2018_3,0,0,79,4
dal@sea_2018_3,0,0,62,1
chi@ari_2018_3,0,1,70,0
ne@det_2018_3,0,1,70,0
pit@tb_2018_3,1,0,77,3
min@lar_2018_4,0,0,83,3
nyj@jax_2018_4,0,0,86,10
mia@ne_2018_4,0,0,66,3
phi@ten_2018_4,0,0,80,0
hou@ind_2018_4,0,1,70,0
buf@gb_2018_4,0,0,48,4
det@dal_2018_4,0,0,79,6
tb@chi_2018_4,0,0,64,1
cin@atl_2018_4,0,1,70,0
sea@ari_2018_4,0,1,70,0
cle@oak_2018_4,0,0,71,2
no@nyg_2018_4,0,0,69,4
sf@lac_2018_4,0,0,82,4
bal@pit_2018_4,0,0,66,0
kc@den_2018_4,0,0,65,2
ind@ne_2018_5,0,0,66,3
ten@buf_2018_5,0,0,65,3
atl@pit_2018_5,0,0,82,6
den@nyj_2018_5,0,0,75,4
jax@kc_2018_5,1,0,58,2
gb@det_2018_5,0,1,70,0
bal@cle_2018_5,1,0,70,2
nyg@car_2018_5,0,0,80,1
mia@cin_2018_5,0,0,86,2
oak@lac_2018_5,0,0,74,5
ari@sf_2018_5,0,0,76,9
min@phi_2018_5,0,0,78,3
lar@sea_2018_5,1,0,54,3
dal@hou_2018_5,0,0,81,6
was@no_2018_5,0,1,70,0
phi@nyg_2018_6,1,0,70,1
tb@atl_2018_6,0,1,70,0
car@was_2018_6,0,0,54,0
ind@nyj_2018_6,0,0,57,5
ari@min_2018_6,0,1,70,0
pit@cin_2018_6,0,0,51,2
lac@cle_2018_6,0,0,55,1
buf@hou_2018_6,0,0,87,9
chi@mia_2018_6,0,0,88,7
sea@oak_2018_6,1,0,50,12
lar@den_2018_6,0,0,24,2
bal@ten_2018_6,1,0,66,3
jax@dal_2018_6,1,0,78,4
kc@ne_2018_6,0,0,45,2
sf@gb_2018_6,0,0,35,4
den@ari_2018_7,0,1,70,0
ten@lac_2018_7,0,0,64,7
cle@tb_2018_7,0,0,80,5
car@phi_2018_7,0,0,47,9
min@nyj_2018_7,0,0,46,11
det@mia_2018_7,0,0,88,5
ne@chi_2018_7,0,0,43,6
buf@ind_2018_7,0,1,70,0
hou@jax_2018_7,0,0,70,13
no@bal_2018_7,0,0,52,12
dal@was_2018_7,0,0,51,11
lar@sf_2018_7,0,0,71,2
cin@kc_2018_7,0,0,58,6
nyg@atl_2018_7,0,1,70,0
mia@hou_2018_8,1,0,65,6
phi@jax_2018_8,0,0,48,13
den@kc_2018_8,0,0,60,8
cle@pit_2018_8,1,0,48,7
was@nyg_2018_8,1,0,50,7
sea@det_2018_8,0,1,70,0
tb@cin_2018_8,0,0,56,7
nyj@chi_2018_8,1,0,48,11
bal@car_2018_8,0,0,61,6
ind@oak_2018_8,0,0,69,5
sf@ari_2018_8,0,1,70,0
gb@lar_2018_8,0,0,81,3
no@min_2018_8,0,1,70,0
ne@buf_2018_8,0,0,37,9
oak@sf_2018_9,0,0,80,3
chi@buf_2018_9,0,0,43,8
tb@car_2018_9,1,0,60,4
kc@cle_2018_9,0,0,53,5
nyj@mia_2018_9,0,0,84,14
pit@bal_2018_9,0,0,52,3
det@min_2018_9,0,1,70,0
atl@was_2018_9,0,0,53,4
hou@den_2018_9,0,0,53,2
lac@sea_2018_9,0,0,57,4
lar@no_2018_9,0,1,70,0
gb@ne_2018_9,0,0,42,2
ten@dal_2018_9,0,0,73,2
car@pit_2018_10,0,0,40,1
no@cin_2018_10,0,0,38,3
atl@cle_2018_10,0,0,38,2
mia@gb_2018_10,0,0,30,8
jax@ind_2018_10,0,1,70,0
det@chi_2018_10,0,0,35,7
ari@kc_2018_10,1,0,42,1
ne@ten_2018_10,0,0,46,2
was@tb_2018_10,0,0,80,6
buf@nyj_2018_10,0,0,44,7
lac@oak_2018_10,0,0,66,8
sea@lar_2018_10,0,0,73,1
dal@phi_2018_10,0,0,37,1
nyg@sf_2018_10,0,0,68,1
gb@sea_2018_11,0,0,54,3
cin@bal_2018_11,0,0,46,4
car@det_2018_11,0,1,70,0
ten@ind_2018_11,0,1,70,0
dal@atl_2018_11,0,1,70,0
tb@nyg_2018_11,0,0,41,0
hou@was_2018_11,0,0,47,4
pit@jax_2018_11,0,0,72,6
den@lac_2018_11,0,0,70,3
oak@ari_2018_11,0,1,70,0
phi@no_2018_11,0,1,70,0
min@chi_2018_11,1,0,31,3
kc@lar_2018_11,0,0,69,1
chi@det_2018_12,0,1,70,0
was@dal_2018_12,0,0,63,6
atl@no_2018_12,0,1,70,0
cle@cin_2018_12,1,0,48,0
sea@car_2018_12,0,0,52,0
jax@buf_2018_12,0,0,39,7
oak@bal_2018_12,0,0,57,5
mia@ind_2018_12,0,1,70,0
sf@tb_2018_12,0,0,75,5
nyg@phi_2018_12,0,0,55,6
ne@nyj_2018_12,0,0,53,8
ari@lac_2018_12,0,0,72,1
pit@den_2018_12,0,0,41,4
gb@min_2018_12,0,1,70,0
ten@hou_2018_12,0,0,51,7
no@dal_2018_13,0,0,73,7
bal@atl_2018_13,0,1,70,0
car@tb_2018_13,0,0,80,15
chi@nyg_2018_13,1,0,50,2
buf@mia_2018_13,0,0,85,13
den@cin_2018_13,0,0,63,9
lar@det_2018_13,0,1,70,0
ari@gb_2018_13,1,0,34,18
cle@hou_2018_13,0,0,70,7
ind@jax_2018_13,1,0,78,10
nyj@ten_2018_13,0,0,68,13
kc@oak_2018_13,0,0,53,1
min@ne_2018_13,1,0,51,2
sf@sea_2018_13,0,0,45,0
lac@pit_2018_13,0,0,58,9
was@phi_2018_13,0,0,48,4
jax@ten_2018_14,0,0,44,4
nyj@buf_2018_14,0,0,25,6
nyg@was_2018_14,0,0,32,4
no@tb_2018_14,1,0,69,6
ne@mia_2018_14,0,0,80,12
bal@kc_2018_14,0,0,26,0
ind@hou_2018_14,0,0,45,10
lar@chi_2018_14,0,0,29,1
car@cle_2018_14,0,0,31,0
atl@gb_2018_14,0,0,24,12
den@sf_2018_14,0,0,54,1
cin@lac_2018_14,0,0,70,1
phi@dal_2018_14,0,0,49,6
det@ari_2018_14,0,1,70,0
pit@oak_2018_14,0,0,51,2
min@sea_2018_14,1,0,47,5
lac@kc_2018_15,0,0,37,8
cle@den_2018_15,0,0,54,2
hou@nyj_2018_15,0,0,50,8
gb@chi_2018_15,0,0,40,5
det@buf_2018_15,1,0,33,2
tb@bal_2018_15,1,0,43,7
ari@atl_2018_15,0,1,70,0
oak@cin_2018_15,0,0,42,1
ten@nyg_2018_15,1,0,39,10
mia@min_2018_15,0,1,70,0
was@jax_2018_15,0,0,62,9
dal@ind_2018_15,0,1,70,0
sea@sf_2018_15,1,0,59,7
ne@pit_2018_15,1,0,41,3
phi@lar_2018_15,0,0,65,3
no@car_2018_15,0,0,48,0
was@ten_2018_16,0,0,50,7
bal@lac_2018_16,0,0,64,4
nyg@ind_2018_16,0,1,70,0
hou@phi_2018_16,0,0,43,5
jax@mia_2018_16,0,0,71,4
gb@nyj_2018_16,0,0,41,6
cin@cle_2018_16,0,0,37,3
tb@dal_2018_16,0,0,48,9
min@det_2018_16,0,1,70,0
buf@ne_2018_16,0,0,37,8
atl@car_2018_16,0,0,49,1
chi@sf_2018_16,0,0,59,1
lar@ari_2018_16,0,1,70,0
pit@no_2018_16,0,1,70,0
kc@sea_2018_16,1,0,45,4
den@oak_2018_16,1,0,56,9
mia@buf_2018_17,0,0,28,7
det@gb_2018_17,0,0,25,11
jax@hou_2018_17,1,0,45,6
nyj@ne_2018_17,0,0,31,0
car@no_2018_17,0,1,70,0
dal@nyg_2018_17,0,0,35,0
atl@tb_2018_17,0,0,77,4
cle@bal_2018_17,0,0,45,3
phi@was_2018_17,0,0,45,3
oak@kc_2018_17,0,0,40,11
chi@min_2018_17,0,1,70,0
cin@pit_2018_17,0,0,41,8
lac@den_2018_17,0,0,51,5
sf@lar_2018_17,0,0,62,3
ari@sea_2018_17,0,0,45,3
ind@ten_2018_17,1,0,53,1
gb@chi_2019_1,0,0,65,7
lar@car_2019_1,0,0,85,3
was@phi_2019_1,0,0,79,4
buf@nyj_2019_1,0,0,74,4
atl@min_2019_1,0,1,70,0
bal@mia_2019_1,0,0,89,7
kc@jax_2019_1,0,0,93,3
ten@cle_2019_1,0,0,69,6
ind@lac_2019_1,0,0,73,6
cin@sea_2019_1,1,0,66,4
sf@tb_2019_1,0,0,91,5
nyg@dal_2019_1,0,0,97,9
det@ari_2019_1,0,1,70,0
pit@ne_2019_1,0,0,64,3
hou@no_2019_1,0,1,70,0
den@oak_2019_1,0,0,64,10
tb@car_2019_2,1,0,86,1
ari@bal_2019_2,0,0,81,3
dal@was_2019_2,0,0,82,3
ind@ten_2019_2,0,0,92,1
sea@pit_2019_2,0,0,78,1
buf@nyg_2019_2,0,0,80,2
sf@cin_2019_2,0,0,82,3
lac@det_2019_2,0,1,70,0
min@gb_2019_2,0,0,72,3
jax@hou_2019_2,0,0,90,11
ne@mia_2019_2,1,0,90,9
kc@oak_2019_2,0,0,66,9
no@lar_2019_2,0,0,84,5
chi@den_2019_2,0,0,88,4
phi@atl_2019_2,0,1,70,0
cle@nyj_2019_2,0,0,71,1
ten@jax_2019_3,1,0,73,7
cin@buf_2019_3,0,0,79,9
det@phi_2019_3,0,0,86,5
nyj@ne_2019_3,0,0,82,8
oak@min_2019_3,0,1,70,0
bal@kc_2019_3,1,0,69,3
atl@ind_2019_3,0,1,70,0
den@gb_2019_3,1,0,69,5
mia@dal_2019_3,0,0,86,10
nyg@tb_2019_3,0,0,89,8
car@ari_2019_3,0,1,70,0
pit@sf_2019_3,0,0,82,6
no@sea_2019_3,1,0,62,7
hou@lac_2019_3,0,0,84,4
lar@cle_2019_3,0,0,82,5
chi@was_2019_3,0,0,82,3
phi@gb_2019_4,0,0,60,2
ten@atl_2019_4,0,1,70,0
was@nyg_2019_4,0,0,78,6
lac@mia_2019_4,0,0,86,11
oak@ind_2019_4,0,1,70,0
car@hou_2019_4,0,0,89,8
kc@det_2019_4,0,1,70,0
cle@bal_2019_4,0,0,82,5
ne@buf_2019_4,0,0,57,10
tb@lar_2019_4,0,0,70,6
sea@ari_2019_4,0,1,70,0
min@chi_2019_4,1,0,66,6
jax@den_2019_4,0,0,86,12
dal@no_2019_4,0,1,70,0
cin@pit_2019_4,1,0,75,1
lar@sea_2019_5,1,0,55,5
jax@car_2019_5,0,0,74,1
ne@was_2019_5,0,0,70,6
buf@ten_2019_5,1,0,76,3
bal@pit_2019_5,1,0,68,3
ari@cin_2019_5,1,0,76,6
atl@hou_2019_5,0,0,88,6
tb@no_2019_5,0,1,70,0
min@nyg_2019_5,0,0,67,5
chi@oak_2019_5,1,0,60,16
nyj@phi_2019_5,0,0,70,7
den@lac_2019_5,0,0,80,5
gb@dal_2019_5,0,0,96,5
ind@kc_2019_5,0,0,58,0
cle@sf_2019_5,0,0,87,6
nyg@ne_2019_6,1,0,54,9
was@mia_2019_6,0,0,83,9
phi@min_2019_6,0,1,70,0
hou@kc_2019_6,0,0,58,2
no@jax_2019_6,0,0,80,10
sea@cle_2019_6,0,0,61,7
cin@bal_2019_6,0,0,61,3
sf@lar_2019_6,0,0,72,5
atl@ari_2019_6,0,1,70,0
dal@nyj_2019_6,0,0,65,3
ten@den_2019_6,0,0,71,4
pit@lac_2019_6,0,0,67,7
car@tb_2019_6,1,0,51,4
det@gb_2019_6,0,0,42,0
kc@den_2019_7,0,0,72,5
mia@buf_2019_7,0,0,59,3
jax@cin_2019_7,0,0,72,1
min@det_2019_7,0,1,70,0
oak@gb_2019_7,0,0,54,3
lar@atl_2019_7,0,1,70,0
hou@ind_2019_7,0,1,70,0
sf@was_2019_7,1,0,55,8
ari@nyg_2019_7,1,0,57,2
lac@ten_2019_7,0,0,75,2
no@chi_2019_7,0,0,53,5
bal@sea_2019_7,1,0,49,6
phi@dal_2019_7,1,0,82,8
ne@nyj_2019_7,0,0,56,1
was@min_2019_8,0,1,70,0
sea@atl_2019_8,0,1,70,0
tb@ten_2019_8,0,0,59,1
ari@no_2019_8,0,1,70,0
cin@lar_2019_8,0,0,48,3
nyj@jax_2019_8,1,0,81,7
phi@buf_2019_8,1,0,52,11
lac@chi_2019_8,0,0,51,6
nyg@det_2019_8,0,1,70,0
oak@hou_2019_8,0,0,72,6
car@sf_2019_8,0,0,63,12
cle@ne_2019_8,1,0,50,8
den@ind_2019_8,0,1,70,0
gb@kc_2019_8,0,0,52,6
mia@pit_2019_8,0,0,61,1
sf@ari_2019_9,0,1,70,0
hou@jax_2019_9,1,0,47,7
chi@phi_2019_9,0,0,51,7
ind@pit_2019_9,0,0,46,5
nyj@mia_2019_9,1,0,83,5
min@kc_2019_9,0,0,55,9
ten@car_2019_9,0,0,55,5
was@buf_2019_9,1,0,35,10
tb@sea_2019_9,0,0,51,4
det@oak_2019_9,0,0,70,4
gb@lac_2019_9,0,0,73,4
cle@den_2019_9,0,0,57,5
ne@bal_2019_9,0,0,45,0
dal@nyg_2019_9,0,0,51,6
lac@oak_2019_10,0,0,57,7
bal@cin_2019_10,0,0,56,5
buf@cle_2019_10,0,0,48,5
atl@no_2019_10,0,1,70,0
det@chi_2019_10,1,0,40,10
nyg@nyj_2019_10,0,0,47,5
kc@ten_2019_10,0,0,62,9
ari@tb_2019_10,0,0,75,5
mia@ind_2019_10,0,1,70,0
car@gb_2019_10,0,0,33,4
lar@pit_2019_10,0,0,55,7
min@dal_2019_10,0,0,68,9
sea@sf_2019_10,0,0,75,3
pit@cle_2019_11,1,0,37,6
atl@car_2019_11,0,0,52,10
dal@det_2019_11,0,1,70,0
jax@ind_2019_11,0,1,70,0
buf@mia_2019_11,0,0,60,7
hou@bal_2019_11,0,0,42,8
den@min_2019_11,0,1,70,0
nyj@was_2019_11,0,0,41,7
no@tb_2019_11,0,0,53,2
ari@sf_2019_11,0,0,68,4
cin@oak_2019_11,0,0,68,5
ne@phi_2019_11,0,0,42,8
chi@lar_2019_11,0,0,85,4
kc@lac_2019_11,1,0,63,7
ind@hou_2019_12,0,0,74,9
den@buf_2019_12,0,0,37,7
nyg@chi_2019_12,0,0,44,8
pit@cin_2019_12,0,0,43,9
mia@cle_2019_12,0,0,37,12
tb@atl_2019_12,0,1,70,0
car@no_2019_12,0,1,70,0
det@was_2019_12,1,0,46,10
oak@nyj_2019_12,1,0,41,9
sea@phi_2019_12,1,0,38,11
jax@ten_2019_12,0,0,53,7
dal@ne_2019_12,1,0,40,11
gb@sf_2019_12,0,0,66,2
bal@lar_2019_12,0,0,64,3
chi@det_2019_13,0,1,70,0
buf@dal_2019_13,1,0,47,6
no@atl_2019_13,0,1,70,0
ten@ind_2019_13,0,1,70,0
nyj@cin_2019_13,1,0,48,14
was@car_2019_13,1,0,60,7
sf@bal_2019_13,1,0,38,9
tb@jax_2019_13,0,0,78,14
gb@nyg_2019_13,1,0,30,7
phi@mia_2019_13,0,0,80,10
cle@pit_2019_13,1,0,45,3
lar@ari_2019_13,0,1,70,0
oak@kc_2019_13,0,0,35,12
lac@den_2019_13,0,0,35,4
ne@hou_2019_13,0,0,59,6
min@sea_2019_13,0,0,47,1
dal@chi_2019_14,1,0,40,8
car@atl_2019_14,0,1,70,0
ind@tb_2019_14,0,0,76,8
mia@nyj_2019_14,0,0,37,6
sf@no_2019_14,0,1,70,0
det@min_2019_14,0,1,70,0
den@hou_2019_14,0,0,67,7
bal@buf_2019_14,0,0,34,18
cin@cle_2019_14,0,0,43,14
was@gb_2019_14,0,0,38,10
lac@jax_2019_14,0,0,63,4
pit@ari_2019_14,0,1,70,0
ten@oak_2019_14,1,0,58,3
kc@ne_2019_14,0,0,32,6
sea@lar_2019_14,1,0,64,5
nyg@phi_2019_14,1,0,50,8
nyj@bal_2019_15,0,0,33,3
sea@car_2019_15,0,0,53,4
phi@was_2019_15,0,0,51,11
hou@ten_2019_15,1,0,42,4
mia@nyg_2019_15,0,0,46,15
den@kc_2019_15,1,0,25,8
ne@cin_2019_15,1,0,34,3
tb@det_2019_15,0,1,70,0
chi@gb_2019_15,0,0,13,7
jax@oak_2019_15,0,0,55,6
cle@ari_2019_15,0,1,70,0
min@lac_2019_15,0,0,63,12
atl@sf_2019_15,0,0,55,6
lar@dal_2019_15,0,0,72,4
buf@pit_2019_15,0,0,31,0
ind@no_2019_15,0,1,70,0
hou@tb_2019_16,1,0,73,12
buf@ne_2019_16,0,0,32,3
lar@sf_2019_16,1,0,58,5
nyg@was_2019_16,0,0,41,3
no@ten_2019_16,1,0,49,2
pit@nyj_2019_16,0,0,37,5
jax@atl_2019_16,0,1,70,0
bal@cle_2019_16,0,0,44,7
car@ind_2019_16,0,1,70,0
cin@mia_2019_16,1,0,76,14
det@den_2019_16,0,0,62,3
oak@lac_2019_16,1,0,65,9
ari@sea_2019_16,1,0,45,7
dal@phi_2019_16,0,0,44,4
kc@chi_2019_16,0,0,42,10
gb@min_2019_16,0,1,70,0
nyj@buf_2019_17,1,0,39,8
atl@tb_2019_17,0,0,78,10
no@car_2019_17,1,0,65,7
cle@cin_2019_17,1,0,60,8
gb@det_2019_17,0,1,70,0
lac@kc_2019_17,0,0,39,12
chi@min_2019_17,0,1,70,0
mia@ne_2019_17,1,0,40,2
pit@bal_2019_17,1,0,46,7
phi@nyg_2019_17,1,0,40,4
was@dal_2019_17,0,0,50,12
ten@hou_2019_17,1,0,64,12
ind@jax_2019_17,1,0,73,4
oak@den_2019_17,0,0,32,2
ari@lar_2019_17,0,0,61,2
sf@sea_2019_17,0,0,47,1
hou@kc_2020_1,1,0,58,6
phi@was_2020_1,0,0,76,4
mia@ne_2020_1,0,0,73,6
gb@min_2020_1,0,1,70,0
ind@jax_2020_1,1,0,86,8
chi@det_2020_1,0,1,70,0
oak@car_2020_1,0,0,79,3
nyj@buf_2020_1,1,0,65,12
cle@bal_2020_1,0,0,75,5
sea@atl_2020_1,0,1,70,0
lac@cin_2020_1,1,0,83,4
ari@sf_2020_1,0,0,71,6
tb@no_2020_1,0,1,70,0
dal@lar_2020_1,0,1,70,0
pit@nyg_2020_1,0,0,70,10
ten@den_2020_1,0,0,78,7
cin@cle_2020_2,0,0,64,6
jax@ten_2020_2,0,0,73,5
car@tb_2020_2,1,0,87,14
den@pit_2020_2,0,0,64,2
lar@phi_2020_2,0,0,62,8
sf@nyj_2020_2,0,0,61,9
buf@mia_2020_2,1,0,89,7
min@ind_2020_2,0,1,70,0
det@gb_2020_2,0,0,67,11
atl@dal_2020_2,0,0,73,7
nyg@chi_2020_2,0,0,65,9
was@ari_2020_2,0,1,70,0
kc@lac_2020_2,0,1,70,0
bal@hou_2020_2,1,0,74,15
ne@sea_2020_2,0,0,68,3
no@oak_2020_2,0,1,70,0
mia@jax_2020_3,0,0,80,8
hou@pit_2020_3,0,0,76,3
cin@phi_2020_3,0,0,76,3
sf@nyg_2020_3,0,0,77,4
oak@ne_2020_3,0,0,76,7
ten@min_2020_3,0,1,70,0
was@cle_2020_3,0,0,77,13
lar@buf_2020_3,0,0,75,13
chi@atl_2020_3,0,1,70,0
car@lac_2020_3,0,1,70,0
nyj@ind_2020_3,0,1,70,0
dal@sea_2020_3,0,0,64,3
tb@den_2020_3,0,0,54,4
det@ari_2020_3,0,1,70,0
gb@no_2020_3,0,1,70,0
kc@bal_2020_3,0,0,72,8
den@nyj_2020_4,0,0,65,4
bal@was_2020_4,0,0,66,4
lac@tb_2020_4,1,0,75,7
sea@mia_2020_4,0,0,86,13
min@hou_2020_4,0,0,79,2
no@det_2020_4,0,1,70,0
cle@dal_2020_4,0,0,73,11
jax@cin_2020_4,1,0,66,8
ind@chi_2020_4,1,0,49,12
ari@car_2020_4,0,0,65,5
nyg@lar_2020_4,0,1,70,0
buf@oak_2020_4,0,1,70,0
phi@sf_2020_4,0,0,84,6
ne@kc_2020_4,0,0,70,11
atl@gb_2020_4,0,0,53,12
tb@chi_2020_5,0,0,57,6
lar@was_2020_5,1,0,70,3
phi@pit_2020_5,1,0,69,5
ari@nyj_2020_5,1,0,65,7
oak@kc_2020_5,0,0,77,12
jax@hou_2020_5,0,0,85,7
cin@bal_2020_5,1,0,69,5
car@atl_2020_5,0,1,70,0
mia@sf_2020_5,0,0,73,8
nyg@dal_2020_5,0,0,94,10
ind@cle_2020_5,0,0,63,13
min@sea_2020_5,1,0,56,13
lac@no_2020_5,0,1,70,0
buf@ten_2020_5,0,0,66,2
den@ne_2020_6,0,0,58,6
hou@ten_2020_6,0,0,61,6
cle@pit_2020_6,0,0,60,8
bal@phi_2020_6,0,0,64,7
was@nyg_2020_6,0,0,63,11
atl@min_2020_6,0,1,70,0
det@jax_2020_6,0,0,79,9
cin@ind_2020_6,0,1,70,0
chi@car_2020_6,0,0,61,4
nyj@mia_2020_6,1,0,82,14
gb@tb_2020_6,0,0,86,15
lar@sf_2020_6,0,0,83,6
kc@buf_2020_6,1,0,50,3
ari@dal_2020_6,0,0,64,4
nyg@phi_2020_7,0,0,68,3
pit@ten_2020_7,0,0,58,2
dal@was_2020_7,1,0,46,6
buf@nyj_2020_7,1,0,50,6
car@no_2020_7,0,1,70,0
gb@hou_2020_7,0,0,71,5
cle@cin_2020_7,0,0,48,5
det@atl_2020_7,0,1,70,0
tb@oak_2020_7,0,1,70,0
sf@ne_2020_7,0,0,49,5
kc@den_2020_7,1,0,14,8
jax@lac_2020_7,0,1,70,0
sea@ari_2020_7,0,1,70,0
chi@lar_2020_7,0,1,70,0
atl@car_2020_8,1,0,74,7
pit@bal_2020_8,1,0,51,10
lar@mia_2020_8,0,0,85,9
nyj@kc_2020_8,0,0,46,12
min@gb_2020_8,0,0,33,24
ind@det_2020_8,0,1,70,0
oak@cle_2020_8,1,0,47,26
ten@cin_2020_8,0,0,49,18
ne@buf_2020_8,1,0,42,17
lac@den_2020_8,0,0,66,7
sf@sea_2020_8,0,0,55,3
no@chi_2020_8,0,0,38,18
dal@phi_2020_8,1,0,50,11
tb@nyg_2020_8,0,0,39,8
gb@sf_2020_9,0,0,76,4
nyg@was_2020_9,0,0,68,1
chi@ten_2020_9,0,0,74,7
det@min_2020_9,0,1,70,0
car@kc_2020_9,0,0,68,15
hou@jax_2020_9,0,0,80,15
bal@ind_2020_9,0,1,70,0
sea@buf_2020_9,0,0,65,3
den@atl_2020_9,0,1,70,0
oak@lac_2020_9,0,1,70,0
pit@dal_2020_9,0,0,73,12
mia@ari_2020_9,0,1,70,0
no@tb_2020_9,0,0,77,13
ne@nyj_2020_9,0,0,60,3
ind@ten_2020_10,0,0,52,3
phi@nyg_2020_10,1,0,55,13
jax@gb_2020_10,1,0,37,24
was@det_2020_10,0,1,70,0
hou@cle_2020_10,1,0,59,16
tb@car_2020_10,0,0,66,12
lac@mia_2020_10,0,0,83,6
den@oak_2020_10,0,1,70,0
buf@ari_2020_10,0,1,70,0
cin@pit_2020_10,1,0,56,8
sf@no_2020_10,0,1,70,0
sea@lar_2020_10,0,1,70,0
bal@ne_2020_10,1,0,50,12
min@chi_2020_10,0,0,43,8
ari@sea_2020_11,1,0,47,9
cin@was_2020_11,1,0,54,7
atl@no_2020_11,0,1,70,0
pit@jax_2020_11,1,0,71,7
ne@hou_2020_11,0,0,74,2
phi@cle_2020_11,1,0,37,5
det@car_2020_11,0,0,61,2
ten@bal_2020_11,1,0,51,7
nyj@lac_2020_11,0,1,70,0
mia@den_2020_11,0,0,44,3
gb@ind_2020_11,0,1,70,0
dal@min_2020_11,0,1,70,0
kc@oak_2020_11,0,1,70,0
lar@tb_2020_11,0,0,69,4
hou@det_2020_12,0,1,70,0
was@dal_2020_12,0,0,71,9
mia@nyj_2020_12,0,0,51,3
ari@ne_2020_12,0,0,49,5
car@min_2020_12,0,1,70,0
cle@jax_2020_12,0,0,68,1
ten@ind_2020_12,0,1,70,0
nyg@cin_2020_12,1,0,46,4
lac@buf_2020_12,0,0,46,11
oak@atl_2020_12,0,1,70,0
sf@lar_2020_12,0,1,70,0
no@den_2020_12,0,0,38,3
kc@tb_2020_12,0,0,80,6
chi@gb_2020_12,0,0,35,13
sea@phi_2020_12,1,0,60,7
bal@pit_2020_12,0,0,37,5
cle@ten_2020_13,0,0,47,2
oak@nyj_2020_13,0,0,39,13
jax@min_2020_13,0,1,70,0
cin@mia_2020_13,1,0,80,3
ind@hou_2020_13,0,0,54,3
det@chi_2020_13,0,0,35,3
no@atl_2020_13,0,1,70,0
nyg@sea_2020_13,1,0,51,8
lar@ari_2020_13,0,1,70,0
ne@lac_2020_13,0,1,70,0
phi@gb_2020_13,0,0,34,6
den@kc_2020_13,0,0,38,6
was@pit_2020_13,0,0,33,11
buf@sf_2020_13,0,0,68,6
dal@bal_2020_13,0,0,37,11
ne@lar_2020_14,0,1,70,0
min@tb_2020_14,0,0,75,4
ari@nyg_2020_14,0,0,59,10
kc@mia_2020_14,0,0,80,5
ten@jax_2020_14,0,0,66,1
dal@cin_2020_14,1,0,44,1
hou@chi_2020_14,0,0,30,3
den@car_2020_14,1,0,64,5
nyj@sea_2020_14,1,0,41,6
ind@oak_2020_14,0,1,70,0
gb@det_2020_14,0,1,70,0
was@sf_2020_14,0,1,70,0
no@phi_2020_14,0,0,56,9
atl@lac_2020_14,0,1,70,0
pit@buf_2020_14,0,0,31,6
bal@cle_2020_14,0,0,34,12
lac@oak_2020_15,0,1,70,0
buf@den_2020_15,0,0,46,12
car@gb_2020_15,0,0,30,2
sea@was_2020_15,0,0,40,9
chi@min_2020_15,0,1,70,0
ne@mia_2020_15,0,0,79,9
jax@bal_2020_15,0,0,41,7
tb@atl_2020_15,0,1,70,0
sf@dal_2020_15,0,0,52,5
det@ten_2020_15,1,0,45,4
hou@ind_2020_15,0,1,70,0
phi@ari_2020_15,0,1,70,0
nyj@lar_2020_15,0,1,70,0
kc@no_2020_15,0,1,70,0
cle@nyg_2020_15,1,0,34,1
pit@cin_2020_15,0,0,43,9
min@no_2020_16,0,1,70,0
tb@det_2020_16,0,1,70,0
sf@ari_2020_16,0,1,70,0
mia@oak_2020_16,0,1,70,0
car@was_2020_16,0,0,36,3
ind@pit_2020_16,0,0,59,6
atl@kc_2020_16,0,0,49,10
chi@jax_2020_16,0,0,54,7
cin@hou_2020_16,0,0,67,12
nyg@bal_2020_16,0,0,34,3
cle@nyj_2020_16,0,0,34,4
den@lac_2020_16,0,1,70,0
lar@sea_2020_16,1,0,46,3
phi@dal_2020_16,0,0,74,10
ten@gb_2020_16,1,0,27,13
buf@ne_2020_16,0,0,41,5
atl@tb_2020_17,1,0,64,5
dal@nyg_2020_17,1,0,34,8
nyj@ne_2020_17,1,0,33,5
min@det_2020_17,0,1,70,0
pit@cle_2020_17,1,0,38,5
bal@cin_2020_17,0,0,38,8
mia@buf_2020_17,0,0,33,5
jax@ind_2020_17,0,1,70,0
ten@hou_2020_17,0,0,66,8
lac@kc_2020_17,0,0,36,4
gb@chi_2020_17,0,0,32,6
no@car_2020_17,0,0,55,5
sea@sf_2020_17,1,0,55,2
ari@lar_2020_17,0,1,70,0
oak@den_2020_17,0,0,54,7
was@phi_2020_17,1,0,37,6
dal@tb_2021_1,1,0,80,6
phi@atl_2021_1,0,1,70,0
pit@buf_2021_1,1,0,72,12
min@cin_2021_1,0,0,82,11
sf@det_2021_1,0,1,70,0
ari@ten_2021_1,0,0,82,6
sea@ind_2021_1,0,1,70,0
lac@was_2021_1,0,0,82,8
nyj@car_2021_1,0,0,82,4
jax@hou_2021_1,1,0,87,8
cle@kc_2021_1,0,0,88,11
mia@ne_2021_1,0,0,78,11
gb@no_2021_1,0,0,84,6
den@nyg_2021_1,0,0,82,12
chi@lar_2021_1,0,1,70,0
bal@oak_2021_1,0,1,70,0
nyg@was_2021_2,1,0,72,4
cin@chi_2021_2,0,0,80,5
hou@cle_2021_2,0,0,75,8
lar@ind_2021_2,0,1,70,0
buf@mia_2021_2,1,0,88,6
ne@nyj_2021_2,0,0,75,8
sf@phi_2021_2,0,0,76,7
oak@pit_2021_2,0,0,79,2
no@car_2021_2,0,0,85,6
den@jax_2021_2,1,0,80,9
min@ari_2021_2,0,1,70,0
atl@tb_2021_2,1,0,86,4
dal@lac_2021_2,0,1,70,0
ten@sea_2021_2,1,0,62,8
kc@bal_2021_2,0,0,72,4
det@gb_2021_2,1,0,72,13
car@hou_2021_3,0,0,77,6
was@buf_2021_3,0,0,61,15
chi@cle_2021_3,0,0,71,14
bal@det_2021_3,0,1,70,0
ind@ten_2021_3,0,0,72,3
lac@kc_2021_3,0,0,79,17
no@ne_2021_3,1,0,72,9
atl@nyg_2021_3,0,0,70,12
cin@pit_2021_3,0,0,69,8
ari@jax_2021_3,0,0,82,7
nyj@den_2021_3,0,0,87,6
mia@oak_2021_3,0,1,70,0
tb@lar_2021_3,0,1,70,0
sea@min_2021_3,0,1,70,0
gb@sf_2021_3,0,0,66,7
phi@dal_2021_3,0,0,84,6
jax@cin_2021_4,0,0,69,4
was@atl_2021_4,0,1,70,0
hou@buf_2021_4,1,0,63,8
det@chi_2021_4,1,0,71,4
car@dal_2021_4,0,0,80,7
ind@mia_2021_4,0,0,85,12
cle@min_2021_4,0,1,70,0
nyg@no_2021_4,0,1,70,0
ten@nyj_2021_4,1,0,77,6
kc@phi_2021_4,1,0,76,4
ari@lar_2021_4,0,1,70,0
sea@sf_2021_4,0,0,87,5
bal@den_2021_4,0,0,76,3
pit@gb_2021_4,1,0,67,4
tb@ne_2021_4,1,0,60,4
oak@lac_2021_4,0,1,70,0
lar@sea_2021_5,0,0,55,5
nyj@atl_2021_5,0,0,63,8
gb@cin_2021_5,0,0,78,9
det@min_2021_5,0,1,70,0
den@pit_2021_5,0,0,73,2
mia@tb_2021_5,0,0,84,5
no@was_2021_5,1,0,70,9
phi@car_2021_5,0,0,74,9
ten@jax_2021_5,0,0,78,6
ne@hou_2021_5,0,0,86,15
cle@lac_2021_5,0,1,70,0
chi@oak_2021_5,0,1,70,0
nyg@dal_2021_5,1,0,88,16
sf@ari_2021_5,0,1,70,0
buf@kc_2021_5,1,0,69,7
ind@bal_2021_5,0,0,67,4
tb@phi_2021_6,0,0,70,3
mia@jax_2021_6,0,0,61,10
gb@chi_2021_6,0,0,60,9
cin@det_2021_6,0,1,70,0
hou@ind_2021_6,0,1,70,0
lar@nyg_2021_6,0,0,62,10
kc@was_2021_6,0,0,61,13
min@car_2021_6,0,0,63,7
lac@bal_2021_6,0,0,62,13
ari@cle_2021_6,0,0,59,14
oak@den_2021_6,0,0,72,5
dal@ne_2021_6,1,0,61,8
sea@pit_2021_6,0,0,51,3
buf@ten_2021_6,0,0,61,2
den@cle_2021_7,1,0,57,16
was@gb_2021_7,0,0,49,9
kc@ten_2021_7,0,0,74,10
atl@mia_2021_7,1,0,84,8
nyj@ne_2021_7,1,0,55,5
car@nyg_2021_7,1,0,58,5
cin@bal_2021_7,0,0,61,6
phi@oak_2021_7,0,1,70,0
det@lar_2021_7,0,1,70,0
hou@ari_2021_7,0,1,70,0
chi@tb_2021_7,1,0,83,6
ind@sf_2021_7,1,0,62,16
no@sea_2021_7,1,0,53,14
gb@ari_2021_8,0,1,70,0
car@atl_2021_8,0,1,70,0
mia@buf_2021_8,1,0,46,11
sf@chi_2021_8,0,0,53,14
pit@cle_2021_8,0,0,57,15
phi@det_2021_8,0,1,70,0
ten@ind_2021_8,0,1,70,0
cin@nyj_2021_8,1,0,62,11
lar@hou_2021_8,0,0,74,5
ne@lac_2021_8,0,1,70,0
jax@sea_2021_8,0,0,55,4
was@den_2021_8,0,0,42,4
tb@no_2021_8,0,1,70,0
dal@min_2021_8,0,1,70,0
nyg@kc_2021_8,1,0,40,3
nyj@ind_2021_9,0,1,70,0
cle@cin_2021_9,0,0,54,2
den@dal_2021_9,0,0,64,8
hou@mia_2021_9,0,0,69,13
atl@no_2021_9,0,1,70,0
oak@nyg_2021_9,0,0,53,3
buf@jax_2021_9,1,0,58,6
min@bal_2021_9,0,0,53,6
ne@car_2021_9,0,0,60,11
lac@phi_2021_9,0,0,54,4
gb@kc_2021_9,0,0,68,15
ari@sf_2021_9,0,0,61,6
ten@lar_2021_9,0,1,70,0
chi@pit_2021_9,0,0,58,5
bal@mia_2021_10,0,0,76,6
atl@dal_2021_10,0,0,63,3
no@ten_2021_10,0,0,52,12
jax@ind_2021_10,0,1,70,0
cle@ne_2021_10,1,0,48,7
buf@nyj_2021_10,1,0,46,6
det@pit_2021_10,1,0,38,2
tb@was_2021_10,0,0,45,7
car@ari_2021_10,0,1,70,0
min@lac_2021_10,0,1,70,0
phi@den_2021_10,0,0,64,8
sea@gb_2021_10,1,0,37,12
kc@oak_2021_10,0,1,70,0
lar@sf_2021_10,0,0,62,2
ne@atl_2021_11,0,1,70,0
ind@buf_2021_11,1,0,45,11
bal@chi_2021_11,0,0,46,10
det@cle_2021_11,1,0,44,8
hou@ten_2021_11,1,0,56,10
gb@min_2021_11,0,1,70,0
mia@nyj_2021_11,1,0,52,7
no@phi_2021_11,1,0,50,4
was@car_2021_11,1,0,54,2
sf@jax_2021_11,0,0,65,13
cin@oak_2021_11,0,1,70,0
dal@kc_2021_11,0,0,56,13
ari@sea_2021_11,0,0,46,1
pit@lac_2021_11,0,1,70,0
nyg@tb_2021_11,1,0,67,6
chi@det_2021_12,0,1,70,0
oak@dal_2021_12,0,0,58,14
buf@no_2021_12,0,1,70,0
pit@cin_2021_12,0,0,42,8
tb@ind_2021_12,0,1,70,0
car@mia_2021_12,0,0,75,3
ten@ne_2021_12,0,0,37,6
phi@nyg_2021_12,0,0,37,3
atl@jax_2021_12,0,0,60,4
nyj@hou_2021_12,1,0,56,7
lac@den_2021_12,0,0,64,4
lar@gb_2021_12,0,0,34,13
min@sf_2021_12,0,0,66,4
cle@bal_2021_12,0,0,44,4
sea@was_2021_12,0,0,37,4
dal@no_2021_13,0,1,70,0
tb@atl_2021_13,0,1,70,0
ari@chi_2021_13,1,0,35,16
lac@cin_2021_13,1,0,46,7
min@det_2021_13,0,1,70,0
den@kc_2021_13,0,0,56,13
nyg@mia_2021_13,0,0,80,8
phi@nyj_2021_13,0,0,45,1
ind@hou_2021_13,0,0,75,10
was@oak_2021_13,0,1,70,0
jax@lar_2021_13,0,1,70,0
bal@pit_2021_13,0,0,50,4
sf@sea_2021_13,1,0,39,2
ne@buf_2021_13,1,0,30,22
pit@min_2021_14,0,1,70,0
sf@cin_2021_14,0,0,43,7
bal@cle_2021_14,0,0,45,14
jax@ten_2021_14,0,0,42,3
oak@kc_2021_14,0,0,46,16
no@nyj_2021_14,0,0,46,11
dal@was_2021_14,0,0,45,10
atl@car_2021_14,0,0,48,8
sea@hou_2021_14,0,0,50,5
det@den_2021_14,0,0,60,6
nyg@lac_2021_14,0,1,70,0
buf@tb_2021_14,0,0,81,6
chi@gb_2021_14,0,0,32,10
lar@ari_2021_14,0,1,70,0
kc@lac_2021_15,0,1,70,0
ne@ind_2021_15,0,1,70,0
car@buf_2021_15,0,0,24,10
nyj@mia_2021_15,1,0,81,9
ari@det_2021_15,0,1,70,0
dal@nyg_2021_15,0,0,38,12
ten@pit_2021_15,0,0,33,2
hou@jax_2021_15,1,0,76,4
gb@bal_2021_15,0,0,42,14
cin@den_2021_15,0,0,60,3
atl@sf_2021_15,0,0,46,3
no@tb_2021_15,0,0,73,4
oak@cle_2021_15,0,0,42,10
min@chi_2021_15,0,0,36,9
was@phi_2021_15,1,0,40,4
sea@lar_2021_15,0,1,70,0
sf@ten_2021_16,0,0,49,8
cle@gb_2021_16,0,0,34,7
ind@ari_2021_16,0,1,70,0
det@atl_2021_16,0,1,70,0
bal@cin_2021_16,1,0,48,1
lar@min_2021_16,0,1,70,0
buf@ne_2021_16,1,0,38,9
jax@nyj_2021_16,0,0,47,10
nyg@phi_2021_16,0,0,51,7
tb@car_2021_16,0,0,69,3
lac@hou_2021_16,0,0,73,11
chi@sea_2021_16,1,0,25,11
pit@kc_2021_16,0,0,55,16
den@oak_2021_16,0,1,70,0
was@dal_2021_16,0,0,73,13
mia@no_2021_16,0,1,70,0
atl@buf_2021_17,0,0,23,7
nyg@chi_2021_17,1,0,24,14
kc@cin_2021_17,1,0,33,9
ari@dal_2021_17,0,0,27,15
mia@ten_2021_17,1,0,39,10
oak@ind_2021_17,0,1,70,0
jax@ne_2021_17,1,0,45,4
car@no_2021_17,0,1,70,0
tb@nyj_2021_17,1,0,54,7
phi@was_2021_17,1,0,60,6
den@lac_2021_17,0,1,70,0
hou@sf_2021_17,0,0,53,4
det@sea_2021_17,1,0,37,7
lar@bal_2021_17,1,0,61,6
min@gb_2021_17,0,0,11,5
cle@pit_2021_17,0,0,27,2
kc@den_2021_18,0,0,43,2
dal@phi_2021_18,0,0,27,3
cin@cle_2021_18,1,0,37,16
gb@det_2021_18,0,1,70,0
chi@min_2021_18,0,1,70,0
was@nyg_2021_18,1,0,34,12
ind@jax_2021_18,0,0,75,7
pit@bal_2021_18,1,0,35,8
ten@hou_2021_18,1,0,72,8
no@atl_2021_18,0,1,70,0
nyj@buf_2021_18,1,0,31,18
ne@mia_2021_18,1,0,76,13
car@tb_2021_18,0,0,82,6
sf@lar_2021_18,0,1,70,0
sea@ari_2021_18,0,1,70,0
lac@oak_2021_18,0,1,70,0
buf@lar_2022_1,0,1,70,0
no@atl_2022_1,0,1,70,0
sf@chi_2022_1,1,0,68,9
pit@cin_2022_1,1,0,75,4
phi@det_2022_1,0,1,70,0
ne@mia_2022_1,0,0,90,10
bal@nyj_2022_1,1,0,74,3
jax@was_2022_1,1,0,74,5
cle@car_2022_1,1,0,80,9
ind@hou_2022_1,0,0,88,8
nyg@ten_2022_1,1,0,78,6
gb@min_2022_1,0,1,70,0
kc@ari_2022_1,0,1,70,0
oak@lac_2022_1,0,1,70,0
tb@dal_2022_1,0,0,82,6
den@sea_2022_1,0,0,75,4
lac@kc_2022_2,0,0,79,8
nyj@cle_2022_2,0,0,81,11
was@det_2022_2,0,1,70,0
tb@no_2022_2,0,1,70,0
car@nyg_2022_2,0,0,79,10
ne@pit_2022_2,0,0,79,3
ind@jax_2022_2,1,0,81,6
mia@bal_2022_2,0,0,81,6
atl@lar_2022_2,0,1,70,0
sea@sf_2022_2,1,0,68,13
cin@dal_2022_2,0,0,93,7
hou@den_2022_2,0,0,80,6
ari@oak_2022_2,0,1,70,0
chi@gb_2022_2,0,0,72,6
ten@buf_2022_2,1,0,66,10
min@phi_2022_2,0,0,74,3
pit@cle_2022_3,1,0,60,17
hou@chi_2022_3,0,0,65,11
oak@ten_2022_3,1,0,77,9
kc@ind_2022_3,0,1,70,0
buf@mia_2022_3,0,0,88,6
det@min_2022_3,0,1,70,0
bal@ne_2022_3,1,0,67,8
cin@nyj_2022_3,1,0,70,8
phi@was_2022_3,1,0,75,9
no@car_2022_3,0,0,68,6
jax@lac_2022_3,0,1,70,0
lar@ari_2022_3,0,1,70,0
atl@sea_2022_3,0,0,72,6
gb@tb_2022_3,0,0,89,4
sf@den_2022_3,0,0,73,6
dal@nyg_2022_3,0,0,66,7
mia@cin_2022_4,0,0,58,5
min@no_2022_4,0,0,64,8
cle@atl_2022_4,0,1,70,0
was@dal_2022_4,0,0,76,4
sea@det_2022_4,0,1,70,0
ten@ind_2022_4,0,1,70,0
chi@nyg_2022_4,1,0,57,12
jax@phi_2022_4,1,0,55,12
nyj@pit_2022_4,1,0,57,5
buf@bal_2022_4,1,0,57,12
lac@hou_2022_4,0,0,78,4
ari@car_2022_4,1,0,64,3
ne@gb_2022_4,0,0,62,8
den@oak_2022_4,0,1,70,0
kc@tb_2022_4,0,0,75,5
lar@sf_2022_4,0,0,70,6
ind@den_2022_5,0,0,70,3
nyg@gb_2022_5,0,0,62,12
pit@buf_2022_5,0,0,53,16
lac@cle_2022_5,0,0,60,11
chi@min_2022_5,0,1,70,0
det@ne_2022_5,0,0,59,10
sea@no_2022_5,0,1,70,0
mia@nyj_2022_5,0,0,61,10
atl@tb_2022_5,0,0,84,3
ten@was_2022_5,0,0,62,7
hou@jax_2022_5,0,0,81,5
sf@car_2022_5,0,0,65,6
dal@lar_2022_5,0,1,70,0
phi@ari_2022_5,0,1,70,0
cin@bal_2022_5,0,0,54,3
oak@kc_2022_5,0,0,72,4
was@chi_2022_6,0,0,47,14
sf@atl_2022_6,0,1,70,0
ne@cle_2022_6,0,0,64,9
nyj@gb_2022_6,1,0,48,10
jax@ind_2022_6,0,1,70,0
min@mia_2022_6,0,0,84,12
cin@no_2022_6,0,1,70,0
bal@nyg_2022_6,0,0,62,2
tb@pit_2022_6,0,0,61,2
car@lar_2022_6,0,1,70,0
ari@sea_2022_6,0,0,77,3
buf@kc_2022_6,0,0,64,13
dal@phi_2022_6,0,0,59,1
den@lac_2022_6,0,1,70,0
no@ari_2022_7,0,1,70,0
atl@cin_2022_7,0,0,73,8
det@dal_2022_7,0,0,78,19
ind@ten_2022_7,0,0,73,10
gb@was_2022_7,1,0,62,7
tb@car_2022_7,0,0,72,3
nyg@jax_2022_7,0,0,76,2
cle@bal_2022_7,1,0,65,8
nyj@den_2022_7,1,0,67,7
hou@oak_2022_7,0,1,70,0
sea@lac_2022_7,0,1,70,0
kc@sf_2022_7,0,0,67,7
pit@mia_2022_7,0,0,77,8
chi@ne_2022_7,1,0,57,3
bal@tb_2022_8,0,0,74,5
den@jax_2022_8,0,0,63,6
car@atl_2022_8,0,1,70,0
chi@dal_2022_8,0,0,59,9
mia@det_2022_8,0,1,70,0
ari@min_2022_8,0,1,70,0
oak@no_2022_8,0,1,70,0
ne@nyj_2022_8,0,0,58,3
pit@phi_2022_8,0,0,58,5
ten@hou_2022_8,0,0,69,9
was@ind_2022_8,0,1,70,0
sf@lar_2022_8,0,1,70,0
nyg@sea_2022_8,1,0,54,9
gb@buf_2022_8,1,0,47,5
cin@cle_2022_8,0,0,70,0
phi@hou_2022_9,0,0,70,0
lac@atl_2022_9,0,1,70,0
mia@chi_2022_9,0,0,70,0
car@cin_2022_9,0,0,70,0
gb@det_2022_9,0,1,70,0
ind@ne_2022_9,0,0,70,0
buf@nyj_2022_9,0,0,70,0
min@was_2022_9,0,0,70,0
oak@jax_2022_9,0,0,70,0
sea@ari_2022_9,0,1,70,0
lar@tb_2022_9,0,0,70,0
ten@kc_2022_9,0,0,70,0
bal@no_2022_9,0,1,70,0
atl@car_2022_10,0,0,70,0
sea@tb_2022_10,0,0,70,0
min@buf_2022_10,0,0,70,0
det@chi_2022_10,0,0,70,0
den@ten_2022_10,0,0,70,0
jax@kc_2022_10,0,0,70,0
cle@mia_2022_10,0,0,70,0
hou@nyg_2022_10,0,0,70,0
no@pit_2022_10,0,0,70,0
ind@oak_2022_10,0,1,70,0
dal@gb_2022_10,0,0,70,0
ari@lar_2022_10,0,1,70,0
lac@sf_2022_10,0,0,70,0
was@phi_2022_10,0,0,70,0
ten@gb_2022_11,0,0,70,0
chi@atl_2022_11,0,1,70,0
cle@buf_2022_11,0,0,70,0
phi@ind_2022_11,0,1,70,0
nyj@ne_2022_11,0,0,70,0
lar@no_2022_11,0,1,70,0
det@nyg_2022_11,0,0,70,0
car@bal_2022_11,0,0,70,0
was@hou_2022_11,0,0,70,0
oak@den_2022_11,0,0,70,0
dal@min_2022_11,0,1,70,0
kc@lac_2022_11,0,1,70,0
cin@pit_2022_11,0,0,70,0
sf@ari_2022_11,0,0,70,0
buf@det_2022_12,0,1,70,0
nyg@dal_2022_12,0,0,70,0
ne@min_2022_12,0,1,70,0
tb@cle_2022_12,0,0,70,0
cin@ten_2022_12,0,0,70,0
hou@mia_2022_12,0,0,70,0
chi@nyj_2022_12,0,0,70,0
atl@was_2022_12,0,0,70,0
den@car_2022_12,0,0,70,0
bal@jax_2022_12,0,0,70,0
lac@ari_2022_12,0,1,70,0
oak@sea_2022_12,0,0,70,0
lar@kc_2022_12,0,0,70,0
no@sf_2022_12,0,0,70,0
gb@phi_2022_12,0,0,70,0
pit@ind_2022_12,0,1,70,0
buf@ne_2022_13,0,0,70,0
pit@atl_2022_13,0,1,70,0
gb@chi_2022_13,0,0,70,0
jax@det_2022_13,0,1,70,0
nyj@min_2022_13,0,1,70,0
was@nyg_2022_13,0,0,70,0
ten@phi_2022_13,0,0,70,0
den@bal_2022_13,0,0,70,0
cle@hou_2022_13,0,0,70,0
sea@lar_2022_13,0,1,70,0
mia@sf_2022_13,0,0,70,0
kc@cin_2022_13,0,0,70,0
lac@oak_2022_13,0,1,70,0
ind@dal_2022_13,0,0,70,0
no@tb_2022_13,0,0,70,0
oak@lar_2022_14,0,1,70,0
nyj@buf_2022_14,0,0,70,0
cle@cin_2022_14,0,0,70,0
hou@dal_2022_14,0,0,70,0
min@det_2022_14,0,1,70,0
jax@ten_2022_14,0,0,70,0
phi@nyg_2022_14,0,0,70,0
bal@pit_2022_14,0,0,70,0
mia@lac_2022_14,0,1,70,0
tb@sf_2022_14,0,0,70,0
car@sea_2022_14,0,0,70,0
kc@den_2022_14,0,0,70,0
ne@ari_2022_14,0,1,70,0
sf@sea_2022_15,0,0,70,0
mia@buf_2022_15,0,0,70,0
bal@cle_2022_15,0,0,70,0
ind@min_2022_15,0,1,70,0
atl@no_2022_15,0,1,70,0
nyg@was_2022_15,0,0,70,0
phi@chi_2022_15,0,0,70,0
det@nyj_2022_15,0,0,70,0
pit@car_2022_15,0,0,70,0
dal@jax_2022_15,0,0,70,0
kc@hou_2022_15,0,0,70,0
ari@den_2022_15,0,0,70,0
ten@lac_2022_15,0,1,70,0
cin@tb_2022_15,0,0,70,0
ne@oak_2022_15,0,1,70,0
lar@gb_2022_15,0,0,70,0
jax@nyj_2022_16,0,0,70,0
buf@chi_2022_16,0,0,70,0
no@cle_2022_16,0,0,70,0
hou@ten_2022_16,0,0,70,0
sea@kc_2022_16,0,0,70,0
nyg@min_2022_16,0,1,70,0
cin@ne_2022_16,0,0,70,0
det@car_2022_16,0,0,70,0
atl@bal_2022_16,0,0,70,0
was@sf_2022_16,0,0,70,0
phi@dal_2022_16,0,0,70,0
oak@pit_2022_16,0,0,70,0
gb@mia_2022_16,0,0,70,0
den@lar_2022_16,0,1,70,0
tb@ari_2022_16,0,1,70,0
lac@ind_2022_16,0,1,70,0
dal@ten_2022_17,0,0,70,0
ari@atl_2022_17,0,1,70,0
chi@det_2022_17,0,1,70,0
den@kc_2022_17,0,0,70,0
mia@ne_2022_17,0,0,70,0
ind@nyg_2022_17,0,0,70,0
no@phi_2022_17,0,0,70,0
car@tb_2022_17,0,0,70,0
cle@was_2022_17,0,0,70,0
pit@bal_2022_17,0,0,70,0
jax@hou_2022_17,0,0,70,0
sf@oak_2022_17,0,1,70,0
nyj@sea_2022_17,0,0,70,0
min@gb_2022_17,0,0,70,0
lar@lac_2022_17,0,1,70,0
buf@cin_2022_17,0,0,70,0
tb@atl_2022_18,0,1,70,0
ne@buf_2022_18,0,0,70,0
min@chi_2022_18,0,0,70,0
bal@cin_2022_18,0,0,70,0
lac@den_2022_18,0,0,70,0
det@gb_2022_18,0,0,70,0
hou@ind_2022_18,0,1,70,0
kc@oak_2022_18,0,1,70,0
nyj@mia_2022_18,0,0,70,0
car@no_2022_18,0,1,70,0
nyg@phi_2022_18,0,0,70,0
cle@pit_2022_18,0,0,70,0
ari@sf_2022_18,0,0,70,0
lar@sea_2022_18,0,0,70,0
dal@was_2022_18,0,0,70,0
ten@jax_2022_18,0,0,70,0
