p_id,unique_team_id,player_team_id,team_id_impute,player,numeric_id,position,team_name,player_game_count,assists,avg_depth_of_target,catch_rate,coverage_percent,coverage_snaps_per_reception,coverage_snaps_per_target,declined_penalties,dropped_ints,forced_incompletes,forced_incompletion_rate,franchise_id,grades_coverage_defense,grades_defense,grades_defense_penalty,grades_pass_rush_defense,grades_run_defense,grades_tackle,interceptions,longest,missed_tackle_rate,missed_tackles,pass_break_ups,penalties,qb_rating_against,receptions,snap_counts_coverage,snap_counts_pass_play,stops,tackles,targets,touchdowns,yards,yards_after_catch,yards_per_coverage_snap,yards_per_reception,week,year,plyr_number
nickbellore_sea_2022_6,sea_2022_6,nickbellore_sea_2022,sea_2022,nickbellore,6515,lb,sea,1,0,,,0,0,0,0,0,0,0,0,0,0,0,0,0,0,0,0,0,0,0,0,0,0,0,0,0,0,0,0,0,0,0,0,6,2022,6
loganryan_tb_2022_6,tb_2022_6,loganryan_tb_2022,tb_2022,loganryan,7864,s,tb,1,1,,,0,0,0,0,0,0,0,0,0,0,0,0,0,0,0,0,0,0,0,0,0,0,0,0,0,0,0,0,0,0,0,0,6,2022,6
jordanpoyer_buf_2022_6,buf_2022_6,jordanpoyer_buf_2022,buf_2022,jordanpoyer,8000,s,buf,1,0,7.0,0.0,0,0,0,0,0,0,0,0,0,0,0,0,0,0,0,0,0,0,0,0,0,0,0,0,0,0,0,0,0,0,0,0,6,2022,6
davidmayo_was_2022_6,was_2022_6,davidmayo_was_2022,was_2022,davidmayo,9602,lb,was,1,0,,,0,0,0,0,0,0,0,0,0,0,0,0,0,0,0,0,0,0,0,0,0,0,0,0,0,0,0,0,0,0,0,0,6,2022,6
xavienhoward_mia_2022_6,mia_2022_6,xavienhoward_mia_2022,mia_2022,xavienhoward,10672,cb,mia,1,0,12.8,75.0,0,0,0,0,0,0,0,0,0,0,0,0,0,0,0,0,0,0,0,0,0,0,0,0,0,0,0,0,0,0,0,0,6,2022,6
ericmurray_hou_2022_6,hou_2022_6,ericmurray_hou_2022,hou_2022,ericmurray,10740,cb,hou,1,0,,,0,0,0,0,0,0,0,0,0,0,0,0,0,0,0,0,0,0,0,0,0,0,0,0,0,0,0,0,0,0,0,0,6,2022,6
sidneyjones_sea_2022_6,sea_2022_6,sidneyjones_sea_2022,sea_2022,sidneyjones,11798,cb,sea,1,0,10.0,75.0,0,0,0,0,0,0,0,0,0,0,0,0,0,0,0,0,0,0,0,0,0,0,0,0,0,0,0,0,0,0,0,0,6,2022,6
jayonbrown_lv_2022_6,lv_2022_6,jayonbrown_lv_2022,lv_2022,jayonbrown,11910,lb,lv,1,0,6.0,50.0,0,0,0,0,0,0,0,0,0,0,0,0,0,0,0,0,0,0,0,0,0,0,0,0,0,0,0,0,0,0,0,0,6,2022,6
xavierwoods_car_2022_6,car_2022_6,xavierwoods_car_2022,car_2022,xavierwoods,11946,s,car,1,0,21.0,50.0,0,0,0,0,0,0,0,0,0,0,0,0,0,0,0,0,0,0,0,0,0,0,0,0,0,0,0,0,0,0,0,0,6,2022,6
rudyford_gb_2022_6,gb_2022_6,rudyford_gb_2022,gb_2022,rudyford,11963,s,gb,1,0,4.5,0.0,0,0,0,0,0,0,0,0,0,0,0,0,0,0,0,0,0,0,0,0,0,0,0,0,0,0,0,0,0,0,0,0,6,2022,6
sameguavoen_mia_2022_6,mia_2022_6,sameguavoen_mia_2022,mia_2022,sameguavoen,15301,lb,mia,1,0,0.0,100.0,0,0,0,0,0,0,0,0,0,0,0,0,0,0,0,0,0,0,0,0,0,0,0,0,0,0,0,0,0,0,0,0,6,2022,6
troydye_min_2022_6,min_2022_6,troydye_min_2022,min_2022,troydye,28251,lb,min,1,1,3.0,100.0,0,0,0,0,0,0,0,0,0,0,0,0,0,0,0,0,0,0,0,0,0,0,0,0,0,0,0,0,0,0,0,0,6,2022,6
chrisboard_det_2022_6,det_2022_6,chrisboard_det_2022,det_2022,chrisboard,29456,lb,det,1,0,,,0,0,0,0,0,0,0,0,0,0,0,0,0,0,0,0,0,0,0,0,0,0,0,0,0,0,0,0,0,0,0,0,6,2022,6
krisboyd_min_2022_6,min_2022_6,krisboyd_min_2022,min_2022,krisboyd,34222,cb,min,1,0,,,0,0,0,0,0,0,0,0,0,0,0,0,0,0,0,0,0,0,0,0,0,0,0,0,0,0,0,0,0,0,0,0,6,2022,6
zackbaun_no_2022_6,no_2022_6,zackbaun_no_2022,no_2022,zackbaun,34632,lb,no,1,0,,,0,0,0,0,0,0,0,0,0,0,0,0,0,0,0,0,0,0,0,0,0,0,0,0,0,0,0,0,0,0,0,0,6,2022,6
blakecashman_hou_2022_6,hou_2022_6,blakecashman_hou_2022,hou_2022,blakecashman,35413,lb,hou,1,0,13.0,0.0,0,0,0,0,0,0,0,0,0,0,0,0,0,0,0,0,0,0,0,0,0,0,0,0,0,0,0,0,0,0,0,0,6,2022,6
andrewdowell_no_2022_6,no_2022_6,andrewdowell_no_2022,no_2022,andrewdowell,38956,lb,no,1,0,,,0,0,0,0,0,0,0,0,0,0,0,0,0,0,0,0,0,0,0,0,0,0,0,0,0,0,0,0,0,0,0,0,6,2022,6
trayvonmullen_ari_2022_6,ari_2022_6,trayvonmullen_ari_2022,ari_2022,trayvonmullen,41968,cb,ari,1,0,3.5,100.0,0,0,0,0,0,0,0,0,0,0,0,0,0,0,0,0,0,0,0,0,0,0,0,0,0,0,0,0,0,0,0,0,6,2022,6
shemarjeancharles_gb_2022_6,gb_2022_6,shemarjeancharles_gb_2022,gb_2022,shemarjeancharles,42496,s,gb,1,0,,,0,0,0,0,0,0,0,0,0,0,0,0,0,0,0,0,0,0,0,0,0,0,0,0,0,0,0,0,0,0,0,0,6,2022,6
damarcusfields_no_2022_6,no_2022_6,damarcusfields_no_2022,no_2022,damarcusfields,43347,cb,no,1,0,13.0,100.0,0,0,0,0,0,0,0,0,0,0,0,0,0,0,0,0,0,0,0,0,0,0,0,0,0,0,0,0,0,0,0,0,6,2022,6
joshmetellus_min_2022_6,min_2022_6,joshmetellus_min_2022,min_2022,joshmetellus,43395,s,min,1,0,13.0,0.0,0,0,0,0,0,0,0,0,0,0,0,0,0,0,0,0,0,0,0,0,0,0,0,0,0,0,0,0,0,0,0,0,6,2022,6
zechmcphearson_phi_2022_6,phi_2022_6,zechmcphearson_phi_2022,phi_2022,zechmcphearson,45464,cb,phi,1,0,21.5,0.0,0,0,0,0,0,0,0,0,0,0,0,0,0,0,0,0,0,0,0,0,0,0,0,0,0,0,0,0,0,0,0,0,6,2022,6
elijahcampbell_mia_2022_6,mia_2022_6,elijahcampbell_mia_2022,mia_2022,elijahcampbell,49190,s,mia,1,0,,,0,0,0,0,0,0,0,0,0,0,0,0,0,0,0,0,0,0,0,0,0,0,0,0,0,0,0,0,0,0,0,0,6,2022,6
keioncrossen_mia_2022_6,mia_2022_6,keioncrossen_mia_2022,mia_2022,keioncrossen,49454,cb,mia,1,1,18.3,100.0,0,0,0,0,0,0,0,0,0,0,0,0,0,0,0,0,0,0,0,0,0,0,0,0,0,0,0,0,0,0,0,0,6,2022,6
shaquilleleonard_ind_2022_6,ind_2022_6,shaquilleleonard_ind_2022,ind_2022,shaquilleleonard,49684,lb,ind,1,0,4.0,100.0,0,0,0,0,0,0,0,0,0,0,0,0,0,0,0,0,0,0,0,0,0,0,0,0,0,0,0,0,0,0,0,0,6,2022,6
xaviercrawford_sea_2022_6,sea_2022_6,xaviercrawford_sea_2022,sea_2022,xaviercrawford,50326,cb,sea,1,0,6.0,100.0,0,0,0,0,0,0,0,0,0,0,0,0,0,0,0,0,0,0,0,0,0,0,0,0,0,0,0,0,0,0,0,0,6,2022,6
amanioruwariye_det_2022_6,det_2022_6,amanioruwariye_det_2022,det_2022,amanioruwariye,50533,cb,det,1,0,14.9,71.4,0,0,0,0,0,0,0,0,0,0,0,0,0,0,0,0,0,0,0,0,0,0,0,0,0,0,0,0,0,0,0,0,6,2022,6
tremaineedmunds_buf_2022_6,buf_2022_6,tremaineedmunds_buf_2022,buf_2022,tremaineedmunds,50905,lb,buf,1,1,4.2,100.0,0,0,0,0,0,0,0,0,0,0,0,0,0,0,0,0,0,0,0,0,0,0,0,0,0,0,0,0,0,0,0,0,6,2022,6
frankieluvu_car_2022_6,car_2022_6,frankieluvu_car_2022,car_2022,frankieluvu,51028,lb,car,1,0,2.7,83.3,0,0,0,0,0,0,0,0,0,0,0,0,0,0,0,0,0,0,0,0,0,0,0,0,0,0,0,0,0,0,0,0,6,2022,6
taylorrapp_lar_2022_6,lar_2022_6,taylorrapp_lar_2022,lar_2022,taylorrapp,51172,s,lar,1,1,,,0,0,0,0,0,0,0,0,0,0,0,0,0,0,0,0,0,0,0,0,0,0,0,0,0,0,0,0,0,0,0,0,6,2022,6
terrelledmunds_pit_2022_6,pit_2022_6,terrelledmunds_pit_2022,pit_2022,terrelledmunds,51334,s,pit,1,1,,,0,0,0,0,0,0,0,0,0,0,0,0,0,0,0,0,0,0,0,0,0,0,0,0,0,0,0,0,0,0,0,0,6,2022,6
marcellharris_nyj_2022_6,nyj_2022_6,marcellharris_nyj_2022,nyj_2022,marcellharris,51408,lb,nyj,1,0,4.0,100.0,0,0,0,0,0,0,0,0,0,0,0,0,0,0,0,0,0,0,0,0,0,0,0,0,0,0,0,0,0,0,0,0,6,2022,6
isaiahdunn_sea_2022_6,sea_2022_6,isaiahdunn_sea_2022,sea_2022,isaiahdunn,52129,cb,sea,1,0,,,0,0,0,0,0,0,0,0,0,0,0,0,0,0,0,0,0,0,0,0,0,0,0,0,0,0,0,0,0,0,0,0,6,2022,6
keiseannixon_gb_2022_6,gb_2022_6,keiseannixon_gb_2022,gb_2022,keiseannixon,56167,cb,gb,1,0,3.0,66.7,0,0,0,0,0,0,0,0,0,0,0,0,0,0,0,0,0,0,0,0,0,0,0,0,0,0,0,0,0,0,0,0,6,2022,6
javelinguidry_lv_2022_6,lv_2022_6,javelinguidry_lv_2022,lv_2022,javelinguidry,56262,cb,lv,1,0,9.5,100.0,0,0,0,0,0,0,0,0,0,0,0,0,0,0,0,0,0,0,0,0,0,0,0,0,0,0,0,0,0,0,0,0,6,2022,6
akaylebevans_min_2022_6,min_2022_6,akaylebevans_min_2022,min_2022,akaylebevans,65033,cb,min,1,0,17.0,100.0,0,0,0,0,0,0,0,0,0,0,0,0,0,0,0,0,0,0,0,0,0,0,0,0,0,0,0,0,0,0,0,0,6,2022,6
israelmukuamu_dal_2022_6,dal_2022_6,israelmukuamu_dal_2022,dal_2022,israelmukuamu,83377,s,dal,1,0,3.0,66.7,0,0,0,0,0,0,0,0,0,0,0,0,0,0,0,0,0,0,0,0,0,0,0,0,0,0,0,0,0,0,0,0,6,2022,6
kareemjackson_den_2022_6,den_2022_6,kareemjackson_den_2022,den_2022,kareemjackson,5545,s,den,1,0,9.5,50.0,0,0,0,0,0,0,0,0,0,0,0,0,0,0,0,0,0,0,0,0,0,0,0,0,0,0,0,0,0,0,0,0,6,2022,6
devinmccourty_ne_2022_6,ne_2022_6,devinmccourty_ne_2022,ne_2022,devinmccourty,5552,s,ne,1,0,,,0,0,0,0,0,0,0,0,0,0,0,0,0,0,0,0,0,0,0,0,0,0,0,0,0,0,0,0,0,0,0,0,6,2022,6
patrickpeterson_min_2022_6,min_2022_6,patrickpeterson_min_2022,min_2022,patrickpeterson,6157,cb,min,1,0,9.0,100.0,0,0,0,0,0,0,0,0,0,0,0,0,0,0,0,0,0,0,0,0,0,0,0,0,0,0,0,0,0,0,0,0,6,2022,6
chrisharrisjr_no_2022_6,no_2022_6,chrisharrisjr_no_2022,no_2022,chrisharrisjr,6457,cb,no,1,0,,,0,0,0,0,0,0,0,0,0,0,0,0,0,0,0,0,0,0,0,0,0,0,0,0,0,0,0,0,0,0,0,0,6,2022,6
joshbynes_bal_2022_6,bal_2022_6,joshbynes_bal_2022,bal_2022,joshbynes,6503,lb,bal,1,0,14.0,100.0,0,0,0,0,0,0,0,0,0,0,0,0,0,0,0,0,0,0,0,0,0,0,0,0,0,0,0,0,0,0,0,0,6,2022,6
stephongilmore_ind_2022_6,ind_2022_6,stephongilmore_ind_2022,ind_2022,stephongilmore,7016,cb,ind,1,0,13.0,55.6,0,0,0,0,0,0,0,0,0,0,0,0,0,0,0,0,0,0,0,0,0,0,0,0,0,0,0,0,0,0,0,0,6,2022,6
bobbywagner_lar_2022_6,lar_2022_6,bobbywagner_lar_2022,lar_2022,bobbywagner,7050,lb,lar,1,0,7.0,0.0,0,0,0,0,0,0,0,0,0,0,0,0,0,0,0,0,0,0,0,0,0,0,0,0,0,0,0,0,0,0,0,0,6,2022,6
lavontedavid_tb_2022_6,tb_2022_6,lavontedavid_tb_2022,tb_2022,lavontedavid,7060,lb,tb,1,0,,,0,0,0,0,0,0,0,0,0,0,0,0,0,0,0,0,0,0,0,0,0,0,0,0,0,0,0,0,0,0,0,0,6,2022,6
caseyhaywardjr_atl_2022_6,atl_2022_6,caseyhaywardjr_atl_2022,atl_2022,caseyhaywardjr,7064,cb,atl,1,0,13.3,28.6,0,0,0,0,0,0,0,0,0,0,0,0,0,0,0,0,0,0,0,0,0,0,0,0,0,0,0,0,0,0,0,0,6,2022,6
demariodavis_no_2022_6,no_2022_6,demariodavis_no_2022,no_2022,demariodavis,7079,lb,no,1,0,5.0,0.0,0,0,0,0,0,0,0,0,0,0,0,0,0,0,0,0,0,0,0,0,0,0,0,0,0,0,0,0,0,0,0,0,6,2022,6
rodneymcleod_ind_2022_6,ind_2022_6,rodneymcleod_ind_2022,ind_2022,rodneymcleod,7271,s,ind,1,0,,,0,0,0,0,0,0,0,0,0,0,0,0,0,0,0,0,0,0,0,0,0,0,0,0,0,0,0,0,0,0,0,0,6,2022,6
tashaungipsonsr_sf_2022_6,sf_2022_6,tashaungipsonsr_sf_2022,sf_2022,tashaungipsonsr,7288,s,sf,1,0,,,0,0,0,0,0,0,0,0,0,0,0,0,0,0,0,0,0,0,0,0,0,0,0,0,0,0,0,0,0,0,0,0,6,2022,6
harrisonsmith_min_2022_6,min_2022_6,harrisonsmith_min_2022,min_2022,harrisonsmith,7641,s,min,1,0,10.3,33.3,0,0,0,0,0,0,0,0,0,0,0,0,0,0,0,0,0,0,0,0,0,0,0,0,0,0,0,0,0,0,0,0,6,2022,6
dariusslay_phi_2022_6,phi_2022_6,dariusslay_phi_2022,phi_2022,dariusslay,7817,cb,phi,1,1,8.4,85.7,0,0,0,0,0,0,0,0,0,0,0,0,0,0,0,0,0,0,0,0,0,0,0,0,0,0,0,0,0,0,0,0,6,2022,6
jonbostic_was_2022_6,was_2022_6,jonbostic_was_2022,was_2022,jonbostic,7831,lb,was,1,0,-2.0,100.0,0,0,0,0,0,0,0,0,0,0,0,0,0,0,0,0,0,0,0,0,0,0,0,0,0,0,0,0,0,0,0,0,6,2022,6
tyrannmathieu_no_2022_6,no_2022_6,tyrannmathieu_no_2022,no_2022,tyrannmathieu,7850,s,no,1,0,1.0,50.0,0,0,0,0,0,0,0,0,0,0,0,0,0,0,0,0,0,0,0,0,0,0,0,0,0,0,0,0,0,0,0,0,6,2022,6
duronharmon_lv_2022_6,lv_2022_6,duronharmon_lv_2022,lv_2022,duronharmon,7872,s,lv,1,0,,,0,0,0,0,0,0,0,0,0,0,0,0,0,0,0,0,0,0,0,0,0,0,0,0,0,0,0,0,0,0,0,0,6,2022,6
tonyjefferson_nyg_2022_6,nyg_2022_6,tonyjefferson_nyg_2022,nyg_2022,tonyjefferson,8361,s,nyg,1,1,4.0,100.0,0,0,0,0,0,0,0,0,0,0,0,0,0,0,0,0,0,0,0,0,0,0,0,0,0,0,0,0,0,0,0,0,6,2022,6
chrisbanjo_ari_2022_6,ari_2022_6,chrisbanjo_ari_2022,ari_2022,chrisbanjo,8419,s,ari,1,0,,,0,0,0,0,0,0,0,0,0,0,0,0,0,0,0,0,0,0,0,0,0,0,0,0,0,0,0,0,0,0,0,0,6,2022,6
anthonybarr_dal_2022_6,dal_2022_6,anthonybarr_dal_2022,dal_2022,anthonybarr,8644,lb,dal,1,0,4.5,100.0,0,0,0,0,0,0,0,0,0,0,0,0,0,0,0,0,0,0,0,0,0,0,0,0,0,0,0,0,0,0,0,0,6,2022,6
cjmosley_nyj_2022_6,nyj_2022_6,cjmosley_nyj_2022,nyj_2022,cjmosley,8652,lb,nyj,1,2,8.8,83.3,0,0,0,0,0,0,0,0,0,0,0,0,0,0,0,0,0,0,0,0,0,0,0,0,0,0,0,0,0,0,0,0,6,2022,6
bradleyroby_no_2022_6,no_2022_6,bradleyroby_no_2022,no_2022,bradleyroby,8666,cb,no,1,0,12.3,33.3,0,0,0,0,0,0,0,0,0,0,0,0,0,0,0,0,0,0,0,0,0,0,0,0,0,0,0,0,0,0,0,0,6,2022,6
lamarcusjoyner_nyj_2022_6,nyj_2022_6,lamarcusjoyner_nyj_2022,nyj_2022,lamarcusjoyner,8676,s,nyj,1,0,,,0,0,0,0,0,0,0,0,0,0,0,0,0,0,0,0,0,0,0,0,0,0,0,0,0,0,0,0,0,0,0,0,6,2022,6
christiankirksey_hou_2022_6,hou_2022_6,christiankirksey_hou_2022,hou_2022,christiankirksey,8706,lb,hou,1,2,2.6,40.0,0,0,0,0,0,0,0,0,0,0,0,0,0,0,0,0,0,0,0,0,0,0,0,0,0,0,0,0,0,0,0,0,6,2022,6
terrancemitchell_ten_2022_6,ten_2022_6,terrancemitchell_ten_2022,ten_2022,terrancemitchell,8888,cb,ten,1,0,5.5,50.0,0,0,0,0,0,0,0,0,0,0,0,0,0,0,0,0,0,0,0,0,0,0,0,0,0,0,0,0,0,0,0,0,6,2022,6
adrianphillips_ne_2022_6,ne_2022_6,adrianphillips_ne_2022,ne_2022,adrianphillips,9177,s,ne,1,0,5.0,100.0,0,0,0,0,0,0,0,0,0,0,0,0,0,0,0,0,0,0,0,0,0,0,0,0,0,0,0,0,0,0,0,0,6,2022,6
cjgoodwin_dal_2022_6,dal_2022_6,cjgoodwin_dal_2022,dal_2022,cjgoodwin,9243,cb,dal,1,0,,,0,0,0,0,0,0,0,0,0,0,0,0,0,0,0,0,0,0,0,0,0,0,0,0,0,0,0,0,0,0,0,0,6,2022,6
danielsorensen_no_2022_6,no_2022_6,danielsorensen_no_2022,no_2022,danielsorensen,9253,s,no,1,0,,,0,0,0,0,0,0,0,0,0,0,0,0,0,0,0,0,0,0,0,0,0,0,0,0,0,0,0,0,0,0,0,0,6,2022,6
joethomas_chi_2022_6,chi_2022_6,joethomas_chi_2022,chi_2022,joethomas,9272,lb,chi,1,0,,,0,0,0,0,0,0,0,0,0,0,0,0,0,0,0,0,0,0,0,0,0,0,0,0,0,0,0,0,0,0,0,0,6,2022,6
kwaunwilliams_den_2022_6,den_2022_6,kwaunwilliams_den_2022,den_2022,kwaunwilliams,9332,cb,den,1,0,5.5,75.0,0,0,0,0,0,0,0,0,0,0,0,0,0,0,0,0,0,0,0,0,0,0,0,0,0,0,0,0,0,0,0,0,6,2022,6
marcuspeters_bal_2022_6,bal_2022_6,marcuspeters_bal_2022,bal_2022,marcuspeters,9451,cb,bal,1,0,9.0,57.1,0,0,0,0,0,0,0,0,0,0,0,0,0,0,0,0,0,0,0,0,0,0,0,0,0,0,0,0,0,0,0,0,6,2022,6
shaqthompson_car_2022_6,car_2022_6,shaqthompson_car_2022,car_2022,shaqthompson,9458,lb,car,1,0,5.0,100.0,0,0,0,0,0,0,0,0,0,0,0,0,0,0,0,0,0,0,0,0,0,0,0,0,0,0,0,0,0,0,0,0,6,2022,6
erickendricks_min_2022_6,min_2022_6,erickendricks_min_2022,min_2022,erickendricks,9478,lb,min,1,2,-3.0,100.0,0,0,0,0,0,0,0,0,0,0,0,0,0,0,0,0,0,0,0,0,0,0,0,0,0,0,0,0,0,0,0,0,6,2022,6
ericrowe_mia_2022_6,mia_2022_6,ericrowe_mia_2022,mia_2022,ericrowe,9480,s,mia,1,0,39.0,100.0,0,0,0,0,0,0,0,0,0,0,0,0,0,0,0,0,0,0,0,0,0,0,0,0,0,0,0,0,0,0,0,0,6,2022,6
denzelperryman_lv_2022_6,lv_2022_6,denzelperryman_lv_2022,lv_2022,denzelperryman,9481,lb,lv,1,0,0.3,100.0,0,0,0,0,0,0,0,0,0,0,0,0,0,0,0,0,0,0,0,0,0,0,0,0,0,0,0,0,0,0,0,0,6,2022,6
jordanhicks_min_2022_6,min_2022_6,jordanhicks_min_2022,min_2022,jordanhicks,9517,lb,min,1,0,2.0,50.0,0,0,0,0,0,0,0,0,0,0,0,0,0,0,0,0,0,0,0,0,0,0,0,0,0,0,0,0,0,0,0,0,6,2022,6
stevennelson_hou_2022_6,hou_2022_6,stevennelson_hou_2022,hou_2022,stevennelson,9531,cb,hou,1,0,3.8,50.0,0,0,0,0,0,0,0,0,0,0,0,0,0,0,0,0,0,0,0,0,0,0,0,0,0,0,0,0,0,0,0,0,6,2022,6
kwonalexander_nyj_2022_6,nyj_2022_6,kwonalexander_nyj_2022,nyj_2022,kwonalexander,9557,lb,nyj,1,1,4.3,50.0,0,0,0,0,0,0,0,0,0,0,0,0,0,0,0,0,0,0,0,0,0,0,0,0,0,0,0,0,0,0,0,0,6,2022,6
damienwilson_car_2022_6,car_2022_6,damienwilson_car_2022,car_2022,damienwilson,9560,lb,car,1,0,5.3,66.7,0,0,0,0,0,0,0,0,0,0,0,0,0,0,0,0,0,0,0,0,0,0,0,0,0,0,0,0,0,0,0,0,6,2022,6
adrianamos_gb_2022_6,gb_2022_6,adrianamos_gb_2022,gb_2022,adrianamos,9575,s,gb,1,1,-1.5,50.0,0,0,0,0,0,0,0,0,0,0,0,0,0,0,0,0,0,0,0,0,0,0,0,0,0,0,0,0,0,0,0,0,6,2022,6
bobbymccain_was_2022_6,was_2022_6,bobbymccain_was_2022,was_2022,bobbymccain,9578,s,was,1,0,31.0,100.0,0,0,0,0,0,0,0,0,0,0,0,0,0,0,0,0,0,0,0,0,0,0,0,0,0,0,0,0,0,0,0,0,6,2022,6
quandrediggs_sea_2022_6,sea_2022_6,quandrediggs_sea_2022,sea_2022,quandrediggs,9633,s,sea,1,0,9.0,100.0,0,0,0,0,0,0,0,0,0,0,0,0,0,0,0,0,0,0,0,0,0,0,0,0,0,0,0,0,0,0,0,0,6,2022,6
nevillehewitt_hou_2022_6,hou_2022_6,nevillehewitt_hou_2022,hou_2022,nevillehewitt,9836,lb,hou,1,0,6.0,66.7,0,0,0,0,0,0,0,0,0,0,0,0,0,0,0,0,0,0,0,0,0,0,0,0,0,0,0,0,0,0,0,0,6,2022,6
deanmarlowe_atl_2022_6,atl_2022_6,deanmarlowe_atl_2022,atl_2022,deanmarlowe,9966,s,atl,1,0,3.0,100.0,0,0,0,0,0,0,0,0,0,0,0,0,0,0,0,0,0,0,0,0,0,0,0,0,0,0,0,0,0,0,0,0,6,2022,6
alexsingleton_den_2022_6,den_2022_6,alexsingleton_den_2022,den_2022,alexsingleton,9994,lb,den,1,1,-2.7,100.0,0,0,0,0,0,0,0,0,0,0,0,0,0,0,0,0,0,0,0,0,0,0,0,0,0,0,0,0,0,0,0,0,6,2022,6
brycecallahan_lac_2022_6,lac_2022_6,brycecallahan_lac_2022,lac_2022,brycecallahan,10000,cb,lac,1,0,7.0,100.0,0,0,0,0,0,0,0,0,0,0,0,0,0,0,0,0,0,0,0,0,0,0,0,0,0,0,0,0,0,0,0,0,6,2022,6
jalenramsey_lar_2022_6,lar_2022_6,jalenramsey_lar_2022,lar_2022,jalenramsey,10639,cb,lar,1,0,0.5,100.0,0,0,0,0,0,0,0,0,0,0,0,0,0,0,0,0,0,0,0,0,0,0,0,0,0,0,0,0,0,0,0,0,6,2022,6
eliapple_cin_2022_6,cin_2022_6,eliapple_cin_2022,cin_2022,eliapple,10644,cb,cin,1,0,18.2,60.0,0,0,0,0,0,0,0,0,0,0,0,0,0,0,0,0,0,0,0,0,0,0,0,0,0,0,0,0,0,0,0,0,6,2022,6
keanuneal_tb_2022_6,tb_2022_6,keanuneal_tb_2022,tb_2022,keanuneal,10651,s,tb,1,0,10.0,100.0,0,0,0,0,0,0,0,0,0,0,0,0,0,0,0,0,0,0,0,0,0,0,0,0,0,0,0,0,0,0,0,0,6,2022,6
williamjacksoniii_was_2022_6,was_2022_6,williamjacksoniii_was_2022,was_2022,williamjacksoniii,10658,cb,was,1,0,6.5,100.0,0,0,0,0,0,0,0,0,0,0,0,0,0,0,0,0,0,0,0,0,0,0,0,0,0,0,0,0,0,0,0,0,6,2022,6
artieburns_sea_2022_6,sea_2022_6,artieburns_sea_2022,sea_2022,artieburns,10659,cb,sea,1,0,16.0,0.0,0,0,0,0,0,0,0,0,0,0,0,0,0,0,0,0,0,0,0,0,0,0,0,0,0,0,0,0,0,0,0,0,6,2022,6
jaylonsmith_nyg_2022_6,nyg_2022_6,jaylonsmith_nyg_2022,nyg_2022,jaylonsmith,10668,lb,nyg,1,0,4.0,100.0,0,0,0,0,0,0,0,0,0,0,0,0,0,0,0,0,0,0,0,0,0,0,0,0,0,0,0,0,0,0,0,0,6,2022,6
mylesjack_pit_2022_6,pit_2022_6,mylesjack_pit_2022,pit_2022,mylesjack,10670,lb,pit,1,0,,,0,0,0,0,0,0,0,0,0,0,0,0,0,0,0,0,0,0,0,0,0,0,0,0,0,0,0,0,0,0,0,0,6,2022,6
vonnbell_cin_2022_6,cin_2022_6,vonnbell_cin_2022,cin_2022,vonnbell,10695,s,cin,1,1,19.6,60.0,0,0,0,0,0,0,0,0,0,0,0,0,0,0,0,0,0,0,0,0,0,0,0,0,0,0,0,0,0,0,0,0,6,2022,6
jamesbradberry_phi_2022_6,phi_2022_6,jamesbradberry_phi_2022,phi_2022,jamesbradberry,10696,cb,phi,1,0,12.2,33.3,0,0,0,0,0,0,0,0,0,0,0,0,0,0,0,0,0,0,0,0,0,0,0,0,0,0,0,0,0,0,0,0,6,2022,6
kevinbyard_ten_2022_6,ten_2022_6,kevinbyard_ten_2022,ten_2022,kevinbyard,10698,s,ten,1,2,2.5,100.0,0,0,0,0,0,0,0,0,0,0,0,0,0,0,0,0,0,0,0,0,0,0,0,0,0,0,0,0,0,0,0,0,6,2022,6
kendallfuller_was_2022_6,was_2022_6,kendallfuller_was_2022,was_2022,kendallfuller,10718,cb,was,1,0,4.0,100.0,0,0,0,0,0,0,0,0,0,0,0,0,0,0,0,0,0,0,0,0,0,0,0,0,0,0,0,0,0,0,0,0,6,2022,6
joeschobert_ten_2022_6,ten_2022_6,joeschobert_ten_2022,ten_2022,joeschobert,10733,lb,ten,1,0,5.0,100.0,0,0,0,0,0,0,0,0,0,0,0,0,0,0,0,0,0,0,0,0,0,0,0,0,0,0,0,0,0,0,0,0,6,2022,6
mileskillebrew_pit_2022_6,pit_2022_6,mileskillebrew_pit_2022,pit_2022,mileskillebrew,10745,lb,pit,1,0,,,0,0,0,0,0,0,0,0,0,0,0,0,0,0,0,0,0,0,0,0,0,0,0,0,0,0,0,0,0,0,0,0,6,2022,6
devondrecampbell_gb_2022_6,gb_2022_6,devondrecampbell_gb_2022,gb_2022,devondrecampbell,10749,lb,gb,1,0,-0.2,80.0,0,0,0,0,0,0,0,0,0,0,0,0,0,0,0,0,0,0,0,0,0,0,0,0,0,0,0,0,0,0,0,0,6,2022,6
justonburris_car_2022_6,car_2022_6,justonburris_car_2022,car_2022,justonburris,10752,s,car,1,0,14.0,66.7,0,0,0,0,0,0,0,0,0,0,0,0,0,0,0,0,0,0,0,0,0,0,0,0,0,0,0,0,0,0,0,0,6,2022,6
deonbush_kc_2022_6,kc_2022_6,deonbush_kc_2022,kc_2022,deonbush,10758,s,kc,1,0,,,0,0,0,0,0,0,0,0,0,0,0,0,0,0,0,0,0,0,0,0,0,0,0,0,0,0,0,0,0,0,0,0,6,2022,6
blakemartinez_lv_2022_6,lv_2022_6,blakemartinez_lv_2022,lv_2022,blakemartinez,10765,lb,lv,1,0,11.0,100.0,0,0,0,0,0,0,0,0,0,0,0,0,0,0,0,0,0,0,0,0,0,0,0,0,0,0,0,0,0,0,0,0,6,2022,6
anthonybrown_dal_2022_6,dal_2022_6,anthonybrown_dal_2022,dal_2022,anthonybrown,10823,cb,dal,1,0,8.9,44.4,0,0,0,0,0,0,0,0,0,0,0,0,0,0,0,0,0,0,0,0,0,0,0,0,0,0,0,0,0,0,0,0,6,2022,6
kamugrugierhill_hou_2022_6,hou_2022_6,kamugrugierhill_hou_2022,hou_2022,kamugrugierhill,10842,lb,hou,1,0,8.1,70.0,0,0,0,0,0,0,0,0,0,0,0,0,0,0,0,0,0,0,0,0,0,0,0,0,0,0,0,0,0,0,0,0,6,2022,6
elandonroberts_mia_2022_6,mia_2022_6,elandonroberts_mia_2022,mia_2022,elandonroberts,10848,lb,mia,1,0,-1.0,100.0,0,0,0,0,0,0,0,0,0,0,0,0,0,0,0,0,0,0,0,0,0,0,0,0,0,0,0,0,0,0,0,0,6,2022,6
willparks_nyj_2022_6,nyj_2022_6,willparks_nyj_2022,nyj_2022,willparks,10853,s,nyj,1,0,9.0,0.0,0,0,0,0,0,0,0,0,0,0,0,0,0,0,0,0,0,0,0,0,0,0,0,0,0,0,0,0,0,0,0,0,6,2022,6
jalenmills_ne_2022_6,ne_2022_6,jalenmills_ne_2022,ne_2022,jalenmills,10867,cb,ne,1,0,8.5,75.0,0,0,0,0,0,0,0,0,0,0,0,0,0,0,0,0,0,0,0,0,0,0,0,0,0,0,0,0,0,0,0,0,6,2022,6
jayronkearse_dal_2022_6,dal_2022_6,jayronkearse_dal_2022,dal_2022,jayronkearse,10878,s,dal,1,0,6.0,80.0,0,0,0,0,0,0,0,0,0,0,0,0,0,0,0,0,0,0,0,0,0,0,0,0,0,0,0,0,0,0,0,0,6,2022,6
mikehilton_cin_2022_6,cin_2022_6,mikehilton_cin_2022,cin_2022,mikehilton,10898,cb,cin,1,0,3.3,66.7,0,0,0,0,0,0,0,0,0,0,0,0,0,0,0,0,0,0,0,0,0,0,0,0,0,0,0,0,0,0,0,0,6,2022,6
matthiasfarley_lv_2022_6,lv_2022_6,matthiasfarley_lv_2022,lv_2022,matthiasfarley,10953,s,lv,1,0,0.0,100.0,0,0,0,0,0,0,0,0,0,0,0,0,0,0,0,0,0,0,0,0,0,0,0,0,0,0,0,0,0,0,0,0,6,2022,6
corylittleton_car_2022_6,car_2022_6,corylittleton_car_2022,car_2022,corylittleton,11190,lb,car,1,0,1.3,100.0,0,0,0,0,0,0,0,0,0,0,0,0,0,0,0,0,0,0,0,0,0,0,0,0,0,0,0,0,0,0,0,0,6,2022,6
jonathanjones_ne_2022_6,ne_2022_6,jonathanjones_ne_2022,ne_2022,jonathanjones,11217,cb,ne,1,0,9.0,0.0,0,0,0,0,0,0,0,0,0,0,0,0,0,0,0,0,0,0,0,0,0,0,0,0,0,0,0,0,0,0,0,0,6,2022,6
andrewadams_ten_2022_6,ten_2022_6,andrewadams_ten_2022,ten_2022,andrewadams,11240,s,ten,1,0,6.0,100.0,0,0,0,0,0,0,0,0,0,0,0,0,0,0,0,0,0,0,0,0,0,0,0,0,0,0,0,0,0,0,0,0,6,2022,6
antoniohamilton_ari_2022_6,ari_2022_6,antoniohamilton_ari_2022,ari_2022,antoniohamilton,11353,cb,ari,1,0,-2.0,100.0,0,0,0,0,0,0,0,0,0,0,0,0,0,0,0,0,0,0,0,0,0,0,0,0,0,0,0,0,0,0,0,0,6,2022,6
marshonlattimore_no_2022_6,no_2022_6,marshonlattimore_no_2022,no_2022,marshonlattimore,11766,cb,no,1,0,11.0,0.0,0,0,0,0,0,0,0,0,0,0,0,0,0,0,0,0,0,0,0,0,0,0,0,0,0,0,0,0,0,0,0,0,6,2022,6
malikhooker_dal_2022_6,dal_2022_6,malikhooker_dal_2022,dal_2022,malikhooker,11770,s,dal,1,1,,,0,0,0,0,0,0,0,0,0,0,0,0,0,0,0,0,0,0,0,0,0,0,0,0,0,0,0,0,0,0,0,0,6,2022,6
marlonhumphrey_bal_2022_6,bal_2022_6,marlonhumphrey_bal_2022,bal_2022,marlonhumphrey,11771,cb,bal,1,0,4.8,100.0,0,0,0,0,0,0,0,0,0,0,0,0,0,0,0,0,0,0,0,0,0,0,0,0,0,0,0,0,0,0,0,0,6,2022,6
adoreejackson_nyg_2022_6,nyg_2022_6,adoreejackson_nyg_2022,nyg_2022,adoreejackson,11773,cb,nyg,1,0,10.0,66.7,0,0,0,0,0,0,0,0,0,0,0,0,0,0,0,0,0,0,0,0,0,0,0,0,0,0,0,0,0,0,0,0,6,2022,6
jabrillpeppers_ne_2022_6,ne_2022_6,jabrillpeppers_ne_2022,ne_2022,jabrillpeppers,11780,s,ne,1,1,5.0,100.0,0,0,0,0,0,0,0,0,0,0,0,0,0,0,0,0,0,0,0,0,0,0,0,0,0,0,0,0,0,0,0,0,6,2022,6
buddabaker_ari_2022_6,ari_2022_6,buddabaker_ari_2022,ari_2022,buddabaker,11791,s,ari,1,1,0.0,100.0,0,0,0,0,0,0,0,0,0,0,0,0,0,0,0,0,0,0,0,0,0,0,0,0,0,0,0,0,0,0,0,0,6,2022,6
justinevans_no_2022_6,no_2022_6,justinevans_no_2022,no_2022,justinevans,11805,s,no,1,1,7.0,100.0,0,0,0,0,0,0,0,0,0,0,0,0,0,0,0,0,0,0,0,0,0,0,0,0,0,0,0,0,0,0,0,0,6,2022,6
raekwonmcmillan_ne_2022_6,ne_2022_6,raekwonmcmillan_ne_2022,ne_2022,raekwonmcmillan,11809,lb,ne,1,1,30.0,0.0,0,0,0,0,0,0,0,0,0,0,0,0,0,0,0,0,0,0,0,0,0,0,0,0,0,0,0,0,0,0,0,0,6,2022,6
chidobeawuzie_cin_2022_6,cin_2022_6,chidobeawuzie_cin_2022,cin_2022,chidobeawuzie,11815,cb,cin,1,1,7.0,100.0,0,0,0,0,0,0,0,0,0,0,0,0,0,0,0,0,0,0,0,0,0,0,0,0,0,0,0,0,0,0,0,0,6,2022,6
joshjones_sea_2022_6,sea_2022_6,joshjones_sea_2022,sea_2022,joshjones,11816,s,sea,1,0,,,0,0,0,0,0,0,0,0,0,0,0,0,0,0,0,0,0,0,0,0,0,0,0,0,0,0,0,0,0,0,0,0,6,2022,6
dukeriley_mia_2022_6,mia_2022_6,dukeriley_mia_2022,mia_2022,dukeriley,11830,lb,mia,1,0,,,0,0,0,0,0,0,0,0,0,0,0,0,0,0,0,0,0,0,0,0,0,0,0,0,0,0,0,0,0,0,0,0,6,2022,6
alexanzalone_det_2022_6,det_2022_6,alexanzalone_det_2022,det_2022,alexanzalone,11831,lb,det,1,1,6.0,0.0,0,0,0,0,0,0,0,0,0,0,0,0,0,0,0,0,0,0,0,0,0,0,0,0,0,0,0,0,0,0,0,0,6,2022,6
fabianmoreau_nyg_2022_6,nyg_2022_6,fabianmoreau_nyg_2022,nyg_2022,fabianmoreau,11836,cb,nyg,1,1,33.0,0.0,0,0,0,0,0,0,0,0,0,0,0,0,0,0,0,0,0,0,0,0,0,0,0,0,0,0,0,0,0,0,0,0,6,2022,6
shaquillgriffin_jax_2022_6,jax_2022_6,shaquillgriffin_jax_2022,jax_2022,shaquillgriffin,11845,cb,jax,1,0,9.0,100.0,0,0,0,0,0,0,0,0,0,0,0,0,0,0,0,0,0,0,0,0,0,0,0,0,0,0,0,0,0,0,0,0,6,2022,6
jourdanlewis_dal_2022_6,dal_2022_6,jourdanlewis_dal_2022,dal_2022,jourdanlewis,11846,cb,dal,1,0,11.0,75.0,0,0,0,0,0,0,0,0,0,0,0,0,0,0,0,0,0,0,0,0,0,0,0,0,0,0,0,0,0,0,0,0,6,2022,6
johnjohnsoniii_cle_2022_6,cle_2022_6,johnjohnsoniii_cle_2022,cle_2022,johnjohnsoniii,11847,s,cle,1,0,3.5,75.0,0,0,0,0,0,0,0,0,0,0,0,0,0,0,0,0,0,0,0,0,0,0,0,0,0,0,0,0,0,0,0,0,6,2022,6
cameronsutton_pit_2022_6,pit_2022_6,cameronsutton_pit_2022,pit_2022,cameronsutton,11850,cb,pit,1,0,19.0,50.0,0,0,0,0,0,0,0,0,0,0,0,0,0,0,0,0,0,0,0,0,0,0,0,0,0,0,0,0,0,0,0,0,6,2022,6
rasuldouglas_gb_2022_6,gb_2022_6,rasuldouglas_gb_2022,gb_2022,rasuldouglas,11854,cb,gb,1,0,2.0,100.0,0,0,0,0,0,0,0,0,0,0,0,0,0,0,0,0,0,0,0,0,0,0,0,0,0,0,0,0,0,0,0,0,6,2022,6
eddiejackson_chi_2022_6,chi_2022_6,eddiejackson_chi_2022,chi_2022,eddiejackson,11867,s,chi,1,0,-3.0,100.0,0,0,0,0,0,0,0,0,0,0,0,0,0,0,0,0,0,0,0,0,0,0,0,0,0,0,0,0,0,0,0,0,6,2022,6
rayshawnjenkins_jax_2022_6,jax_2022_6,rayshawnjenkins_jax_2022,jax_2022,rayshawnjenkins,11868,s,jax,1,1,,,0,0,0,0,0,0,0,0,0,0,0,0,0,0,0,0,0,0,0,0,0,0,0,0,0,0,0,0,0,0,0,0,6,2022,6
jalenreevesmaybin_hou_2022_6,hou_2022_6,jalenreevesmaybin_hou_2022,hou_2022,jalenreevesmaybin,11879,lb,hou,1,0,0.0,100.0,0,0,0,0,0,0,0,0,0,0,0,0,0,0,0,0,0,0,0,0,0,0,0,0,0,0,0,0,0,0,0,0,6,2022,6
desmondkingii_hou_2022_6,hou_2022_6,desmondkingii_hou_2022,hou_2022,desmondkingii,11906,cb,hou,1,1,13.5,50.0,0,0,0,0,0,0,0,0,0,0,0,0,0,0,0,0,0,0,0,0,0,0,0,0,0,0,0,0,0,0,0,0,6,2022,6
mattmilano_buf_2022_6,buf_2022_6,mattmilano_buf_2022,buf_2022,mattmilano,11918,lb,buf,1,1,4.3,33.3,0,0,0,0,0,0,0,0,0,0,0,0,0,0,0,0,0,0,0,0,0,0,0,0,0,0,0,0,0,0,0,0,6,2022,6
chuckclark_bal_2022_6,bal_2022_6,chuckclark_bal_2022,bal_2022,chuckclark,11941,s,bal,1,0,2.0,0.0,0,0,0,0,0,0,0,0,0,0,0,0,0,0,0,0,0,0,0,0,0,0,0,0,0,0,0,0,0,0,0,0,6,2022,6
tannervallejo_ari_2022_6,ari_2022_6,tannervallejo_ari_2022,ari_2022,tannervallejo,11950,lb,ari,1,0,3.0,0.0,0,0,0,0,0,0,0,0,0,0,0,0,0,0,0,0,0,0,0,0,0,0,0,0,0,0,0,0,0,0,0,0,6,2022,6
arthurmaulet_pit_2022_6,pit_2022_6,arthurmaulet_pit_2022,pit_2022,arthurmaulet,12224,cb,pit,1,0,3.0,100.0,0,0,0,0,0,0,0,0,0,0,0,0,0,0,0,0,0,0,0,0,0,0,0,0,0,0,0,0,0,0,0,0,6,2022,6
sionetakitaki_cle_2022_6,cle_2022_6,sionetakitaki_cle_2022,cle_2022,sionetakitaki,12666,lb,cle,1,0,1.0,100.0,0,0,0,0,0,0,0,0,0,0,0,0,0,0,0,0,0,0,0,0,0,0,0,0,0,0,0,0,0,0,0,0,6,2022,6
dylancole_ten_2022_6,ten_2022_6,dylancole_ten_2022,ten_2022,dylancole,24304,lb,ten,1,0,17.0,100.0,0,0,0,0,0,0,0,0,0,0,0,0,0,0,0,0,0,0,0,0,0,0,0,0,0,0,0,0,0,0,0,0,6,2022,6
foyesadeoluokun_jax_2022_6,jax_2022_6,foyesadeoluokun_jax_2022,jax_2022,foyesadeoluokun,24904,lb,jax,1,0,2.7,33.3,0,0,0,0,0,0,0,0,0,0,0,0,0,0,0,0,0,0,0,0,0,0,0,0,0,0,0,0,0,0,0,0,6,2022,6
leviwallace_pit_2022_6,pit_2022_6,leviwallace_pit_2022,pit_2022,leviwallace,25445,cb,pit,1,0,19.4,57.1,0,0,0,0,0,0,0,0,0,0,0,0,0,0,0,0,0,0,0,0,0,0,0,0,0,0,0,0,0,0,0,0,6,2022,6
seanmurphybunting_tb_2022_6,tb_2022_6,seanmurphybunting_tb_2022,tb_2022,seanmurphybunting,25891,cb,tb,1,0,13.0,100.0,0,0,0,0,0,0,0,0,0,0,0,0,0,0,0,0,0,0,0,0,0,0,0,0,0,0,0,0,0,0,0,0,6,2022,6
djreedjr_nyj_2022_6,nyj_2022_6,djreedjr_nyj_2022,nyj_2022,djreedjr,26940,cb,nyj,1,0,10.6,60.0,0,0,0,0,0,0,0,0,0,0,0,0,0,0,0,0,0,0,0,0,0,0,0,0,0,0,0,0,0,0,0,0,6,2022,6
isaiahrodgers_ind_2022_6,ind_2022_6,isaiahrodgers_ind_2022,ind_2022,isaiahrodgers,27069,cb,ind,1,0,3.5,100.0,0,0,0,0,0,0,0,0,0,0,0,0,0,0,0,0,0,0,0,0,0,0,0,0,0,0,0,0,0,0,0,0,6,2022,6
siranneal_buf_2022_6,buf_2022_6,siranneal_buf_2022,buf_2022,siranneal,27130,cb,buf,1,1,8.7,14.3,0,0,0,0,0,0,0,0,0,0,0,0,0,0,0,0,0,0,0,0,0,0,0,0,0,0,0,0,0,0,0,0,6,2022,6
devinbush_pit_2022_6,pit_2022_6,devinbush_pit_2022,pit_2022,devinbush,27375,lb,pit,1,1,11.4,80.0,0,0,0,0,0,0,0,0,0,0,0,0,0,0,0,0,0,0,0,0,0,0,0,0,0,0,0,0,0,0,0,0,6,2022,6
malikharrison_bal_2022_6,bal_2022_6,malikharrison_bal_2022,bal_2022,malikharrison,28081,lb,bal,1,0,-3.5,100.0,0,0,0,0,0,0,0,0,0,0,0,0,0,0,0,0,0,0,0,0,0,0,0,0,0,0,0,0,0,0,0,0,6,2022,6
jeromebaker_mia_2022_6,mia_2022_6,jeromebaker_mia_2022,mia_2022,jeromebaker,28091,lb,mia,1,0,19.5,50.0,0,0,0,0,0,0,0,0,0,0,0,0,0,0,0,0,0,0,0,0,0,0,0,0,0,0,0,0,0,0,0,0,6,2022,6
deshonelliott_det_2022_6,det_2022_6,deshonelliott_det_2022,det_2022,deshonelliott,28854,s,det,1,0,6.0,100.0,0,0,0,0,0,0,0,0,0,0,0,0,0,0,0,0,0,0,0,0,0,0,0,0,0,0,0,0,0,0,0,0,6,2022,6
jackjones_ne_2022_6,ne_2022_6,jackjones_ne_2022,ne_2022,jackjones,29050,cb,ne,1,0,15.3,57.1,0,0,0,0,0,0,0,0,0,0,0,0,0,0,0,0,0,0,0,0,0,0,0,0,0,0,0,0,0,0,0,0,6,2022,6
dariusharris_kc_2022_6,kc_2022_6,dariusharris_kc_2022,kc_2022,dariusharris,29188,lb,kc,1,0,1.3,100.0,0,0,0,0,0,0,0,0,0,0,0,0,0,0,0,0,0,0,0,0,0,0,0,0,0,0,0,0,0,0,0,0,6,2022,6
davidlong_ten_2022_6,ten_2022_6,davidlong_ten_2022,ten_2022,davidlong,29367,lb,ten,1,1,6.3,100.0,0,0,0,0,0,0,0,0,0,0,0,0,0,0,0,0,0,0,0,0,0,0,0,0,0,0,0,0,0,0,0,0,6,2022,6
germainepratt_cin_2022_6,cin_2022_6,germainepratt_cin_2022,cin_2022,germainepratt,29407,lb,cin,1,2,2.0,100.0,0,0,0,0,0,0,0,0,0,0,0,0,0,0,0,0,0,0,0,0,0,0,0,0,0,0,0,0,0,0,0,0,6,2022,6
loganwilson_cin_2022_6,cin_2022_6,loganwilson_cin_2022,cin_2022,loganwilson,29623,lb,cin,1,0,-1.3,100.0,0,0,0,0,0,0,0,0,0,0,0,0,0,0,0,0,0,0,0,0,0,0,0,0,0,0,0,0,0,0,0,0,6,2022,6
tjedwards_phi_2022_6,phi_2022_6,tjedwards_phi_2022,phi_2022,tjedwards,30737,lb,phi,1,0,5.1,62.5,0,0,0,0,0,0,0,0,0,0,0,0,0,0,0,0,0,0,0,0,0,0,0,0,0,0,0,0,0,0,0,0,6,2022,6
danejackson_buf_2022_6,buf_2022_6,danejackson_buf_2022,buf_2022,danejackson,32989,cb,buf,1,1,13.2,80.0,0,0,0,0,0,0,0,0,0,0,0,0,0,0,0,0,0,0,0,0,0,0,0,0,0,0,0,0,0,0,0,0,6,2022,6
robertrochell_lar_2022_6,lar_2022_6,robertrochell_lar_2022,lar_2022,robertrochell,33693,cb,lar,1,0,,,0,0,0,0,0,0,0,0,0,0,0,0,0,0,0,0,0,0,0,0,0,0,0,0,0,0,0,0,0,0,0,0,6,2022,6
nasiradderley_lac_2022_6,lac_2022_6,nasiradderley_lac_2022,lac_2022,nasiradderley,33880,s,lac,1,0,,,0,0,0,0,0,0,0,0,0,0,0,0,0,0,0,0,0,0,0,0,0,0,0,0,0,0,0,0,0,0,0,0,6,2022,6
mikehughes_det_2022_6,det_2022_6,mikehughes_det_2022,det_2022,mikehughes,34057,cb,det,1,1,10.3,66.7,0,0,0,0,0,0,0,0,0,0,0,0,0,0,0,0,0,0,0,0,0,0,0,0,0,0,0,0,0,0,0,0,6,2022,6
darnellsavage_gb_2022_6,gb_2022_6,darnellsavage_gb_2022,gb_2022,darnellsavage,34247,s,gb,1,0,14.7,66.7,0,0,0,0,0,0,0,0,0,0,0,0,0,0,0,0,0,0,0,0,0,0,0,0,0,0,0,0,0,0,0,0,6,2022,6
johnathanabram_lv_2022_6,lv_2022_6,johnathanabram_lv_2022,lv_2022,johnathanabram,34646,s,lv,1,0,6.3,66.7,0,0,0,0,0,0,0,0,0,0,0,0,0,0,0,0,0,0,0,0,0,0,0,0,0,0,0,0,0,0,0,0,6,2022,6
akeemdavisgaither_cin_2022_6,cin_2022_6,akeemdavisgaither_cin_2022,cin_2022,akeemdavisgaither,34788,lb,cin,1,0,,,0,0,0,0,0,0,0,0,0,0,0,0,0,0,0,0,0,0,0,0,0,0,0,0,0,0,0,0,0,0,0,0,6,2022,6
jameldean_tb_2022_6,tb_2022_6,jameldean_tb_2022,tb_2022,jameldean,34918,cb,tb,1,0,4.7,33.3,0,0,0,0,0,0,0,0,0,0,0,0,0,0,0,0,0,0,0,0,0,0,0,0,0,0,0,0,0,0,0,0,6,2022,6
taecrowder_nyg_2022_6,nyg_2022_6,taecrowder_nyg_2022,nyg_2022,taecrowder,35774,lb,nyg,1,0,-5.0,100.0,0,0,0,0,0,0,0,0,0,0,0,0,0,0,0,0,0,0,0,0,0,0,0,0,0,0,0,0,0,0,0,0,6,2022,6
jonasgriffith_den_2022_6,den_2022_6,jonasgriffith_den_2022,den_2022,jonasgriffith,35858,lb,den,1,1,,,0,0,0,0,0,0,0,0,0,0,0,0,0,0,0,0,0,0,0,0,0,0,0,0,0,0,0,0,0,0,0,0,6,2022,6
camrynbynum_min_2022_6,min_2022_6,camrynbynum_min_2022,min_2022,camrynbynum,38408,s,min,1,1,0.5,100.0,0,0,0,0,0,0,0,0,0,0,0,0,0,0,0,0,0,0,0,0,0,0,0,0,0,0,0,0,0,0,0,0,6,2022,6
matthewadams_chi_2022_6,chi_2022_6,matthewadams_chi_2022,chi_2022,matthewadams,38526,lb,chi,1,0,,,0,0,0,0,0,0,0,0,0,0,0,0,0,0,0,0,0,0,0,0,0,0,0,0,0,0,0,0,0,0,0,0,6,2022,6
justinlayne_nyg_2022_6,nyg_2022_6,justinlayne_nyg_2022,nyg_2022,justinlayne,40160,cb,nyg,1,0,5.5,50.0,0,0,0,0,0,0,0,0,0,0,0,0,0,0,0,0,0,0,0,0,0,0,0,0,0,0,0,0,0,0,0,0,6,2022,6
ljariussneed_kc_2022_6,kc_2022_6,ljariussneed_kc_2022,kc_2022,ljariussneed,40588,cb,kc,1,0,6.5,75.0,0,0,0,0,0,0,0,0,0,0,0,0,0,0,0,0,0,0,0,0,0,0,0,0,0,0,0,0,0,0,0,0,6,2022,6
alohigilman_lac_2022_6,lac_2022_6,alohigilman_lac_2022,lac_2022,alohigilman,41662,s,lac,1,0,20.0,100.0,0,0,0,0,0,0,0,0,0,0,0,0,0,0,0,0,0,0,0,0,0,0,0,0,0,0,0,0,0,0,0,0,6,2022,6
trevondiggs_dal_2022_6,dal_2022_6,trevondiggs_dal_2022,dal_2022,trevondiggs,41817,cb,dal,1,0,7.7,80.0,0,0,0,0,0,0,0,0,0,0,0,0,0,0,0,0,0,0,0,0,0,0,0,0,0,0,0,0,0,0,0,0,6,2022,6
divinedeablo_lv_2022_6,lv_2022_6,divinedeablo_lv_2022,lv_2022,divinedeablo,42208,lb,lv,1,0,2.2,60.0,0,0,0,0,0,0,0,0,0,0,0,0,0,0,0,0,0,0,0,0,0,0,0,0,0,0,0,0,0,0,0,0,6,2022,6
isaiahsimmons_ari_2022_6,ari_2022_6,isaiahsimmons_ari_2022,ari_2022,isaiahsimmons,42451,lb,ari,1,2,-1.5,100.0,0,0,0,0,0,0,0,0,0,0,0,0,0,0,0,0,0,0,0,0,0,0,0,0,0,0,0,0,0,0,0,0,6,2022,6
kvonwallace_phi_2022_6,phi_2022_6,kvonwallace_phi_2022,phi_2022,kvonwallace,42467,s,phi,1,0,,,0,0,0,0,0,0,0,0,0,0,0,0,0,0,0,0,0,0,0,0,0,0,0,0,0,0,0,0,0,0,0,0,6,2022,6
camerondantzler_min_2022_6,min_2022_6,camerondantzler_min_2022,min_2022,camerondantzler,42472,cb,min,1,0,10.0,75.0,0,0,0,0,0,0,0,0,0,0,0,0,0,0,0,0,0,0,0,0,0,0,0,0,0,0,0,0,0,0,0,0,6,2022,6
antoinewinfieldjr_tb_2022_6,tb_2022_6,antoinewinfieldjr_tb_2022,tb_2022,antoinewinfieldjr,42475,s,tb,1,0,16.4,40.0,0,0,0,0,0,0,0,0,0,0,0,0,0,0,0,0,0,0,0,0,0,0,0,0,0,0,0,0,0,0,0,0,6,2022,6
jcjackson_lac_2022_6,lac_2022_6,jcjackson_lac_2022,lac_2022,jcjackson,42781,cb,lac,1,1,13.8,55.6,0,0,0,0,0,0,0,0,0,0,0,0,0,0,0,0,0,0,0,0,0,0,0,0,0,0,0,0,0,0,0,0,6,2022,6
chaselucas_det_2022_6,det_2022_6,chaselucas_det_2022,det_2022,chaselucas,42833,s,det,1,0,20.0,100.0,0,0,0,0,0,0,0,0,0,0,0,0,0,0,0,0,0,0,0,0,0,0,0,0,0,0,0,0,0,0,0,0,6,2022,6
kristianfulton_ten_2022_6,ten_2022_6,kristianfulton_ten_2022,ten_2022,kristianfulton,42894,cb,ten,1,1,10.8,50.0,0,0,0,0,0,0,0,0,0,0,0,0,0,0,0,0,0,0,0,0,0,0,0,0,0,0,0,0,0,0,0,0,6,2022,6
charvariusward_sf_2022_6,sf_2022_6,charvariusward_sf_2022,sf_2022,charvariusward,43034,cb,sf,1,1,12.4,28.6,0,0,0,0,0,0,0,0,0,0,0,0,0,0,0,0,0,0,0,0,0,0,0,0,0,0,0,0,0,0,0,0,6,2022,6
brandonjones_mia_2022_6,mia_2022_6,brandonjones_mia_2022,mia_2022,brandonjones,43049,s,mia,1,0,5.3,100.0,0,0,0,0,0,0,0,0,0,0,0,0,0,0,0,0,0,0,0,0,0,0,0,0,0,0,0,0,0,0,0,0,6,2022,6
devinwhite_tb_2022_6,tb_2022_6,devinwhite_tb_2022,tb_2022,devinwhite,43089,lb,tb,1,0,,,0,0,0,0,0,0,0,0,0,0,0,0,0,0,0,0,0,0,0,0,0,0,0,0,0,0,0,0,0,0,0,0,6,2022,6
mackwilson_ne_2022_6,ne_2022_6,mackwilson_ne_2022,ne_2022,mackwilson,43190,lb,ne,1,0,,,0,0,0,0,0,0,0,0,0,0,0,0,0,0,0,0,0,0,0,0,0,0,0,0,0,0,0,0,0,0,0,0,6,2022,6
richiegrant_atl_2022_6,atl_2022_6,richiegrant_atl_2022,atl_2022,richiegrant,43196,s,atl,1,0,8.0,100.0,0,0,0,0,0,0,0,0,0,0,0,0,0,0,0,0,0,0,0,0,0,0,0,0,0,0,0,0,0,0,0,0,6,2022,6
damarhamlin_buf_2022_6,buf_2022_6,damarhamlin_buf_2022,buf_2022,damarhamlin,43291,s,buf,1,1,2.0,100.0,0,0,0,0,0,0,0,0,0,0,0,0,0,0,0,0,0,0,0,0,0,0,0,0,0,0,0,0,0,0,0,0,6,2022,6
mylesbryant_ne_2022_6,ne_2022_6,mylesbryant_ne_2022,ne_2022,mylesbryant,43336,cb,ne,1,0,3.7,66.7,0,0,0,0,0,0,0,0,0,0,0,0,0,0,0,0,0,0,0,0,0,0,0,0,0,0,0,0,0,0,0,0,6,2022,6
jakehansen_hou_2022_6,hou_2022_6,jakehansen_hou_2022,hou_2022,jakehansen,43645,lb,hou,1,0,,,0,0,0,0,0,0,0,0,0,0,0,0,0,0,0,0,0,0,0,0,0,0,0,0,0,0,0,0,0,0,0,0,6,2022,6
byronmurphyjr_ari_2022_6,ari_2022_6,byronmurphyjr_ari_2022,ari_2022,byronmurphyjr,44027,cb,ari,1,0,7.7,66.7,0,0,0,0,0,0,0,0,0,0,0,0,0,0,0,0,0,0,0,0,0,0,0,0,0,0,0,0,0,0,0,0,6,2022,6
saivionsmith_det_2022_6,det_2022_6,saivionsmith_det_2022,det_2022,saivionsmith,44429,cb,det,1,0,12.0,100.0,0,0,0,0,0,0,0,0,0,0,0,0,0,0,0,0,0,0,0,0,0,0,0,0,0,0,0,0,0,0,0,0,6,2022,6
kyzirwhite_phi_2022_6,phi_2022_6,kyzirwhite_phi_2022,phi_2022,kyzirwhite,44485,lb,phi,1,1,5.3,100.0,0,0,0,0,0,0,0,0,0,0,0,0,0,0,0,0,0,0,0,0,0,0,0,0,0,0,0,0,0,0,0,0,6,2022,6
terrellburgess_lar_2022_6,lar_2022_6,terrellburgess_lar_2022,lar_2022,terrellburgess,45255,s,lar,1,0,,,0,0,0,0,0,0,0,0,0,0,0,0,0,0,0,0,0,0,0,0,0,0,0,0,0,0,0,0,0,0,0,0,6,2022,6
essangbassey_den_2022_6,den_2022_6,essangbassey_den_2022,den_2022,essangbassey,45258,s,den,1,0,-1.0,100.0,0,0,0,0,0,0,0,0,0,0,0,0,0,0,0,0,0,0,0,0,0,0,0,0,0,0,0,0,0,0,0,0,6,2022,6
brandonstephens_bal_2022_6,bal_2022_6,brandonstephens_bal_2022,bal_2022,brandonstephens,45644,cb,bal,1,0,-2.0,100.0,0,0,0,0,0,0,0,0,0,0,0,0,0,0,0,0,0,0,0,0,0,0,0,0,0,0,0,0,0,0,0,0,6,2022,6
nickscott_lar_2022_6,lar_2022_6,nickscott_lar_2022,lar_2022,nickscott,49012,s,lar,1,0,3.5,50.0,0,0,0,0,0,0,0,0,0,0,0,0,0,0,0,0,0,0,0,0,0,0,0,0,0,0,0,0,0,0,0,0,6,2022,6
justinreid_kc_2022_6,kc_2022_6,justinreid_kc_2022,kc_2022,justinreid,49048,s,kc,1,0,6.0,66.7,0,0,0,0,0,0,0,0,0,0,0,0,0,0,0,0,0,0,0,0,0,0,0,0,0,0,0,0,0,0,0,0,6,2022,6
treflowers_cin_2022_6,cin_2022_6,treflowers_cin_2022,cin_2022,treflowers,49059,cb,cin,1,0,6.0,100.0,0,0,0,0,0,0,0,0,0,0,0,0,0,0,0,0,0,0,0,0,0,0,0,0,0,0,0,0,0,0,0,0,6,2022,6
jalenthompson_ari_2022_6,ari_2022_6,jalenthompson_ari_2022,ari_2022,jalenthompson,49116,s,ari,1,3,-0.5,100.0,0,0,0,0,0,0,0,0,0,0,0,0,0,0,0,0,0,0,0,0,0,0,0,0,0,0,0,0,0,0,0,0,6,2022,6
ryanneal_sea_2022_6,sea_2022_6,ryanneal_sea_2022,sea_2022,ryanneal,49132,s,sea,1,1,8.6,60.0,0,0,0,0,0,0,0,0,0,0,0,0,0,0,0,0,0,0,0,0,0,0,0,0,0,0,0,0,0,0,0,0,6,2022,6
myleshartsfield_car_2022_6,car_2022_6,myleshartsfield_car_2022,car_2022,myleshartsfield,49159,s,car,1,0,11.8,50.0,0,0,0,0,0,0,0,0,0,0,0,0,0,0,0,0,0,0,0,0,0,0,0,0,0,0,0,0,0,0,0,0,6,2022,6
jessiebatesiii_cin_2022_6,cin_2022_6,jessiebatesiii_cin_2022,cin_2022,jessiebatesiii,49162,s,cin,1,0,10.3,66.7,0,0,0,0,0,0,0,0,0,0,0,0,0,0,0,0,0,0,0,0,0,0,0,0,0,0,0,0,0,0,0,0,6,2022,6
jordanwhitehead_nyj_2022_6,nyj_2022_6,jordanwhitehead_nyj_2022,nyj_2022,jordanwhitehead,49196,s,nyj,1,0,13.0,100.0,0,0,0,0,0,0,0,0,0,0,0,0,0,0,0,0,0,0,0,0,0,0,0,0,0,0,0,0,0,0,0,0,6,2022,6
ronnieharrison_cle_2022_6,cle_2022_6,ronnieharrison_cle_2022,cle_2022,ronnieharrison,49206,s,cle,1,0,0.0,100.0,0,0,0,0,0,0,0,0,0,0,0,0,0,0,0,0,0,0,0,0,0,0,0,0,0,0,0,0,0,0,0,0,6,2022,6
demetriusflanniganfowles_sf_2022_6,sf_2022_6,demetriusflanniganfowles_sf_2022,sf_2022,demetriusflanniganfowles,49231,lb,sf,1,0,9.7,100.0,0,0,0,0,0,0,0,0,0,0,0,0,0,0,0,0,0,0,0,0,0,0,0,0,0,0,0,0,0,0,0,0,6,2022,6
rashadfenton_kc_2022_6,kc_2022_6,rashadfenton_kc_2022,kc_2022,rashadfenton,49329,cb,kc,1,0,13.7,66.7,0,0,0,0,0,0,0,0,0,0,0,0,0,0,0,0,0,0,0,0,0,0,0,0,0,0,0,0,0,0,0,0,6,2022,6
carltondavis_tb_2022_6,tb_2022_6,carltondavis_tb_2022,tb_2022,carltondavis,49335,cb,tb,1,0,7.3,44.4,0,0,0,0,0,0,0,0,0,0,0,0,0,0,0,0,0,0,0,0,0,0,0,0,0,0,0,0,0,0,0,0,6,2022,6
kindlevildor_chi_2022_6,chi_2022_6,kindlevildor_chi_2022,chi_2022,kindlevildor,49346,cb,chi,1,0,10.3,75.0,0,0,0,0,0,0,0,0,0,0,0,0,0,0,0,0,0,0,0,0,0,0,0,0,0,0,0,0,0,0,0,0,6,2022,6
chandonsullivan_min_2022_6,min_2022_6,chandonsullivan_min_2022,min_2022,chandonsullivan,49349,cb,min,1,0,17.8,75.0,0,0,0,0,0,0,0,0,0,0,0,0,0,0,0,0,0,0,0,0,0,0,0,0,0,0,0,0,0,0,0,0,6,2022,6
jairealexander_gb_2022_6,gb_2022_6,jairealexander_gb_2022,gb_2022,jairealexander,49350,cb,gb,1,0,4.8,100.0,0,0,0,0,0,0,0,0,0,0,0,0,0,0,0,0,0,0,0,0,0,0,0,0,0,0,0,0,0,0,0,0,6,2022,6
chaunceygardnerjohnson_phi_2022_6,phi_2022_6,chaunceygardnerjohnson_phi_2022,phi_2022,chaunceygardnerjohnson,49371,s,phi,1,1,9.0,83.3,0,0,0,0,0,0,0,0,0,0,0,0,0,0,0,0,0,0,0,0,0,0,0,0,0,0,0,0,0,0,0,0,6,2022,6
jaylonjones_chi_2022_6,chi_2022_6,jaylonjones_chi_2022,chi_2022,jaylonjones,49374,cb,chi,1,1,5.8,81.8,0,0,0,0,0,0,0,0,0,0,0,0,0,0,0,0,0,0,0,0,0,0,0,0,0,0,0,0,0,0,0,0,6,2022,6
dontejackson_car_2022_6,car_2022_6,dontejackson_car_2022,car_2022,dontejackson,49377,cb,car,1,1,9.0,75.0,0,0,0,0,0,0,0,0,0,0,0,0,0,0,0,0,0,0,0,0,0,0,0,0,0,0,0,0,0,0,0,0,6,2022,6
cameronlewis_buf_2022_6,buf_2022_6,cameronlewis_buf_2022,buf_2022,cameronlewis,49395,s,buf,1,0,,,0,0,0,0,0,0,0,0,0,0,0,0,0,0,0,0,0,0,0,0,0,0,0,0,0,0,0,0,0,0,0,0,6,2022,6
donovanwilson_dal_2022_6,dal_2022_6,donovanwilson_dal_2022,dal_2022,donovanwilson,49408,s,dal,1,0,8.4,60.0,0,0,0,0,0,0,0,0,0,0,0,0,0,0,0,0,0,0,0,0,0,0,0,0,0,0,0,0,0,0,0,0,6,2022,6
taronjohnson_buf_2022_6,buf_2022_6,taronjohnson_buf_2022,buf_2022,taronjohnson,49511,cb,buf,1,0,4.2,83.3,0,0,0,0,0,0,0,0,0,0,0,0,0,0,0,0,0,0,0,0,0,0,0,0,0,0,0,0,0,0,0,0,6,2022,6
nickmccloud_nyg_2022_6,nyg_2022_6,nickmccloud_nyg_2022,nyg_2022,nickmccloud,49535,cb,nyg,1,0,15.8,50.0,0,0,0,0,0,0,0,0,0,0,0,0,0,0,0,0,0,0,0,0,0,0,0,0,0,0,0,0,0,0,0,0,6,2022,6
denzelward_cle_2022_6,cle_2022_6,denzelward_cle_2022,cle_2022,denzelward,49558,cb,cle,1,0,13.7,83.3,0,0,0,0,0,0,0,0,0,0,0,0,0,0,0,0,0,0,0,0,0,0,0,0,0,0,0,0,0,0,0,0,6,2022,6
ashtyndavis_nyj_2022_6,nyj_2022_6,ashtyndavis_nyj_2022,nyj_2022,ashtyndavis,49560,s,nyj,1,0,,,0,0,0,0,0,0,0,0,0,0,0,0,0,0,0,0,0,0,0,0,0,0,0,0,0,0,0,0,0,0,0,0,6,2022,6
rockyasin_lv_2022_6,lv_2022_6,rockyasin_lv_2022,lv_2022,rockyasin,49564,cb,lv,1,0,8.3,33.3,0,0,0,0,0,0,0,0,0,0,0,0,0,0,0,0,0,0,0,0,0,0,0,0,0,0,0,0,0,0,0,0,6,2022,6
coleholcomb_was_2022_6,was_2022_6,coleholcomb_was_2022,was_2022,coleholcomb,49753,lb,was,1,0,10.5,50.0,0,0,0,0,0,0,0,0,0,0,0,0,0,0,0,0,0,0,0,0,0,0,0,0,0,0,0,0,0,0,0,0,6,2022,6
zairefranklin_ind_2022_6,ind_2022_6,zairefranklin_ind_2022,ind_2022,zairefranklin,49834,lb,ind,1,1,5.7,57.1,0,0,0,0,0,0,0,0,0,0,0,0,0,0,0,0,0,0,0,0,0,0,0,0,0,0,0,0,0,0,0,0,6,2022,6
orenburks_sf_2022_6,sf_2022_6,orenburks_sf_2022,sf_2022,orenburks,50203,lb,sf,1,0,,,0,0,0,0,0,0,0,0,0,0,0,0,0,0,0,0,0,0,0,0,0,0,0,0,0,0,0,0,0,0,0,0,6,2022,6
rashaanevans_atl_2022_6,atl_2022_6,rashaanevans_atl_2022,atl_2022,rashaanevans,50213,lb,atl,1,1,0.0,100.0,0,0,0,0,0,0,0,0,0,0,0,0,0,0,0,0,0,0,0,0,0,0,0,0,0,0,0,0,0,0,0,0,6,2022,6
nikneedham_mia_2022_6,mia_2022_6,nikneedham_mia_2022,mia_2022,nikneedham,50356,cb,mia,1,0,19.5,50.0,0,0,0,0,0,0,0,0,0,0,0,0,0,0,0,0,0,0,0,0,0,0,0,0,0,0,0,0,0,0,0,0,6,2022,6
ajgreen_cle_2022_6,cle_2022_6,ajgreen_cle_2022,cle_2022,ajgreen,50394,cb,cle,1,0,9.0,0.0,0,0,0,0,0,0,0,0,0,0,0,0,0,0,0,0,0,0,0,0,0,0,0,0,0,0,0,0,0,0,0,0,6,2022,6
jeremyreaves_was_2022_6,was_2022_6,jeremyreaves_was_2022,was_2022,jeremyreaves,50406,s,was,1,0,,,0,0,0,0,0,0,0,0,0,0,0,0,0,0,0,0,0,0,0,0,0,0,0,0,0,0,0,0,0,0,0,0,6,2022,6
joshjackson_pit_2022_6,pit_2022_6,joshjackson_pit_2022,pit_2022,joshjackson,50417,cb,pit,1,0,10.0,66.7,0,0,0,0,0,0,0,0,0,0,0,0,0,0,0,0,0,0,0,0,0,0,0,0,0,0,0,0,0,0,0,0,6,2022,6
juanthornhill_kc_2022_6,kc_2022_6,juanthornhill_kc_2022,kc_2022,juanthornhill,50426,s,kc,1,0,33.0,0.0,0,0,0,0,0,0,0,0,0,0,0,0,0,0,0,0,0,0,0,0,0,0,0,0,0,0,0,0,0,0,0,0,6,2022,6
michaeljackson_sea_2022_6,sea_2022_6,michaeljackson_sea_2022,sea_2022,michaeljackson,50437,cb,sea,1,0,12.3,75.0,0,0,0,0,0,0,0,0,0,0,0,0,0,0,0,0,0,0,0,0,0,0,0,0,0,0,0,0,0,0,0,0,6,2022,6
granthaley_lar_2022_6,lar_2022_6,granthaley_lar_2022,lar_2022,granthaley,50473,cb,lar,1,0,10.0,33.3,0,0,0,0,0,0,0,0,0,0,0,0,0,0,0,0,0,0,0,0,0,0,0,0,0,0,0,0,0,0,0,0,6,2022,6
lamarjackson_chi_2022_6,chi_2022_6,lamarjackson_chi_2022,chi_2022,lamarjackson,50532,cb,chi,1,0,3.0,0.0,0,0,0,0,0,0,0,0,0,0,0,0,0,0,0,0,0,0,0,0,0,0,0,0,0,0,0,0,0,0,0,0,6,2022,6
mikeford_atl_2022_6,atl_2022_6,mikeford_atl_2022,atl_2022,mikeford,50535,cb,atl,1,0,3.0,100.0,0,0,0,0,0,0,0,0,0,0,0,0,0,0,0,0,0,0,0,0,0,0,0,0,0,0,0,0,0,0,0,0,6,2022,6
brandonfacyson_ind_2022_6,ind_2022_6,brandonfacyson_ind_2022,ind_2022,brandonfacyson,50564,cb,ind,1,0,6.0,100.0,0,0,0,0,0,0,0,0,0,0,0,0,0,0,0,0,0,0,0,0,0,0,0,0,0,0,0,0,0,0,0,0,6,2022,6
joseyjewell_den_2022_6,den_2022_6,joseyjewell_den_2022,den_2022,joseyjewell,50720,lb,den,1,0,2.3,75.0,0,0,0,0,0,0,0,0,0,0,0,0,0,0,0,0,0,0,0,0,0,0,0,0,0,0,0,0,0,0,0,0,6,2022,6
codybarton_sea_2022_6,sea_2022_6,codybarton_sea_2022,sea_2022,codybarton,50727,lb,sea,1,0,0.5,100.0,0,0,0,0,0,0,0,0,0,0,0,0,0,0,0,0,0,0,0,0,0,0,0,0,0,0,0,0,0,0,0,0,6,2022,6
jordynbrooks_sea_2022_6,sea_2022_6,jordynbrooks_sea_2022,sea_2022,jordynbrooks,50851,lb,sea,1,0,5.3,83.3,0,0,0,0,0,0,0,0,0,0,0,0,0,0,0,0,0,0,0,0,0,0,0,0,0,0,0,0,0,0,0,0,6,2022,6
roquansmith_chi_2022_6,chi_2022_6,roquansmith_chi_2022,chi_2022,roquansmith,50892,lb,chi,1,1,3.0,100.0,0,0,0,0,0,0,0,0,0,0,0,0,0,0,0,0,0,0,0,0,0,0,0,0,0,0,0,0,0,0,0,0,6,2022,6
robertspillane_pit_2022_6,pit_2022_6,robertspillane_pit_2022,pit_2022,robertspillane,50918,lb,pit,1,0,12.0,66.7,0,0,0,0,0,0,0,0,0,0,0,0,0,0,0,0,0,0,0,0,0,0,0,0,0,0,0,0,0,0,0,0,6,2022,6
leightonvanderesch_dal_2022_6,dal_2022_6,leightonvanderesch_dal_2022,dal_2022,leightonvanderesch,50950,lb,dal,1,1,16.0,50.0,0,0,0,0,0,0,0,0,0,0,0,0,0,0,0,0,0,0,0,0,0,0,0,0,0,0,0,0,0,0,0,0,6,2022,6
bobbyokereke_ind_2022_6,ind_2022_6,bobbyokereke_ind_2022,ind_2022,bobbyokereke,50954,lb,ind,1,1,9.0,77.8,0,0,0,0,0,0,0,0,0,0,0,0,0,0,0,0,0,0,0,0,0,0,0,0,0,0,0,0,0,0,0,0,6,2022,6
jawhaunbentley_ne_2022_6,ne_2022_6,jawhaunbentley_ne_2022,ne_2022,jawhaunbentley,50966,lb,ne,1,1,1.3,100.0,0,0,0,0,0,0,0,0,0,0,0,0,0,0,0,0,0,0,0,0,0,0,0,0,0,0,0,0,0,0,0,0,6,2022,6
tyreldodson_buf_2022_6,buf_2022_6,tyreldodson_buf_2022,buf_2022,tyreldodson,51045,lb,buf,1,2,6.0,75.0,0,0,0,0,0,0,0,0,0,0,0,0,0,0,0,0,0,0,0,0,0,0,0,0,0,0,0,0,0,0,0,0,6,2022,6
jahlanitavai_ne_2022_6,ne_2022_6,jahlanitavai_ne_2022,ne_2022,jahlanitavai,51055,lb,ne,1,0,8.0,66.7,0,0,0,0,0,0,0,0,0,0,0,0,0,0,0,0,0,0,0,0,0,0,0,0,0,0,0,0,0,0,0,0,6,2022,6
julianlove_nyg_2022_6,nyg_2022_6,julianlove_nyg_2022,nyg_2022,julianlove,51081,s,nyg,1,1,-2.3,100.0,0,0,0,0,0,0,0,0,0,0,0,0,0,0,0,0,0,0,0,0,0,0,0,0,0,0,0,0,0,0,0,0,6,2022,6
benniemann_ari_2022_6,ari_2022_6,benniemann_ari_2022,ari_2022,benniemann,51099,lb,ari,1,0,-4.7,100.0,0,0,0,0,0,0,0,0,0,0,0,0,0,0,0,0,0,0,0,0,0,0,0,0,0,0,0,0,0,0,0,0,6,2022,6
joshuakalu_ten_2022_6,ten_2022_6,joshuakalu_ten_2022,ten_2022,joshuakalu,51203,s,ten,1,0,6.0,100.0,0,0,0,0,0,0,0,0,0,0,0,0,0,0,0,0,0,0,0,0,0,0,0,0,0,0,0,0,0,0,0,0,6,2022,6
minkahfitzpatrick_pit_2022_6,pit_2022_6,minkahfitzpatrick_pit_2022,pit_2022,minkahfitzpatrick,51206,s,pit,1,1,29.5,100.0,0,0,0,0,0,0,0,0,0,0,0,0,0,0,0,0,0,0,0,0,0,0,0,0,0,0,0,0,0,0,0,0,6,2022,6
fredwarner_sf_2022_6,sf_2022_6,fredwarner_sf_2022,sf_2022,fredwarner,51222,lb,sf,1,0,-1.3,0.0,0,0,0,0,0,0,0,0,0,0,0,0,0,0,0,0,0,0,0,0,0,0,0,0,0,0,0,0,0,0,0,0,6,2022,6
druetranquill_lac_2022_6,lac_2022_6,druetranquill_lac_2022,lac_2022,druetranquill,51276,lb,lac,1,0,-0.5,100.0,0,0,0,0,0,0,0,0,0,0,0,0,0,0,0,0,0,0,0,0,0,0,0,0,0,0,0,0,0,0,0,0,6,2022,6
mikeedwards_tb_2022_6,tb_2022_6,mikeedwards_tb_2022,tb_2022,mikeedwards,51282,s,tb,1,0,2.3,100.0,0,0,0,0,0,0,0,0,0,0,0,0,0,0,0,0,0,0,0,0,0,0,0,0,0,0,0,0,0,0,0,0,6,2022,6
seanchandler_car_2022_6,car_2022_6,seanchandler_car_2022,car_2022,seanchandler,51315,s,car,1,0,,,0,0,0,0,0,0,0,0,0,0,0,0,0,0,0,0,0,0,0,0,0,0,0,0,0,0,0,0,0,0,0,0,6,2022,6
willharris_det_2022_6,det_2022_6,willharris_det_2022,det_2022,willharris,51336,cb,det,1,0,0.0,100.0,0,0,0,0,0,0,0,0,0,0,0,0,0,0,0,0,0,0,0,0,0,0,0,0,0,0,0,0,0,0,0,0,6,2022,6
derwinjames_lac_2022_6,lac_2022_6,derwinjames_lac_2022,lac_2022,derwinjames,51368,s,lac,1,0,8.7,66.7,0,0,0,0,0,0,0,0,0,0,0,0,0,0,0,0,0,0,0,0,0,0,0,0,0,0,0,0,0,0,0,0,6,2022,6
marcusepps_phi_2022_6,phi_2022_6,marcusepps_phi_2022,phi_2022,marcusepps,51391,s,phi,1,1,5.5,100.0,0,0,0,0,0,0,0,0,0,0,0,0,0,0,0,0,0,0,0,0,0,0,0,0,0,0,0,0,0,0,0,0,6,2022,6
rodericteamer_lv_2022_6,lv_2022_6,rodericteamer_lv_2022,lv_2022,rodericteamer,51405,s,lv,1,0,2.0,100.0,0,0,0,0,0,0,0,0,0,0,0,0,0,0,0,0,0,0,0,0,0,0,0,0,0,0,0,0,0,0,0,0,6,2022,6
jaylinnhawkins_atl_2022_6,atl_2022_6,jaylinnhawkins_atl_2022,atl_2022,jaylinnhawkins,51423,s,atl,1,1,1.3,66.7,0,0,0,0,0,0,0,0,0,0,0,0,0,0,0,0,0,0,0,0,0,0,0,0,0,0,0,0,0,0,0,0,6,2022,6
jaquanjohnson_buf_2022_6,buf_2022_6,jaquanjohnson_buf_2022,buf_2022,jaquanjohnson,51433,s,buf,1,3,1.0,100.0,0,0,0,0,0,0,0,0,0,0,0,0,0,0,0,0,0,0,0,0,0,0,0,0,0,0,0,0,0,0,0,0,6,2022,6
kadenelliss_no_2022_6,no_2022_6,kadenelliss_no_2022,no_2022,kadenelliss,51485,lb,no,1,0,26.0,100.0,0,0,0,0,0,0,0,0,0,0,0,0,0,0,0,0,0,0,0,0,0,0,0,0,0,0,0,0,0,0,0,0,6,2022,6
jtgray_no_2022_6,no_2022_6,jtgray_no_2022,no_2022,jtgray,51495,s,no,1,0,,,0,0,0,0,0,0,0,0,0,0,0,0,0,0,0,0,0,0,0,0,0,0,0,0,0,0,0,0,0,0,0,0,6,2022,6
dregreenlaw_sf_2022_6,sf_2022_6,dregreenlaw_sf_2022,sf_2022,dregreenlaw,51503,lb,sf,1,1,1.0,83.3,0,0,0,0,0,0,0,0,0,0,0,0,0,0,0,0,0,0,0,0,0,0,0,0,0,0,0,0,0,0,0,0,6,2022,6
kennymooreii_ind_2022_6,ind_2022_6,kennymooreii_ind_2022,ind_2022,kennymooreii,51596,cb,ind,1,0,14.3,33.3,0,0,0,0,0,0,0,0,0,0,0,0,0,0,0,0,0,0,0,0,0,0,0,0,0,0,0,0,0,0,0,0,6,2022,6
nicholasmorrow_chi_2022_6,chi_2022_6,nicholasmorrow_chi_2022,chi_2022,nicholasmorrow,51674,lb,chi,1,1,5.5,100.0,0,0,0,0,0,0,0,0,0,0,0,0,0,0,0,0,0,0,0,0,0,0,0,0,0,0,0,0,0,0,0,0,6,2022,6
paulsonadebo_no_2022_6,no_2022_6,paulsonadebo_no_2022,no_2022,paulsonadebo,52280,cb,no,1,0,18.1,81.8,0,0,0,0,0,0,0,0,0,0,0,0,0,0,0,0,0,0,0,0,0,0,0,0,0,0,0,0,0,0,0,0,6,2022,6
darrickforrest_was_2022_6,was_2022_6,darrickforrest_was_2022,was_2022,darrickforrest,55087,s,was,1,0,49.0,0.0,0,0,0,0,0,0,0,0,0,0,0,0,0,0,0,0,0,0,0,0,0,0,0,0,0,0,0,0,0,0,0,0,6,2022,6
cobybryant_sea_2022_6,sea_2022_6,cobybryant_sea_2022,sea_2022,cobybryant,55088,cb,sea,1,0,13.5,50.0,0,0,0,0,0,0,0,0,0,0,0,0,0,0,0,0,0,0,0,0,0,0,0,0,0,0,0,0,0,0,0,0,6,2022,6
ajterrell_atl_2022_6,atl_2022_6,ajterrell_atl_2022,atl_2022,ajterrell,55586,cb,atl,1,1,10.8,66.7,0,0,0,0,0,0,0,0,0,0,0,0,0,0,0,0,0,0,0,0,0,0,0,0,0,0,0,0,0,0,0,0,6,2022,6
marcowilson_ari_2022_6,ari_2022_6,marcowilson_ari_2022,ari_2022,marcowilson,55592,cb,ari,1,0,6.2,70.0,0,0,0,0,0,0,0,0,0,0,0,0,0,0,0,0,0,0,0,0,0,0,0,0,0,0,0,0,0,0,0,0,6,2022,6
cjhenderson_car_2022_6,car_2022_6,cjhenderson_car_2022,car_2022,cjhenderson,55593,cb,car,1,0,6.0,100.0,0,0,0,0,0,0,0,0,0,0,0,0,0,0,0,0,0,0,0,0,0,0,0,0,0,0,0,0,0,0,0,0,6,2022,6
amikrobertson_lv_2022_6,lv_2022_6,amikrobertson_lv_2022,lv_2022,amikrobertson,55619,cb,lv,1,0,12.7,100.0,0,0,0,0,0,0,0,0,0,0,0,0,0,0,0,0,0,0,0,0,0,0,0,0,0,0,0,0,0,0,0,0,6,2022,6
russyeast_lar_2022_6,lar_2022_6,russyeast_lar_2022,lar_2022,russyeast,55629,s,lar,1,0,,,0,0,0,0,0,0,0,0,0,0,0,0,0,0,0,0,0,0,0,0,0,0,0,0,0,0,0,0,0,0,0,0,6,2022,6
josiahscott_phi_2022_6,phi_2022_6,josiahscott_phi_2022,phi_2022,josiahscott,55634,cb,phi,1,0,-0.4,80.0,0,0,0,0,0,0,0,0,0,0,0,0,0,0,0,0,0,0,0,0,0,0,0,0,0,0,0,0,0,0,0,0,6,2022,6
jeffreyokudah_det_2022_6,det_2022_6,jeffreyokudah_det_2022,det_2022,jeffreyokudah,55674,cb,det,1,0,14.0,50.0,0,0,0,0,0,0,0,0,0,0,0,0,0,0,0,0,0,0,0,0,0,0,0,0,0,0,0,0,0,0,0,0,6,2022,6
trenorwood_pit_2022_6,pit_2022_6,trenorwood_pit_2022,pit_2022,trenorwood,55675,s,pit,1,0,15.2,33.3,0,0,0,0,0,0,0,0,0,0,0,0,0,0,0,0,0,0,0,0,0,0,0,0,0,0,0,0,0,0,0,0,6,2022,6
deommodorelenoir_sf_2022_6,sf_2022_6,deommodorelenoir_sf_2022,sf_2022,deommodorelenoir,55686,cb,sf,1,1,6.6,90.9,0,0,0,0,0,0,0,0,0,0,0,0,0,0,0,0,0,0,0,0,0,0,0,0,0,0,0,0,0,0,0,0,6,2022,6
marcusjones_ne_2022_6,ne_2022_6,marcusjones_ne_2022,ne_2022,marcusjones,55717,cb,ne,1,0,13.0,0.0,0,0,0,0,0,0,0,0,0,0,0,0,0,0,0,0,0,0,0,0,0,0,0,0,0,0,0,0,0,0,0,0,6,2022,6
dariouswilliams_jax_2022_6,jax_2022_6,dariouswilliams_jax_2022,jax_2022,dariouswilliams,55724,cb,jax,1,0,3.3,50.0,0,0,0,0,0,0,0,0,0,0,0,0,0,0,0,0,0,0,0,0,0,0,0,0,0,0,0,0,0,0,0,0,6,2022,6
jamarcusingram_buf_2022_6,buf_2022_6,jamarcusingram_buf_2022,buf_2022,jamarcusingram,55738,cb,buf,1,0,13.5,50.0,0,0,0,0,0,0,0,0,0,0,0,0,0,0,0,0,0,0,0,0,0,0,0,0,0,0,0,0,0,0,0,0,6,2022,6
xaviermckinney_nyg_2022_6,nyg_2022_6,xaviermckinney_nyg_2022,nyg_2022,xaviermckinney,55775,s,nyg,1,0,2.0,50.0,0,0,0,0,0,0,0,0,0,0,0,0,0,0,0,0,0,0,0,0,0,0,0,0,0,0,0,0,0,0,0,0,6,2022,6
kamrencurl_was_2022_6,was_2022_6,kamrencurl_was_2022,was_2022,kamrencurl,55800,s,was,1,0,-0.5,100.0,0,0,0,0,0,0,0,0,0,0,0,0,0,0,0,0,0,0,0,0,0,0,0,0,0,0,0,0,0,0,0,0,6,2022,6
ericstokes_gb_2022_6,gb_2022_6,ericstokes_gb_2022,gb_2022,ericstokes,55912,cb,gb,1,0,7.2,100.0,0,0,0,0,0,0,0,0,0,0,0,0,0,0,0,0,0,0,0,0,0,0,0,0,0,0,0,0,0,0,0,0,6,2022,6
bryancook_kc_2022_6,kc_2022_6,bryancook_kc_2022,kc_2022,bryancook,55940,s,kc,1,1,48.0,100.0,0,0,0,0,0,0,0,0,0,0,0,0,0,0,0,0,0,0,0,0,0,0,0,0,0,0,0,0,0,0,0,0,6,2022,6
natehobbs_lv_2022_6,lv_2022_6,natehobbs_lv_2022,lv_2022,natehobbs,55948,cb,lv,1,1,7.8,77.8,0,0,0,0,0,0,0,0,0,0,0,0,0,0,0,0,0,0,0,0,0,0,0,0,0,0,0,0,0,0,0,0,6,2022,6
genostone_bal_2022_6,bal_2022_6,genostone_bal_2022,bal_2022,genostone,55967,s,bal,1,0,,,0,0,0,0,0,0,0,0,0,0,0,0,0,0,0,0,0,0,0,0,0,0,0,0,0,0,0,0,0,0,0,0,6,2022,6
ajparker_det_2022_6,det_2022_6,ajparker_det_2022,det_2022,ajparker,55983,cb,det,1,0,6.7,100.0,0,0,0,0,0,0,0,0,0,0,0,0,0,0,0,0,0,0,0,0,0,0,0,0,0,0,0,0,0,0,0,0,6,2022,6
ambrythomas_sf_2022_6,sf_2022_6,ambrythomas_sf_2022,sf_2022,ambrythomas,56058,cb,sf,1,0,22.0,50.0,0,0,0,0,0,0,0,0,0,0,0,0,0,0,0,0,0,0,0,0,0,0,0,0,0,0,0,0,0,0,0,0,6,2022,6
benjaminstjuste_was_2022_6,was_2022_6,benjaminstjuste_was_2022,was_2022,benjaminstjuste,56061,cb,was,1,1,6.4,60.0,0,0,0,0,0,0,0,0,0,0,0,0,0,0,0,0,0,0,0,0,0,0,0,0,0,0,0,0,0,0,0,0,6,2022,6
damarrimathis_den_2022_6,den_2022_6,damarrimathis_den_2022,den_2022,damarrimathis,56143,cb,den,1,0,8.6,100.0,0,0,0,0,0,0,0,0,0,0,0,0,0,0,0,0,0,0,0,0,0,0,0,0,0,0,0,0,0,0,0,0,6,2022,6
daronbland_dal_2022_6,dal_2022_6,daronbland_dal_2022,dal_2022,daronbland,56158,cb,dal,1,0,6.0,100.0,0,0,0,0,0,0,0,0,0,0,0,0,0,0,0,0,0,0,0,0,0,0,0,0,0,0,0,0,0,0,0,0,6,2022,6
ifeatumelifonwu_det_2022_6,det_2022_6,ifeatumelifonwu_det_2022,det_2022,ifeatumelifonwu,56203,s,det,1,1,,,0,0,0,0,0,0,0,0,0,0,0,0,0,0,0,0,0,0,0,0,0,0,0,0,0,0,0,0,0,0,0,0,6,2022,6
darnayholmes_nyg_2022_6,nyg_2022_6,darnayholmes_nyg_2022,nyg_2022,darnayholmes,56247,cb,nyg,1,0,7.4,66.7,0,0,0,0,0,0,0,0,0,0,0,0,0,0,0,0,0,0,0,0,0,0,0,0,0,0,0,0,0,0,0,0,6,2022,6
keithtaylor_car_2022_6,car_2022_6,keithtaylor_car_2022,car_2022,keithtaylor,56289,cb,car,1,0,,,0,0,0,0,0,0,0,0,0,0,0,0,0,0,0,0,0,0,0,0,0,0,0,0,0,0,0,0,0,0,0,0,6,2022,6
troyandersen_atl_2022_6,atl_2022_6,troyandersen_atl_2022,atl_2022,troyandersen,57317,lb,atl,1,0,-1.3,100.0,0,0,0,0,0,0,0,0,0,0,0,0,0,0,0,0,0,0,0,0,0,0,0,0,0,0,0,0,0,0,0,0,6,2022,6
jalenpitre_hou_2022_6,hou_2022_6,jalenpitre_hou_2022,hou_2022,jalenpitre,57737,s,hou,1,0,21.0,100.0,0,0,0,0,0,0,0,0,0,0,0,0,0,0,0,0,0,0,0,0,0,0,0,0,0,0,0,0,0,0,0,0,6,2022,6
terrelbernard_buf_2022_6,buf_2022_6,terrelbernard_buf_2022,buf_2022,terrelbernard,57739,lb,buf,1,0,2.5,100.0,0,0,0,0,0,0,0,0,0,0,0,0,0,0,0,0,0,0,0,0,0,0,0,0,0,0,0,0,0,0,0,0,6,2022,6
baylonspector_buf_2022_6,buf_2022_6,baylonspector_buf_2022,buf_2022,baylonspector,57782,lb,buf,1,0,4.0,80.0,0,0,0,0,0,0,0,0,0,0,0,0,0,0,0,0,0,0,0,0,0,0,0,0,0,0,0,0,0,0,0,0,6,2022,6
natelandman_atl_2022_6,atl_2022_6,natelandman_atl_2022,atl_2022,natelandman,57788,lb,atl,1,0,15.0,0.0,0,0,0,0,0,0,0,0,0,0,0,0,0,0,0,0,0,0,0,0,0,0,0,0,0,0,0,0,0,0,0,0,6,2022,6
mykalwalker_atl_2022_6,atl_2022_6,mykalwalker_atl_2022,atl_2022,mykalwalker,57834,lb,atl,1,3,6.2,83.3,0,0,0,0,0,0,0,0,0,0,0,0,0,0,0,0,0,0,0,0,0,0,0,0,0,0,0,0,0,0,0,0,6,2022,6
jamindavis_was_2022_6,was_2022_6,jamindavis_was_2022,was_2022,jamindavis,57905,lb,was,1,0,1.8,50.0,0,0,0,0,0,0,0,0,0,0,0,0,0,0,0,0,0,0,0,0,0,0,0,0,0,0,0,0,0,0,0,0,6,2022,6
patrickqueen_bal_2022_6,bal_2022_6,patrickqueen_bal_2022,bal_2022,patrickqueen,57941,lb,bal,1,0,3.1,71.4,0,0,0,0,0,0,0,0,0,0,0,0,0,0,0,0,0,0,0,0,0,0,0,0,0,0,0,0,0,0,0,0,6,2022,6
jacobphillips_cle_2022_6,cle_2022_6,jacobphillips_cle_2022,cle_2022,jacobphillips,57942,lb,cle,1,1,4.0,75.0,0,0,0,0,0,0,0,0,0,0,0,0,0,0,0,0,0,0,0,0,0,0,0,0,0,0,0,0,0,0,0,0,6,2022,6
jeremiahowusukoramoah_cle_2022_6,cle_2022_6,jeremiahowusukoramoah_cle_2022,cle_2022,jeremiahowusukoramoah,58089,lb,cle,1,0,-1.6,100.0,0,0,0,0,0,0,0,0,0,0,0,0,0,0,0,0,0,0,0,0,0,0,0,0,0,0,0,0,0,0,0,0,6,2022,6
petewerner_no_2022_6,no_2022_6,petewerner_no_2022,no_2022,petewerner,58093,lb,no,1,1,7.8,75.0,0,0,0,0,0,0,0,0,0,0,0,0,0,0,0,0,0,0,0,0,0,0,0,0,0,0,0,0,0,0,0,0,6,2022,6
kennethmurray_lac_2022_6,lac_2022_6,kennethmurray_lac_2022,lac_2022,kennethmurray,58099,lb,lac,1,0,4.5,50.0,0,0,0,0,0,0,0,0,0,0,0,0,0,0,0,0,0,0,0,0,0,0,0,0,0,0,0,0,0,0,0,0,6,2022,6
derrickbarnes_det_2022_6,det_2022_6,derrickbarnes_det_2022,det_2022,derrickbarnes,58120,lb,det,1,0,,,0,0,0,0,0,0,0,0,0,0,0,0,0,0,0,0,0,0,0,0,0,0,0,0,0,0,0,0,0,0,0,0,6,2022,6
devinlloyd_jax_2022_6,jax_2022_6,devinlloyd_jax_2022,jax_2022,devinlloyd,58238,lb,jax,1,1,1.8,83.3,0,0,0,0,0,0,0,0,0,0,0,0,0,0,0,0,0,0,0,0,0,0,0,0,0,0,0,0,0,0,0,0,6,2022,6
michaelcarterii_nyj_2022_6,nyj_2022_6,michaelcarterii_nyj_2022,nyj_2022,michaelcarterii,60644,cb,nyj,1,0,-2.5,75.0,0,0,0,0,0,0,0,0,0,0,0,0,0,0,0,0,0,0,0,0,0,0,0,0,0,0,0,0,0,0,0,0,6,2022,6
jamespierre_pit_2022_6,pit_2022_6,jamespierre_pit_2022,pit_2022,jamespierre,60649,cb,pit,1,0,3.0,75.0,0,0,0,0,0,0,0,0,0,0,0,0,0,0,0,0,0,0,0,0,0,0,0,0,0,0,0,0,0,0,0,0,6,2022,6
grantdelpit_cle_2022_6,cle_2022_6,grantdelpit_cle_2022,cle_2022,grantdelpit,60685,s,cle,1,0,7.0,50.0,0,0,0,0,0,0,0,0,0,0,0,0,0,0,0,0,0,0,0,0,0,0,0,0,0,0,0,0,0,0,0,0,6,2022,6
malcolmrodriguez_det_2022_6,det_2022_6,malcolmrodriguez_det_2022,det_2022,malcolmrodriguez,60731,lb,det,1,1,1.5,100.0,0,0,0,0,0,0,0,0,0,0,0,0,0,0,0,0,0,0,0,0,0,0,0,0,0,0,0,0,0,0,0,0,6,2022,6
darrenhall_atl_2022_6,atl_2022_6,darrenhall_atl_2022,atl_2022,darrenhall,60742,cb,atl,1,0,,,0,0,0,0,0,0,0,0,0,0,0,0,0,0,0,0,0,0,0,0,0,0,0,0,0,0,0,0,0,0,0,0,6,2022,6
garretwallow_hou_2022_6,hou_2022_6,garretwallow_hou_2022,hou_2022,garretwallow,60761,lb,hou,1,0,16.0,0.0,0,0,0,0,0,0,0,0,0,0,0,0,0,0,0,0,0,0,0,0,0,0,0,0,0,0,0,0,0,0,0,0,6,2022,6
noahigbinoghene_mia_2022_6,mia_2022_6,noahigbinoghene_mia_2022,mia_2022,noahigbinoghene,61155,cb,mia,1,0,18.0,33.3,0,0,0,0,0,0,0,0,0,0,0,0,0,0,0,0,0,0,0,0,0,0,0,0,0,0,0,0,0,0,0,0,6,2022,6
tariqwoolen_sea_2022_6,sea_2022_6,tariqwoolen_sea_2022,sea_2022,tariqwoolen,61790,cb,sea,1,0,6.7,66.7,0,0,0,0,0,0,0,0,0,0,0,0,0,0,0,0,0,0,0,0,0,0,0,0,0,0,0,0,0,0,0,0,6,2022,6
calebfarley_ten_2022_6,ten_2022_6,calebfarley_ten_2022,ten_2022,calebfarley,61803,cb,ten,1,0,48.0,100.0,0,0,0,0,0,0,0,0,0,0,0,0,0,0,0,0,0,0,0,0,0,0,0,0,0,0,0,0,0,0,0,0,6,2022,6
samuelwomack_sf_2022_6,sf_2022_6,samuelwomack_sf_2022,sf_2022,samuelwomack,65771,cb,sf,1,0,12.0,50.0,0,0,0,0,0,0,0,0,0,0,0,0,0,0,0,0,0,0,0,0,0,0,0,0,0,0,0,0,0,0,0,0,6,2022,6
zyonmccollum_tb_2022_6,tb_2022_6,zyonmccollum_tb_2022,tb_2022,zyonmccollum,66769,cb,tb,1,0,,,0,0,0,0,0,0,0,0,0,0,0,0,0,0,0,0,0,0,0,0,0,0,0,0,0,0,0,0,0,0,0,0,6,2022,6
jonathanowens_hou_2022_6,hou_2022_6,jonathanowens_hou_2022,hou_2022,jonathanowens,66930,s,hou,1,1,31.0,0.0,0,0,0,0,0,0,0,0,0,0,0,0,0,0,0,0,0,0,0,0,0,0,0,0,0,0,0,0,0,0,0,0,6,2022,6
chadmuma_jax_2022_6,jax_2022_6,chadmuma_jax_2022,jax_2022,chadmuma,75818,lb,jax,1,0,5.0,100.0,0,0,0,0,0,0,0,0,0,0,0,0,0,0,0,0,0,0,0,0,0,0,0,0,0,0,0,0,0,0,0,0,6,2022,6
asantesamueljr_lac_2022_6,lac_2022_6,asantesamueljr_lac_2022,lac_2022,asantesamueljr,76625,cb,lac,1,0,14.7,66.7,0,0,0,0,0,0,0,0,0,0,0,0,0,0,0,0,0,0,0,0,0,0,0,0,0,0,0,0,0,0,0,0,6,2022,6
andrecisco_jax_2022_6,jax_2022_6,andrecisco_jax_2022,jax_2022,andrecisco,76641,s,jax,1,1,,,0,0,0,0,0,0,0,0,0,0,0,0,0,0,0,0,0,0,0,0,0,0,0,0,0,0,0,0,0,0,0,0,6,2022,6
cadensterns_den_2022_6,den_2022_6,cadensterns_den_2022,den_2022,cadensterns,76725,s,den,1,0,10.3,0.0,0,0,0,0,0,0,0,0,0,0,0,0,0,0,0,0,0,0,0,0,0,0,0,0,0,0,0,0,0,0,0,0,6,2022,6
zavencollins_ari_2022_6,ari_2022_6,zavencollins_ari_2022,ari_2022,zavencollins,77190,lb,ari,1,0,,,0,0,0,0,0,0,0,0,0,0,0,0,0,0,0,0,0,0,0,0,0,0,0,0,0,0,0,0,0,0,0,0,6,2022,6
brianasamoah_min_2022_6,min_2022_6,brianasamoah_min_2022,min_2022,brianasamoah,77195,lb,min,1,0,4.0,100.0,0,0,0,0,0,0,0,0,0,0,0,0,0,0,0,0,0,0,0,0,0,0,0,0,0,0,0,0,0,0,0,0,6,2022,6
trevonmoehrig_lv_2022_6,lv_2022_6,trevonmoehrig_lv_2022,lv_2022,trevonmoehrig,77847,s,lv,1,1,9.5,66.7,0,0,0,0,0,0,0,0,0,0,0,0,0,0,0,0,0,0,0,0,0,0,0,0,0,0,0,0,0,0,0,0,6,2022,6
derionkendrick_lar_2022_6,lar_2022_6,derionkendrick_lar_2022,lar_2022,derionkendrick,78022,cb,lar,1,0,12.5,75.0,0,0,0,0,0,0,0,0,0,0,0,0,0,0,0,0,0,0,0,0,0,0,0,0,0,0,0,0,0,0,0,0,6,2022,6
micahmcfadden_nyg_2022_6,nyg_2022_6,micahmcfadden_nyg_2022,nyg_2022,micahmcfadden,81246,lb,nyg,1,0,0.5,100.0,0,0,0,0,0,0,0,0,0,0,0,0,0,0,0,0,0,0,0,0,0,0,0,0,0,0,0,0,0,0,0,0,6,2022,6
nickbolton_kc_2022_6,kc_2022_6,nickbolton_kc_2022,kc_2022,nickbolton,81322,lb,kc,1,0,3.3,100.0,0,0,0,0,0,0,0,0,0,0,0,0,0,0,0,0,0,0,0,0,0,0,0,0,0,0,0,0,0,0,0,0,6,2022,6
ernestjones_lar_2022_6,lar_2022_6,ernestjones_lar_2022,lar_2022,ernestjones,81399,lb,lar,1,0,5.3,100.0,0,0,0,0,0,0,0,0,0,0,0,0,0,0,0,0,0,0,0,0,0,0,0,0,0,0,0,0,0,0,0,0,6,2022,6
quaywalker_gb_2022_6,gb_2022_6,quaywalker_gb_2022,gb_2022,quaywalker,82547,lb,gb,1,2,14.0,66.7,0,0,0,0,0,0,0,0,0,0,0,0,0,0,0,0,0,0,0,0,0,0,0,0,0,0,0,0,0,0,0,0,6,2022,6
channingtindall_mia_2022_6,mia_2022_6,channingtindall_mia_2022,mia_2022,channingtindall,82548,lb,mia,1,1,,,0,0,0,0,0,0,0,0,0,0,0,0,0,0,0,0,0,0,0,0,0,0,0,0,0,0,0,0,0,0,0,0,6,2022,6
kelvinjoseph_dal_2022_6,dal_2022_6,kelvinjoseph_dal_2022,dal_2022,kelvinjoseph,83051,cb,dal,1,0,,,0,0,0,0,0,0,0,0,0,0,0,0,0,0,0,0,0,0,0,0,0,0,0,0,0,0,0,0,0,0,0,0,6,2022,6
rachadwildgoose_was_2022_6,was_2022_6,rachadwildgoose_was_2022,was_2022,rachadwildgoose,83111,cb,was,1,0,8.0,0.0,0,0,0,0,0,0,0,0,0,0,0,0,0,0,0,0,0,0,0,0,0,0,0,0,0,0,0,0,0,0,0,0,6,2022,6
patricksurtainii_den_2022_6,den_2022_6,patricksurtainii_den_2022,den_2022,patricksurtainii,83119,cb,den,1,2,4.8,80.0,0,0,0,0,0,0,0,0,0,0,0,0,0,0,0,0,0,0,0,0,0,0,0,0,0,0,0,0,0,0,0,0,6,2022,6
rogermccreary_ten_2022_6,ten_2022_6,rogermccreary_ten_2022,ten_2022,rogermccreary,83176,cb,ten,1,0,9.1,57.1,0,0,0,0,0,0,0,0,0,0,0,0,0,0,0,0,0,0,0,0,0,0,0,0,0,0,0,0,0,0,0,0,6,2022,6
tysoncampbell_jax_2022_6,jax_2022_6,tysoncampbell_jax_2022,jax_2022,tysoncampbell,83217,cb,jax,1,0,9.5,66.7,0,0,0,0,0,0,0,0,0,0,0,0,0,0,0,0,0,0,0,0,0,0,0,0,0,0,0,0,0,0,0,0,6,2022,6
kerbyjoseph_det_2022_6,det_2022_6,kerbyjoseph_det_2022,det_2022,kerbyjoseph,83239,s,det,1,0,,,0,0,0,0,0,0,0,0,0,0,0,0,0,0,0,0,0,0,0,0,0,0,0,0,0,0,0,0,0,0,0,0,6,2022,6
gregnewsomeii_cle_2022_6,cle_2022_6,gregnewsomeii_cle_2022,cle_2022,gregnewsomeii,83341,cb,cle,1,0,6.8,25.0,0,0,0,0,0,0,0,0,0,0,0,0,0,0,0,0,0,0,0,0,0,0,0,0,0,0,0,0,0,0,0,0,6,2022,6
jayceehorn_car_2022_6,car_2022_6,jayceehorn_car_2022,car_2022,jayceehorn,83375,cb,car,1,0,21.0,0.0,0,0,0,0,0,0,0,0,0,0,0,0,0,0,0,0,0,0,0,0,0,0,0,0,0,0,0,0,0,0,0,0,6,2022,6
kylergordon_chi_2022_6,chi_2022_6,kylergordon_chi_2022,chi_2022,kylergordon,83451,cb,chi,1,0,1.8,100.0,0,0,0,0,0,0,0,0,0,0,0,0,0,0,0,0,0,0,0,0,0,0,0,0,0,0,0,0,0,0,0,0,6,2022,6
jevonholland_mia_2022_6,mia_2022_6,jevonholland_mia_2022,mia_2022,jevonholland,83873,s,mia,1,0,,,0,0,0,0,0,0,0,0,0,0,0,0,0,0,0,0,0,0,0,0,0,0,0,0,0,0,0,0,0,0,0,0,6,2022,6
talanoahufanga_sf_2022_6,sf_2022_6,talanoahufanga_sf_2022,sf_2022,talanoahufanga,83903,s,sf,1,0,1.5,100.0,0,0,0,0,0,0,0,0,0,0,0,0,0,0,0,0,0,0,0,0,0,0,0,0,0,0,0,0,0,0,0,0,6,2022,6
kyledugger_ne_2022_6,ne_2022_6,kyledugger_ne_2022,ne_2022,kyledugger,90621,s,ne,1,2,6.0,33.3,0,0,0,0,0,0,0,0,0,0,0,0,0,0,0,0,0,0,0,0,0,0,0,0,0,0,0,0,0,0,0,0,6,2022,6
bobbyprice_det_2022_6,det_2022_6,bobbyprice_det_2022,det_2022,bobbyprice,91112,cb,det,1,0,15.0,100.0,0,0,0,0,0,0,0,0,0,0,0,0,0,0,0,0,0,0,0,0,0,0,0,0,0,0,0,0,0,0,0,0,6,2022,6
ejspeed_ind_2022_6,ind_2022_6,ejspeed_ind_2022,ind_2022,ejspeed,94351,lb,ind,1,0,,,0,0,0,0,0,0,0,0,0,0,0,0,0,0,0,0,0,0,0,0,0,0,0,0,0,0,0,0,0,0,0,0,6,2022,6
daxtonhill_cin_2022_6,cin_2022_6,daxtonhill_cin_2022,cin_2022,daxtonhill,97519,s,cin,1,0,2.0,100.0,0,0,0,0,0,0,0,0,0,0,0,0,0,0,0,0,0,0,0,0,0,0,0,0,0,0,0,0,0,0,0,0,6,2022,6
martinemerson_cle_2022_6,cle_2022_6,martinemerson_cle_2022,cle_2022,martinemerson,97872,cb,cle,1,0,5.0,50.0,0,0,0,0,0,0,0,0,0,0,0,0,0,0,0,0,0,0,0,0,0,0,0,0,0,0,0,0,0,0,0,0,6,2022,6
derekstingleyjr_hou_2022_6,hou_2022_6,derekstingleyjr_hou_2022,hou_2022,derekstingleyjr,98253,cb,hou,1,0,17.7,66.7,0,0,0,0,0,0,0,0,0,0,0,0,0,0,0,0,0,0,0,0,0,0,0,0,0,0,0,0,0,0,0,0,6,2022,6
kaiirelam_buf_2022_6,buf_2022_6,kaiirelam_buf_2022,buf_2022,kaiirelam,98693,cb,buf,1,2,10.4,76.9,0,0,0,0,0,0,0,0,0,0,0,0,0,0,0,0,0,0,0,0,0,0,0,0,0,0,0,0,0,0,0,0,6,2022,6
brandinechols_nyj_2022_6,nyj_2022_6,brandinechols_nyj_2022,nyj_2022,brandinechols,98900,cb,nyj,1,0,5.0,0.0,0,0,0,0,0,0,0,0,0,0,0,0,0,0,0,0,0,0,0,0,0,0,0,0,0,0,0,0,0,0,0,0,6,2022,6
saucegardner_nyj_2022_6,nyj_2022_6,saucegardner_nyj_2022,nyj_2022,saucegardner,100903,cb,nyj,1,0,13.0,60.0,0,0,0,0,0,0,0,0,0,0,0,0,0,0,0,0,0,0,0,0,0,0,0,0,0,0,0,0,0,0,0,0,6,2022,6
damarionwilliams_bal_2022_6,bal_2022_6,damarionwilliams_bal_2022,bal_2022,damarionwilliams,100904,cb,bal,1,1,2.0,100.0,0,0,0,0,0,0,0,0,0,0,0,0,0,0,0,0,0,0,0,0,0,0,0,0,0,0,0,0,0,0,0,0,6,2022,6
danebelton_nyg_2022_6,nyg_2022_6,danebelton_nyg_2022,nyg_2022,danebelton,101398,s,nyg,1,0,17.0,100.0,0,0,0,0,0,0,0,0,0,0,0,0,0,0,0,0,0,0,0,0,0,0,0,0,0,0,0,0,0,0,0,0,6,2022,6
leochenal_kc_2022_6,kc_2022_6,leochenal_kc_2022,kc_2022,leochenal,101463,lb,kc,1,0,,,0,0,0,0,0,0,0,0,0,0,0,0,0,0,0,0,0,0,0,0,0,0,0,0,0,0,0,0,0,0,0,0,6,2022,6
jaquanbrisker_chi_2022_6,chi_2022_6,jaquanbrisker_chi_2022,chi_2022,jaquanbrisker,101665,s,chi,1,1,6.0,100.0,0,0,0,0,0,0,0,0,0,0,0,0,0,0,0,0,0,0,0,0,0,0,0,0,0,0,0,0,0,0,0,0,6,2022,6
kylehamilton_bal_2022_6,bal_2022_6,kylehamilton_bal_2022,bal_2022,kylehamilton,102684,s,bal,1,0,,,0,0,0,0,0,0,0,0,0,0,0,0,0,0,0,0,0,0,0,0,0,0,0,0,0,0,0,0,0,0,0,0,6,2022,6
rodneythomasii_ind_2022_6,ind_2022_6,rodneythomasii_ind_2022,ind_2022,rodneythomasii,108389,s,ind,1,1,45.0,0.0,0,0,0,0,0,0,0,0,0,0,0,0,0,0,0,0,0,0,0,0,0,0,0,0,0,0,0,0,0,0,0,0,6,2022,6
deealford_atl_2022_6,atl_2022_6,deealford_atl_2022,atl_2022,deealford,110542,cb,atl,1,0,7.3,63.6,0,0,0,0,0,0,0,0,0,0,0,0,0,0,0,0,0,0,0,0,0,0,0,0,0,0,0,0,0,0,0,0,6,2022,6
jaylenwatson_kc_2022_6,kc_2022_6,jaylenwatson_kc_2022,kc_2022,jaylenwatson,131960,cb,kc,1,0,23.0,25.0,0,0,0,0,0,0,0,0,0,0,0,0,0,0,0,0,0,0,0,0,0,0,0,0,0,0,0,0,0,0,0,0,6,2022,6
samwebb_lv_2022_6,lv_2022_6,samwebb_lv_2022,lv_2022,samwebb,134606,cb,lv,1,0,10.3,50.0,0,0,0,0,0,0,0,0,0,0,0,0,0,0,0,0,0,0,0,0,0,0,0,0,0,0,0,0,0,0,0,0,6,2022,6
kaderkohou_mia_2022_6,mia_2022_6,kaderkohou_mia_2022,mia_2022,kaderkohou,156070,cb,mia,1,0,1.0,100.0,0,0,0,0,0,0,0,0,0,0,0,0,0,0,0,0,0,0,0,0,0,0,0,0,0,0,0,0,0,0,0,0,6,2022,6
joshuawilliams_kc_2022_6,kc_2022_6,joshuawilliams_kc_2022,kc_2022,joshuawilliams,156083,cb,kc,1,0,36.0,0.0,0,0,0,0,0,0,0,0,0,0,0,0,0,0,0,0,0,0,0,0,0,0,0,0,0,0,0,0,0,0,0,0,6,2022,6
