p_id,unique_team_id,player_team_id,team_id_impute,player,numeric_id,position,team_name,player_game_count,assists,avg_depth_of_tackle,declined_penalties,forced_fumbles,franchise_id,grades_coverage_defense,grades_defense,grades_defense_penalty,grades_pass_rush_defense,grades_run_defense,grades_tackle,missed_tackle_rate,missed_tackles,penalties,run_stop_opp,snap_counts_run,stop_percent,stops,tackles,week,year,plyr_number
nickbellore_sea_2022_6,sea_2022_6,nickbellore_sea_2022,sea_2022,nickbellore,6515,lb,sea,1,1,,0,0,0,0,0,0,0,0,0,0,0,0,0,0,0,0,0,6,2022,6
johnathanhankins_lv_2022_6,lv_2022_6,johnathanhankins_lv_2022,lv_2022,johnathanhankins,7830,di,lv,1,0,4.0,0,0,0,0,0,0,0,0,0,0,0,0,0,0,0,0,0,6,2022,6
loganryan_tb_2022_6,tb_2022_6,loganryan_tb_2022,tb_2022,loganryan,7864,s,tb,1,0,,0,0,0,0,0,0,0,0,0,0,0,0,0,0,0,0,0,6,2022,6
jordanpoyer_buf_2022_6,buf_2022_6,jordanpoyer_buf_2022,buf_2022,jordanpoyer,8000,s,buf,1,1,10.0,0,0,0,0,0,0,0,0,0,0,0,0,0,0,0,0,0,6,2022,6
arikarmstead_sf_2022_6,sf_2022_6,arikarmstead_sf_2022,sf_2022,arikarmstead,9450,di,sf,1,1,6.0,0,0,0,0,0,0,0,0,0,0,0,0,0,0,0,0,0,6,2022,6
buddupree_ten_2022_6,ten_2022_6,buddupree_ten_2022,ten_2022,buddupree,9455,ed,ten,1,0,1.0,0,0,0,0,0,0,0,0,0,0,0,0,0,0,0,0,0,6,2022,6
treyflowers_mia_2022_6,mia_2022_6,treyflowers_mia_2022,mia_2022,treyflowers,9534,ed,mia,1,1,,0,0,0,0,0,0,0,0,0,0,0,0,0,0,0,0,0,6,2022,6
davidmayo_was_2022_6,was_2022_6,davidmayo_was_2022,was_2022,davidmayo,9602,lb,was,1,0,,0,0,0,0,0,0,0,0,0,0,0,0,0,0,0,0,0,6,2022,6
xavienhoward_mia_2022_6,mia_2022_6,xavienhoward_mia_2022,mia_2022,xavienhoward,10672,cb,mia,1,0,4.0,0,0,0,0,0,0,0,0,0,0,0,0,0,0,0,0,0,6,2022,6
ericmurray_hou_2022_6,hou_2022_6,ericmurray_hou_2022,hou_2022,ericmurray,10740,cb,hou,1,0,,0,0,0,0,0,0,0,0,0,0,0,0,0,0,0,0,0,6,2022,6
brandinbryant_buf_2022_6,buf_2022_6,brandinbryant_buf_2022,buf_2022,brandinbryant,11280,di,buf,1,0,2.0,0,0,0,0,0,0,0,0,0,0,0,0,0,0,0,0,0,6,2022,6
charlesharris_det_2022_6,det_2022_6,charlesharris_det_2022,det_2022,charlesharris,11777,ed,det,1,0,5.0,0,0,0,0,0,0,0,0,0,0,0,0,0,0,0,0,0,6,2022,6
sidneyjones_sea_2022_6,sea_2022_6,sidneyjones_sea_2022,sea_2022,sidneyjones,11798,cb,sea,1,0,3.0,0,0,0,0,0,0,0,0,0,0,0,0,0,0,0,0,0,6,2022,6
jayonbrown_lv_2022_6,lv_2022_6,jayonbrown_lv_2022,lv_2022,jayonbrown,11910,lb,lv,1,0,,0,0,0,0,0,0,0,0,0,0,0,0,0,0,0,0,0,6,2022,6
xavierwoods_car_2022_6,car_2022_6,xavierwoods_car_2022,car_2022,xavierwoods,11946,s,car,1,2,6.0,0,0,0,0,0,0,0,0,0,0,0,0,0,0,0,0,0,6,2022,6
troydye_min_2022_6,min_2022_6,troydye_min_2022,min_2022,troydye,28251,lb,min,1,1,,0,0,0,0,0,0,0,0,0,0,0,0,0,0,0,0,0,6,2022,6
chrisboard_det_2022_6,det_2022_6,chrisboard_det_2022,det_2022,chrisboard,29456,lb,det,1,0,,0,0,0,0,0,0,0,0,0,0,0,0,0,0,0,0,0,6,2022,6
krisboyd_min_2022_6,min_2022_6,krisboyd_min_2022,min_2022,krisboyd,34222,cb,min,1,0,,0,0,0,0,0,0,0,0,0,0,0,0,0,0,0,0,0,6,2022,6
blakecashman_hou_2022_6,hou_2022_6,blakecashman_hou_2022,hou_2022,blakecashman,35413,lb,hou,1,0,-2.0,0,0,0,0,0,0,0,0,0,0,0,0,0,0,0,0,0,6,2022,6
folorunsofatukasi_jax_2022_6,jax_2022_6,folorunsofatukasi_jax_2022,jax_2022,folorunsofatukasi,38558,di,jax,1,0,,0,0,0,0,0,0,0,0,0,0,0,0,0,0,0,0,0,6,2022,6
mackwilson_ne_2022_6,ne_2022_6,mackwilson_ne_2022,ne_2022,mackwilson,43190,lb,ne,1,0,20.0,0,0,0,0,0,0,0,0,0,0,0,0,0,0,0,0,0,6,2022,6
jonathangreenard_hou_2022_6,hou_2022_6,jonathangreenard_hou_2022,hou_2022,jonathangreenard,48407,ed,hou,1,0,1.5,0,0,0,0,0,0,0,0,0,0,0,0,0,0,0,0,0,6,2022,6
tyquanlewis_ind_2022_6,ind_2022_6,tyquanlewis_ind_2022,ind_2022,tyquanlewis,48475,di,ind,1,1,2.0,0,0,0,0,0,0,0,0,0,0,0,0,0,0,0,0,0,6,2022,6
henrymondeaux_nyg_2022_6,nyg_2022_6,henrymondeaux_nyg_2022,nyg_2022,henrymondeaux,48889,di,nyg,1,0,,0,0,0,0,0,0,0,0,0,0,0,0,0,0,0,0,0,6,2022,6
keioncrossen_mia_2022_6,mia_2022_6,keioncrossen_mia_2022,mia_2022,keioncrossen,49454,cb,mia,1,0,,0,0,0,0,0,0,0,0,0,0,0,0,0,0,0,0,0,6,2022,6
shaquilleleonard_ind_2022_6,ind_2022_6,shaquilleleonard_ind_2022,ind_2022,shaquilleleonard,49684,lb,ind,1,1,,0,0,0,0,0,0,0,0,0,0,0,0,0,0,0,0,0,6,2022,6
amanioruwariye_det_2022_6,det_2022_6,amanioruwariye_det_2022,det_2022,amanioruwariye,50533,cb,det,1,1,,0,0,0,0,0,0,0,0,0,0,0,0,0,0,0,0,0,6,2022,6
tremaineedmunds_buf_2022_6,buf_2022_6,tremaineedmunds_buf_2022,buf_2022,tremaineedmunds,50905,lb,buf,1,2,3.0,0,0,0,0,0,0,0,0,0,0,0,0,0,0,0,0,0,6,2022,6
frankieluvu_car_2022_6,car_2022_6,frankieluvu_car_2022,car_2022,frankieluvu,51028,lb,car,1,2,3.5,0,0,0,0,0,0,0,0,0,0,0,0,0,0,0,0,0,6,2022,6
taylorrapp_lar_2022_6,lar_2022_6,taylorrapp_lar_2022,lar_2022,taylorrapp,51172,s,lar,1,0,,0,0,0,0,0,0,0,0,0,0,0,0,0,0,0,0,0,6,2022,6
terrelledmunds_pit_2022_6,pit_2022_6,terrelledmunds_pit_2022,pit_2022,terrelledmunds,51334,s,pit,1,0,,0,0,0,0,0,0,0,0,0,0,0,0,0,0,0,0,0,6,2022,6
hamsahnasirildeen_nyj_2022_6,nyj_2022_6,hamsahnasirildeen_nyj_2022,nyj_2022,hamsahnasirildeen,55898,lb,nyj,1,0,,0,0,0,0,0,0,0,0,0,0,0,0,0,0,0,0,0,6,2022,6
daronbland_dal_2022_6,dal_2022_6,daronbland_dal_2022,dal_2022,daronbland,56158,cb,dal,1,0,,0,0,0,0,0,0,0,0,0,0,0,0,0,0,0,0,0,6,2022,6
patrickjohnson_phi_2022_6,phi_2022_6,patrickjohnson_phi_2022,phi_2022,patrickjohnson,56460,ed,phi,1,0,9.0,0,0,0,0,0,0,0,0,0,0,0,0,0,0,0,0,0,6,2022,6
paytonturner_no_2022_6,no_2022_6,paytonturner_no_2022,no_2022,paytonturner,56624,ed,no,1,0,2.0,0,0,0,0,0,0,0,0,0,0,0,0,0,0,0,0,0,6,2022,6
quintonbohanna_dal_2022_6,dal_2022_6,quintonbohanna_dal_2022,dal_2022,quintonbohanna,56673,di,dal,1,2,3.0,0,0,0,0,0,0,0,0,0,0,0,0,0,0,0,0,0,6,2022,6
anthonyrush_atl_2022_6,atl_2022_6,anthonyrush_atl_2022,atl_2022,anthonyrush,56895,di,atl,1,1,1.5,0,0,0,0,0,0,0,0,0,0,0,0,0,0,0,0,0,6,2022,6
deangelomalone_atl_2022_6,atl_2022_6,deangelomalone_atl_2022,atl_2022,deangelomalone,56941,ed,atl,1,0,-6.0,0,0,0,0,0,0,0,0,0,0,0,0,0,0,0,0,0,6,2022,6
matthewbutler_lv_2022_6,lv_2022_6,matthewbutler_lv_2022,lv_2022,matthewbutler,62931,di,lv,1,1,,0,0,0,0,0,0,0,0,0,0,0,0,0,0,0,0,0,6,2022,6
akaylebevans_min_2022_6,min_2022_6,akaylebevans_min_2022,min_2022,akaylebevans,65033,cb,min,1,0,,0,0,0,0,0,0,0,0,0,0,0,0,0,0,0,0,0,6,2022,6
azeezojulari_nyg_2022_6,nyg_2022_6,azeezojulari_nyg_2022,nyg_2022,azeezojulari,81959,ed,nyg,1,0,7.0,0,0,0,0,0,0,0,0,0,0,0,0,0,0,0,0,0,6,2022,6
thomasbooker_hou_2022_6,hou_2022_6,thomasbooker_hou_2022,hou_2022,thomasbooker,82168,di,hou,1,1,,0,0,0,0,0,0,0,0,0,0,0,0,0,0,0,0,0,6,2022,6
devontewyatt_gb_2022_6,gb_2022_6,devontewyatt_gb_2022,gb_2022,devontewyatt,82268,di,gb,1,0,4.0,0,0,0,0,0,0,0,0,0,0,0,0,0,0,0,0,0,6,2022,6
israelmukuamu_dal_2022_6,dal_2022_6,israelmukuamu_dal_2022,dal_2022,israelmukuamu,83377,s,dal,1,1,3.5,0,0,0,0,0,0,0,0,0,0,0,0,0,0,0,0,0,6,2022,6
deshaandixon_jax_2022_6,jax_2022_6,deshaandixon_jax_2022,jax_2022,deshaandixon,91129,ed,jax,1,0,,0,0,0,0,0,0,0,0,0,0,0,0,0,0,0,0,0,6,2022,6
brandinechols_nyj_2022_6,nyj_2022_6,brandinechols_nyj_2022,nyj_2022,brandinechols,98900,cb,nyj,1,0,,0,0,0,0,0,0,0,0,0,0,0,0,0,0,0,0,0,6,2022,6
princeemili_buf_2022_6,buf_2022_6,princeemili_buf_2022,buf_2022,princeemili,106599,di,buf,1,1,1.0,0,0,0,0,0,0,0,0,0,0,0,0,0,0,0,0,0,6,2022,6
calaiscampbell_bal_2022_6,bal_2022_6,calaiscampbell_bal_2022,bal_2022,calaiscampbell,4364,di,bal,1,1,,0,0,0,0,0,0,0,0,0,0,0,0,0,0,0,0,0,6,2022,6
tysonalualu_pit_2022_6,pit_2022_6,tysonalualu_pit_2022,pit_2022,tysonalualu,5535,di,pit,1,0,,0,0,0,0,0,0,0,0,0,0,0,0,0,0,0,0,0,6,2022,6
brandongraham_phi_2022_6,phi_2022_6,brandongraham_phi_2022,phi_2022,brandongraham,5538,ed,phi,1,0,,0,0,0,0,0,0,0,0,0,0,0,0,0,0,0,0,0,6,2022,6
jasonpierrepaul_bal_2022_6,bal_2022_6,jasonpierrepaul_bal_2022,bal_2022,jasonpierrepaul,5540,ed,bal,1,1,,0,0,0,0,0,0,0,0,0,0,0,0,0,0,0,0,0,6,2022,6
kareemjackson_den_2022_6,den_2022_6,kareemjackson_den_2022,den_2022,kareemjackson,5545,s,den,1,3,16.0,0,0,0,0,0,0,0,0,0,0,0,0,0,0,0,0,0,6,2022,6
devinmccourty_ne_2022_6,ne_2022_6,devinmccourty_ne_2022,ne_2022,devinmccourty,5552,s,ne,1,1,,0,0,0,0,0,0,0,0,0,0,0,0,0,0,0,0,0,6,2022,6
jerryhughes_hou_2022_6,hou_2022_6,jerryhughes_hou_2022,hou_2022,jerryhughes,5556,ed,hou,1,0,4.0,0,0,0,0,0,0,0,0,0,0,0,0,0,0,0,0,0,6,2022,6
carlosdunlap_kc_2022_6,kc_2022_6,carlosdunlap_kc_2022,kc_2022,carlosdunlap,5579,ed,kc,1,0,,0,0,0,0,0,0,0,0,0,0,0,0,0,0,0,0,0,6,2022,6
coreypeters_jax_2022_6,jax_2022_6,coreypeters_jax_2022,jax_2022,coreypeters,5607,di,jax,1,1,1.5,0,0,0,0,0,0,0,0,0,0,0,0,0,0,0,0,0,6,2022,6
alwoods_sea_2022_6,sea_2022_6,alwoods_sea_2022,sea_2022,alwoods,5646,di,sea,1,2,1.0,0,0,0,0,0,0,0,0,0,0,0,0,0,0,0,0,0,6,2022,6
vonmiller_buf_2022_6,buf_2022_6,vonmiller_buf_2022,buf_2022,vonmiller,6154,ed,buf,1,0,,0,0,0,0,0,0,0,0,0,0,0,0,0,0,0,0,0,6,2022,6
patrickpeterson_min_2022_6,min_2022_6,patrickpeterson_min_2022,min_2022,patrickpeterson,6157,cb,min,1,0,7.0,0,0,0,0,0,0,0,0,0,0,0,0,0,0,0,0,0,6,2022,6
jjwatt_ari_2022_6,ari_2022_6,jjwatt_ari_2022,ari_2022,jjwatt,6163,ed,ari,1,0,,0,0,0,0,0,0,0,0,0,0,0,0,0,0,0,0,0,6,2022,6
robertquinn_chi_2022_6,chi_2022_6,robertquinn_chi_2022,chi_2022,robertquinn,6166,ed,chi,1,0,,0,0,0,0,0,0,0,0,0,0,0,0,0,0,0,0,0,6,2022,6
cameronjordan_no_2022_6,no_2022_6,cameronjordan_no_2022,no_2022,cameronjordan,6176,ed,no,1,1,-1.0,0,0,0,0,0,0,0,0,0,0,0,0,0,0,0,0,0,6,2022,6
cameronheyward_pit_2022_6,pit_2022_6,cameronheyward_pit_2022,pit_2022,cameronheyward,6183,di,pit,1,2,12.0,0,0,0,0,0,0,0,0,0,0,0,0,0,0,0,0,0,6,2022,6
chrisharrisjr_no_2022_6,no_2022_6,chrisharrisjr_no_2022,no_2022,chrisharrisjr,6457,cb,no,1,0,,0,0,0,0,0,0,0,0,0,0,0,0,0,0,0,0,0,6,2022,6
joshbynes_bal_2022_6,bal_2022_6,joshbynes_bal_2022,bal_2022,joshbynes,6503,lb,bal,1,0,5.3,0,0,0,0,0,0,0,0,0,0,0,0,0,0,0,0,0,6,2022,6
marioaddison_hou_2022_6,hou_2022_6,marioaddison_hou_2022,hou_2022,marioaddison,6558,ed,hou,1,2,,0,0,0,0,0,0,0,0,0,0,0,0,0,0,0,0,0,6,2022,6
stephongilmore_ind_2022_6,ind_2022_6,stephongilmore_ind_2022,ind_2022,stephongilmore,7016,cb,ind,1,0,3.0,0,0,0,0,0,0,0,0,0,0,0,0,0,0,0,0,0,6,2022,6
fletchercox_phi_2022_6,phi_2022_6,fletchercox_phi_2022,phi_2022,fletchercox,7018,di,phi,1,0,,0,0,0,0,0,0,0,0,0,0,0,0,0,0,0,0,0,6,2022,6
michaelbrockers_det_2022_6,det_2022_6,michaelbrockers_det_2022,det_2022,michaelbrockers,7020,di,det,1,0,,0,0,0,0,0,0,0,0,0,0,0,0,0,0,0,0,0,6,2022,6
melviningramiii_mia_2022_6,mia_2022_6,melviningramiii_mia_2022,mia_2022,melviningramiii,7024,ed,mia,1,0,1.0,0,0,0,0,0,0,0,0,0,0,0,0,0,0,0,0,0,6,2022,6
chandlerjones_lv_2022_6,lv_2022_6,chandlerjones_lv_2022,lv_2022,chandlerjones,7027,ed,lv,1,0,1.8,1,0,0,0,0,0,0,0,0,0,0,0,0,0,0,0,0,6,2022,6
bobbywagner_lar_2022_6,lar_2022_6,bobbywagner_lar_2022,lar_2022,bobbywagner,7050,lb,lar,1,3,3.5,0,0,0,0,0,0,0,0,0,0,0,0,0,0,0,0,0,6,2022,6
lavontedavid_tb_2022_6,tb_2022_6,lavontedavid_tb_2022,tb_2022,lavontedavid,7060,lb,tb,1,4,2.5,0,0,0,0,0,0,0,0,0,0,0,0,0,0,0,0,0,6,2022,6
caseyhaywardjr_atl_2022_6,atl_2022_6,caseyhaywardjr_atl_2022,atl_2022,caseyhaywardjr,7064,cb,atl,1,0,,0,0,0,0,0,0,0,0,0,0,0,0,0,0,0,0,0,6,2022,6
demariodavis_no_2022_6,no_2022_6,demariodavis_no_2022,no_2022,demariodavis,7079,lb,no,1,1,17.5,0,0,0,0,0,0,0,0,0,0,0,0,0,0,0,0,0,6,2022,6
rodneymcleod_ind_2022_6,ind_2022_6,rodneymcleod_ind_2022,ind_2022,rodneymcleod,7271,s,ind,1,0,3.3,0,0,0,0,0,0,0,0,0,0,0,0,0,0,0,0,0,6,2022,6
tashaungipsonsr_sf_2022_6,sf_2022_6,tashaungipsonsr_sf_2022,sf_2022,tashaungipsonsr,7288,s,sf,1,1,3.0,0,0,0,0,0,0,0,0,0,0,0,0,0,0,0,0,0,6,2022,6
harrisonsmith_min_2022_6,min_2022_6,harrisonsmith_min_2022,min_2022,harrisonsmith,7641,s,min,1,1,,0,0,0,0,0,0,0,0,0,0,0,0,0,0,0,0,0,6,2022,6
dariusslay_phi_2022_6,phi_2022_6,dariusslay_phi_2022,phi_2022,dariusslay,7817,cb,phi,1,0,13.0,0,0,0,0,0,0,0,0,0,0,0,0,0,0,0,0,0,6,2022,6
jonbostic_was_2022_6,was_2022_6,jonbostic_was_2022,was_2022,jonbostic,7831,lb,was,1,1,,0,0,0,0,0,0,0,0,0,0,0,0,0,0,0,0,0,6,2022,6
tyrannmathieu_no_2022_6,no_2022_6,tyrannmathieu_no_2022,no_2022,tyrannmathieu,7850,s,no,1,2,3.0,0,0,0,0,0,0,0,0,0,0,0,0,0,0,0,0,0,6,2022,6
johnjenkins_mia_2022_6,mia_2022_6,johnjenkins_mia_2022,mia_2022,johnjenkins,7863,di,mia,1,0,,0,0,0,0,0,0,0,0,0,0,0,0,0,0,0,0,0,6,2022,6
duronharmon_lv_2022_6,lv_2022_6,duronharmon_lv_2022,lv_2022,duronharmon,7872,s,lv,1,0,8.0,0,0,0,0,0,0,0,0,0,0,0,0,0,0,0,0,0,6,2022,6
akeemspence_sf_2022_6,sf_2022_6,akeemspence_sf_2022,sf_2022,akeemspence,7882,di,sf,1,1,,0,0,0,0,0,0,0,0,0,0,0,0,0,0,0,0,0,6,2022,6
williamgholston_tb_2022_6,tb_2022_6,williamgholston_tb_2022,tb_2022,williamgholston,7908,di,tb,1,2,7.0,0,0,0,0,0,0,0,0,0,0,0,0,0,0,0,0,0,6,2022,6
nickwilliams_nyg_2022_6,nyg_2022_6,nickwilliams_nyg_2022,nyg_2022,nickwilliams,8006,di,nyg,1,2,4.0,0,0,0,0,0,0,0,0,0,0,0,0,0,0,0,0,0,6,2022,6
tonyjefferson_nyg_2022_6,nyg_2022_6,tonyjefferson_nyg_2022,nyg_2022,tonyjefferson,8361,s,nyg,1,0,8.0,0,0,0,0,0,0,0,0,0,0,0,0,0,0,0,0,0,6,2022,6
brandoncopeland_bal_2022_6,bal_2022_6,brandoncopeland_bal_2022,bal_2022,brandoncopeland,8378,ed,bal,1,2,,0,0,0,0,0,0,0,0,0,0,0,0,0,0,0,0,0,6,2022,6
chrisbanjo_ari_2022_6,ari_2022_6,chrisbanjo_ari_2022,ari_2022,chrisbanjo,8419,s,ari,1,0,,0,0,0,0,0,0,0,0,0,0,0,0,0,0,0,0,0,6,2022,6
mikepurcell_den_2022_6,den_2022_6,mikepurcell_den_2022,den_2022,mikepurcell,8530,di,den,1,0,1.0,0,0,0,0,0,0,0,0,0,0,0,0,0,0,0,0,0,6,2022,6
jadeveonclowney_cle_2022_6,cle_2022_6,jadeveonclowney_cle_2022,cle_2022,jadeveonclowney,8636,ed,cle,1,1,0.0,0,0,0,0,0,0,0,0,0,0,0,0,0,0,0,0,0,6,2022,6
khalilmack_lac_2022_6,lac_2022_6,khalilmack_lac_2022,lac_2022,khalilmack,8640,ed,lac,1,0,-1.5,0,0,0,0,0,0,0,0,0,0,0,0,0,0,0,0,0,6,2022,6
anthonybarr_dal_2022_6,dal_2022_6,anthonybarr_dal_2022,dal_2022,anthonybarr,8644,lb,dal,1,1,,0,0,0,0,0,0,0,0,0,0,0,0,0,0,0,0,0,6,2022,6
aarondonald_lar_2022_6,lar_2022_6,aarondonald_lar_2022,lar_2022,aarondonald,8648,di,lar,1,0,3.3,0,0,0,0,0,0,0,0,0,0,0,0,0,0,0,0,0,6,2022,6
cjmosley_nyj_2022_6,nyj_2022_6,cjmosley_nyj_2022,nyj_2022,cjmosley,8652,lb,nyj,1,1,7.3,0,0,0,0,0,0,0,0,0,0,0,0,0,0,0,0,0,6,2022,6
jimmieward_sf_2022_6,sf_2022_6,jimmieward_sf_2022,sf_2022,jimmieward,8665,s,sf,1,0,,0,0,0,0,0,0,0,0,0,0,0,0,0,0,0,0,0,6,2022,6
bradleyroby_no_2022_6,no_2022_6,bradleyroby_no_2022,no_2022,bradleyroby,8666,cb,no,1,0,,0,0,0,0,0,0,0,0,0,0,0,0,0,0,0,0,0,6,2022,6
demarcuslawrence_dal_2022_6,dal_2022_6,demarcuslawrence_dal_2022,dal_2022,demarcuslawrence,8669,ed,dal,1,0,3.0,0,0,0,0,0,0,0,0,0,0,0,0,0,0,0,0,0,6,2022,6
kylevannoy_lac_2022_6,lac_2022_6,kylevannoy_lac_2022,lac_2022,kylevannoy,8675,ed,lac,1,0,3.0,0,0,0,0,0,0,0,0,0,0,0,0,0,0,0,0,0,6,2022,6
lamarcusjoyner_nyj_2022_6,nyj_2022_6,lamarcusjoyner_nyj_2022,nyj_2022,lamarcusjoyner,8676,s,nyj,1,1,22.0,0,0,0,0,0,0,0,0,0,0,0,0,0,0,0,0,0,6,2022,6
christiankirksey_hou_2022_6,hou_2022_6,christiankirksey_hou_2022,hou_2022,christiankirksey,8706,lb,hou,1,1,2.5,0,0,0,0,0,0,0,0,0,0,0,0,0,0,0,0,0,6,2022,6
justinellis_nyg_2022_6,nyg_2022_6,justinellis_nyg_2022,nyg_2022,justinellis,8742,di,nyg,1,1,2.0,0,0,0,0,0,0,0,0,0,0,0,0,0,0,0,0,0,6,2022,6
daquanjones_buf_2022_6,buf_2022_6,daquanjones_buf_2022,buf_2022,daquanjones,8747,di,buf,1,0,1.0,0,0,0,0,0,0,0,0,0,0,0,0,0,0,0,0,0,6,2022,6
brenturban_bal_2022_6,bal_2022_6,brenturban_bal_2022,bal_2022,brenturban,8769,di,bal,1,0,4.5,0,0,0,0,0,0,0,0,0,0,0,0,0,0,0,0,0,6,2022,6
devonkennard_ari_2022_6,ari_2022_6,devonkennard_ari_2022,ari_2022,devonkennard,8809,ed,ari,1,0,,0,0,0,0,0,0,0,0,0,0,0,0,0,0,0,0,0,6,2022,6
shelbyharris_sea_2022_6,sea_2022_6,shelbyharris_sea_2022,sea_2022,shelbyharris,8869,di,sea,1,1,3.0,0,0,0,0,0,0,0,0,0,0,0,0,0,0,0,0,0,6,2022,6
terrancemitchell_ten_2022_6,ten_2022_6,terrancemitchell_ten_2022,ten_2022,terrancemitchell,8888,cb,ten,1,0,,0,0,0,0,0,0,0,0,0,0,0,0,0,0,0,0,0,6,2022,6
denicoautry_ten_2022_6,ten_2022_6,denicoautry_ten_2022,ten_2022,denicoautry,8982,ed,ten,1,1,3.5,0,0,0,0,0,0,0,0,0,0,0,0,0,0,0,0,0,6,2022,6
shaquilbarrett_tb_2022_6,tb_2022_6,shaquilbarrett_tb_2022,tb_2022,shaquilbarrett,9000,ed,tb,1,1,2.5,0,0,0,0,0,0,0,0,0,0,0,0,0,0,0,0,0,6,2022,6
christianjones_sea_2022_6,sea_2022_6,christianjones_sea_2022,sea_2022,christianjones,9020,ed,sea,1,0,,0,0,0,0,0,0,0,0,0,0,0,0,0,0,0,0,0,6,2022,6
kerryhyder_sf_2022_6,sf_2022_6,kerryhyder_sf_2022,sf_2022,kerryhyder,9045,ed,sf,1,0,,0,0,0,0,0,0,0,0,0,0,0,0,0,0,0,0,0,6,2022,6
adrianphillips_ne_2022_6,ne_2022_6,adrianphillips_ne_2022,ne_2022,adrianphillips,9177,s,ne,1,2,-7.0,0,0,0,0,0,0,0,0,0,0,0,0,0,0,0,0,0,6,2022,6
danielsorensen_no_2022_6,no_2022_6,danielsorensen_no_2022,no_2022,danielsorensen,9253,s,no,1,0,,0,0,0,0,0,0,0,0,0,0,0,0,0,0,0,0,0,6,2022,6
joethomas_chi_2022_6,chi_2022_6,joethomas_chi_2022,chi_2022,joethomas,9272,lb,chi,1,0,,0,0,0,0,0,0,0,0,0,0,0,0,0,0,0,0,0,6,2022,6
mikepennel_chi_2022_6,chi_2022_6,mikepennel_chi_2022,chi_2022,mikepennel,9316,di,chi,1,1,2.0,0,0,0,0,0,0,0,0,0,0,0,0,0,0,0,0,0,6,2022,6
kwaunwilliams_den_2022_6,den_2022_6,kwaunwilliams_den_2022,den_2022,kwaunwilliams,9332,cb,den,1,0,7.3,0,0,0,0,0,0,0,0,0,0,0,0,0,0,0,0,0,6,2022,6
dantefowlerjr_dal_2022_6,dal_2022_6,dantefowlerjr_dal_2022,dal_2022,dantefowlerjr,9436,ed,dal,1,0,2.0,0,0,0,0,0,0,0,0,0,0,0,0,0,0,0,0,0,6,2022,6
marcuspeters_bal_2022_6,bal_2022_6,marcuspeters_bal_2022,bal_2022,marcuspeters,9451,cb,bal,1,0,2.0,1,0,0,0,0,0,0,0,0,0,0,0,0,0,0,0,0,6,2022,6
shaqthompson_car_2022_6,car_2022_6,shaqthompson_car_2022,car_2022,shaqthompson,9458,lb,car,1,0,2.3,0,0,0,0,0,0,0,0,0,0,0,0,0,0,0,0,0,6,2022,6
marioedwardsjr_ten_2022_6,ten_2022_6,marioedwardsjr_ten_2022,ten_2022,marioedwardsjr,9468,ed,ten,1,0,,0,0,0,0,0,0,0,0,0,0,0,0,0,0,0,0,0,6,2022,6
prestonsmith_gb_2022_6,gb_2022_6,prestonsmith_gb_2022,gb_2022,prestonsmith,9471,ed,gb,1,1,1.0,0,0,0,0,0,0,0,0,0,0,0,0,0,0,0,0,0,6,2022,6
erickendricks_min_2022_6,min_2022_6,erickendricks_min_2022,min_2022,erickendricks,9478,lb,min,1,1,5.0,0,0,0,0,0,0,0,0,0,0,0,0,0,0,0,0,0,6,2022,6
ericrowe_mia_2022_6,mia_2022_6,ericrowe_mia_2022,mia_2022,ericrowe,9480,s,mia,1,0,,0,0,0,0,0,0,0,0,0,0,0,0,0,0,0,0,0,6,2022,6
denzelperryman_lv_2022_6,lv_2022_6,denzelperryman_lv_2022,lv_2022,denzelperryman,9481,lb,lv,1,2,6.7,0,0,0,0,0,0,0,0,0,0,0,0,0,0,0,0,0,6,2022,6
jordanphillips_buf_2022_6,buf_2022_6,jordanphillips_buf_2022,buf_2022,jordanphillips,9485,di,buf,1,0,0.0,0,0,0,0,0,0,0,0,0,0,0,0,0,0,0,0,0,6,2022,6
markusgolden_ari_2022_6,ari_2022_6,markusgolden_ari_2022,ari_2022,markusgolden,9491,ed,ari,1,0,,0,0,0,0,0,0,0,0,0,0,0,0,0,0,0,0,0,6,2022,6
frankclark_kc_2022_6,kc_2022_6,frankclark_kc_2022,kc_2022,frankclark,9496,ed,kc,1,0,-7.0,0,0,0,0,0,0,0,0,0,0,0,0,0,0,0,0,0,6,2022,6
jordanhicks_min_2022_6,min_2022_6,jordanhicks_min_2022,min_2022,jordanhicks,9517,lb,min,1,1,1.7,0,0,0,0,0,0,0,0,0,0,0,0,0,0,0,0,0,6,2022,6
daniellehunter_min_2022_6,min_2022_6,daniellehunter_min_2022,min_2022,daniellehunter,9521,ed,min,1,0,0.7,0,0,0,0,0,0,0,0,0,0,0,0,0,0,0,0,0,6,2022,6
carldavis_ne_2022_6,ne_2022_6,carldavis_ne_2022,ne_2022,carldavis,9523,di,ne,1,0,2.0,0,0,0,0,0,0,0,0,0,0,0,0,0,0,0,0,0,6,2022,6
henryanderson_car_2022_6,car_2022_6,henryanderson_car_2022,car_2022,henryanderson,9526,ed,car,1,1,1.0,0,0,0,0,0,0,0,0,0,0,0,0,0,0,0,0,0,6,2022,6
stevennelson_hou_2022_6,hou_2022_6,stevennelson_hou_2022,hou_2022,stevennelson,9531,cb,hou,1,0,3.0,0,0,0,0,0,0,0,0,0,0,0,0,0,0,0,0,0,6,2022,6
angeloblackson_chi_2022_6,chi_2022_6,angeloblackson_chi_2022,chi_2022,angeloblackson,9533,di,chi,1,0,0.0,0,0,0,0,0,0,0,0,0,0,0,0,0,0,0,0,0,6,2022,6
zadariussmith_min_2022_6,min_2022_6,zadariussmith_min_2022,min_2022,zadariussmith,9555,ed,min,1,0,-6.0,0,0,0,0,0,0,0,0,0,0,0,0,0,0,0,0,0,6,2022,6
kwonalexander_nyj_2022_6,nyj_2022_6,kwonalexander_nyj_2022,nyj_2022,kwonalexander,9557,lb,nyj,1,1,2.0,0,0,0,0,0,0,0,0,0,0,0,0,0,0,0,0,0,6,2022,6
damienwilson_car_2022_6,car_2022_6,damienwilson_car_2022,car_2022,damienwilson,9560,lb,car,1,1,5.3,0,0,0,0,0,0,0,0,0,0,0,0,0,0,0,0,0,6,2022,6
gradyjarrett_atl_2022_6,atl_2022_6,gradyjarrett_atl_2022,atl_2022,gradyjarrett,9570,di,atl,1,0,3.0,0,0,0,0,0,0,0,0,0,0,0,0,0,0,0,0,0,6,2022,6
adrianamos_gb_2022_6,gb_2022_6,adrianamos_gb_2022,gb_2022,adrianamos,9575,s,gb,1,0,22.0,0,0,0,0,0,0,0,0,0,0,0,0,0,0,0,0,0,6,2022,6
bobbymccain_was_2022_6,was_2022_6,bobbymccain_was_2022,was_2022,bobbymccain,9578,s,was,1,1,9.0,0,0,0,0,0,0,0,0,0,0,0,0,0,0,0,0,0,6,2022,6
quandrediggs_sea_2022_6,sea_2022_6,quandrediggs_sea_2022,sea_2022,quandrediggs,9633,s,sea,1,2,4.0,0,0,0,0,0,0,0,0,0,0,0,0,0,0,0,0,0,6,2022,6
christiancovington_lac_2022_6,lac_2022_6,christiancovington_lac_2022,lac_2022,christiancovington,9649,di,lac,1,0,0.0,0,0,0,0,0,0,0,0,0,0,0,0,0,0,0,0,0,6,2022,6
rakeemnunezroches_tb_2022_6,tb_2022_6,rakeemnunezroches_tb_2022,tb_2022,rakeemnunezroches,9650,di,tb,1,3,,0,0,0,0,0,0,0,0,0,0,0,0,0,0,0,0,0,6,2022,6
nevillehewitt_hou_2022_6,hou_2022_6,nevillehewitt_hou_2022,hou_2022,nevillehewitt,9836,lb,hou,1,0,-2.0,0,0,0,0,0,0,0,0,0,0,0,0,0,0,0,0,0,6,2022,6
deshawnwilliams_den_2022_6,den_2022_6,deshawnwilliams_den_2022,den_2022,deshawnwilliams,9891,di,den,1,0,-1.0,0,0,0,0,0,0,0,0,0,0,0,0,0,0,0,0,0,6,2022,6
deanmarlowe_atl_2022_6,atl_2022_6,deanmarlowe_atl_2022,atl_2022,deanmarlowe,9966,s,atl,1,1,,0,0,0,0,0,0,0,0,0,0,0,0,0,0,0,0,0,6,2022,6
alexsingleton_den_2022_6,den_2022_6,alexsingleton_den_2022,den_2022,alexsingleton,9994,lb,den,1,1,4.0,0,0,0,0,0,0,0,0,0,0,0,0,0,0,0,0,0,6,2022,6
brycecallahan_lac_2022_6,lac_2022_6,brycecallahan_lac_2022,lac_2022,brycecallahan,10000,cb,lac,1,0,,0,0,0,0,0,0,0,0,0,0,0,0,0,0,0,0,0,6,2022,6
efeobada_was_2022_6,was_2022_6,efeobada_was_2022,was_2022,efeobada,10235,ed,was,1,2,1.0,0,0,0,0,0,0,0,0,0,0,0,0,0,0,0,0,0,6,2022,6
jalenramsey_lar_2022_6,lar_2022_6,jalenramsey_lar_2022,lar_2022,jalenramsey,10639,cb,lar,1,0,,0,0,0,0,0,0,0,0,0,0,0,0,0,0,0,0,0,6,2022,6
deforestbuckner_ind_2022_6,ind_2022_6,deforestbuckner_ind_2022,ind_2022,deforestbuckner,10641,di,ind,1,3,2.3,0,0,0,0,0,0,0,0,0,0,0,0,0,0,0,0,0,6,2022,6
leonardfloyd_lar_2022_6,lar_2022_6,leonardfloyd_lar_2022,lar_2022,leonardfloyd,10643,ed,lar,1,1,2.0,0,0,0,0,0,0,0,0,0,0,0,0,0,0,0,0,0,6,2022,6
eliapple_cin_2022_6,cin_2022_6,eliapple_cin_2022,cin_2022,eliapple,10644,cb,cin,1,0,,0,0,0,0,0,0,0,0,0,0,0,0,0,0,0,0,0,6,2022,6
sheldonrankins_nyj_2022_6,nyj_2022_6,sheldonrankins_nyj_2022,nyj_2022,sheldonrankins,10646,di,nyj,1,0,0.5,0,0,0,0,0,0,0,0,0,0,0,0,0,0,0,0,0,6,2022,6
keanuneal_tb_2022_6,tb_2022_6,keanuneal_tb_2022,tb_2022,keanuneal,10651,s,tb,1,0,,0,0,0,0,0,0,0,0,0,0,0,0,0,0,0,0,0,6,2022,6
shaqlawson_buf_2022_6,buf_2022_6,shaqlawson_buf_2022,buf_2022,shaqlawson,10653,ed,buf,1,0,0.0,0,0,0,0,0,0,0,0,0,0,0,0,0,0,0,0,0,6,2022,6
williamjacksoniii_was_2022_6,was_2022_6,williamjacksoniii_was_2022,was_2022,williamjacksoniii,10658,cb,was,1,0,,0,0,0,0,0,0,0,0,0,0,0,0,0,0,0,0,0,6,2022,6
artieburns_sea_2022_6,sea_2022_6,artieburns_sea_2022,sea_2022,artieburns,10659,cb,sea,1,0,,0,0,0,0,0,0,0,0,0,0,0,0,0,0,0,0,0,6,2022,6
kennyclark_gb_2022_6,gb_2022_6,kennyclark_gb_2022,gb_2022,kennyclark,10661,di,gb,1,0,3.0,0,0,0,0,0,0,0,0,0,0,0,0,0,0,0,0,0,6,2022,6
emmanuelogbah_mia_2022_6,mia_2022_6,emmanuelogbah_mia_2022,mia_2022,emmanuelogbah,10666,ed,mia,1,1,4.0,0,0,0,0,0,0,0,0,0,0,0,0,0,0,0,0,0,6,2022,6
jaylonsmith_nyg_2022_6,nyg_2022_6,jaylonsmith_nyg_2022,nyg_2022,jaylonsmith,10668,lb,nyg,1,1,8.0,0,0,0,0,0,0,0,0,0,0,0,0,0,0,0,0,0,6,2022,6
mylesjack_pit_2022_6,pit_2022_6,mylesjack_pit_2022,pit_2022,mylesjack,10670,lb,pit,1,0,4.0,0,0,0,0,0,0,0,0,0,0,0,0,0,0,0,0,0,6,2022,6
chrisjones_kc_2022_6,kc_2022_6,chrisjones_kc_2022,kc_2022,chrisjones,10671,di,kc,1,0,,0,0,0,0,0,0,0,0,0,0,0,0,0,0,0,0,0,6,2022,6
austinjohnson_lac_2022_6,lac_2022_6,austinjohnson_lac_2022,lac_2022,austinjohnson,10677,di,lac,1,0,2.3,0,0,0,0,0,0,0,0,0,0,0,0,0,0,0,0,0,6,2022,6
jihadward_nyg_2022_6,nyg_2022_6,jihadward_nyg_2022,nyg_2022,jihadward,10678,ed,nyg,1,0,,0,0,0,0,0,0,0,0,0,0,0,0,0,0,0,0,0,6,2022,6
ashawnrobinson_lar_2022_6,lar_2022_6,ashawnrobinson_lar_2022,lar_2022,ashawnrobinson,10680,di,lar,1,2,4.3,0,0,0,0,0,0,0,0,0,0,0,0,0,0,0,0,0,6,2022,6
jarranreed_gb_2022_6,gb_2022_6,jarranreed_gb_2022,gb_2022,jarranreed,10683,di,gb,1,0,2.3,0,0,0,0,0,0,0,0,0,0,0,0,0,0,0,0,0,6,2022,6
vonnbell_cin_2022_6,cin_2022_6,vonnbell_cin_2022,cin_2022,vonnbell,10695,s,cin,1,1,7.7,0,0,0,0,0,0,0,0,0,0,0,0,0,0,0,0,0,6,2022,6
jamesbradberry_phi_2022_6,phi_2022_6,jamesbradberry_phi_2022,phi_2022,jamesbradberry,10696,cb,phi,1,0,,0,0,0,0,0,0,0,0,0,0,0,0,0,0,0,0,0,6,2022,6
adamgotsis_jax_2022_6,jax_2022_6,adamgotsis_jax_2022,jax_2022,adamgotsis,10697,di,jax,1,1,,0,0,0,0,0,0,0,0,0,0,0,0,0,0,0,0,0,6,2022,6
kevinbyard_ten_2022_6,ten_2022_6,kevinbyard_ten_2022,ten_2022,kevinbyard,10698,s,ten,1,0,6.0,0,0,0,0,0,0,0,0,0,0,0,0,0,0,0,0,0,6,2022,6
carlnassib_tb_2022_6,tb_2022_6,carlnassib_tb_2022,tb_2022,carlnassib,10699,ed,tb,1,1,2.3,0,0,0,0,0,0,0,0,0,0,0,0,0,0,0,0,0,6,2022,6
maliekcollins_hou_2022_6,hou_2022_6,maliekcollins_hou_2022,hou_2022,maliekcollins,10701,di,hou,1,1,-0.5,0,0,0,0,0,0,0,0,0,0,0,0,0,0,0,0,0,6,2022,6
yannickngakoue_ind_2022_6,ind_2022_6,yannickngakoue_ind_2022,ind_2022,yannickngakoue,10703,ed,ind,1,0,,0,0,0,0,0,0,0,0,0,0,0,0,0,0,0,0,0,6,2022,6
jonathanbullard_min_2022_6,min_2022_6,jonathanbullard_min_2022,min_2022,jonathanbullard,10706,di,min,1,1,,0,0,0,0,0,0,0,0,0,0,0,0,0,0,0,0,0,6,2022,6
kendallfuller_was_2022_6,was_2022_6,kendallfuller_was_2022,was_2022,kendallfuller,10718,cb,was,1,0,9.0,0,0,0,0,0,0,0,0,0,0,0,0,0,0,0,0,0,6,2022,6
javonhargrave_phi_2022_6,phi_2022_6,javonhargrave_phi_2022,phi_2022,javonhargrave,10723,di,phi,1,0,2.3,0,0,0,0,0,0,0,0,0,0,0,0,0,0,0,0,0,6,2022,6
joeschobert_ten_2022_6,ten_2022_6,joeschobert_ten_2022,ten_2022,joeschobert,10733,lb,ten,1,0,,0,0,0,0,0,0,0,0,0,0,0,0,0,0,0,0,0,6,2022,6
mileskillebrew_pit_2022_6,pit_2022_6,mileskillebrew_pit_2022,pit_2022,mileskillebrew,10745,lb,pit,1,0,,0,0,0,0,0,0,0,0,0,0,0,0,0,0,0,0,0,6,2022,6
devondrecampbell_gb_2022_6,gb_2022_6,devondrecampbell_gb_2022,gb_2022,devondrecampbell,10749,lb,gb,1,0,,0,0,0,0,0,0,0,0,0,0,0,0,0,0,0,0,0,6,2022,6
hassanridgeway_sf_2022_6,sf_2022_6,hassanridgeway_sf_2022,sf_2022,hassanridgeway,10750,di,sf,1,1,-1.0,0,0,0,0,0,0,0,0,0,0,0,0,0,0,0,0,0,6,2022,6
justonburris_car_2022_6,car_2022_6,justonburris_car_2022,car_2022,justonburris,10752,s,car,1,1,9.5,0,0,0,0,0,0,0,0,0,0,0,0,0,0,0,0,0,6,2022,6
davidonyemata_no_2022_6,no_2022_6,davidonyemata_no_2022,no_2022,davidonyemata,10754,di,no,1,0,4.0,0,0,0,0,0,0,0,0,0,0,0,0,0,0,0,0,0,6,2022,6
andrewbillings_lv_2022_6,lv_2022_6,andrewbillings_lv_2022,lv_2022,andrewbillings,10756,di,lv,1,0,,0,0,0,0,0,0,0,0,0,0,0,0,0,0,0,0,0,6,2022,6
deonbush_kc_2022_6,kc_2022_6,deonbush_kc_2022,kc_2022,deonbush,10758,s,kc,1,0,5.0,0,0,0,0,0,0,0,0,0,0,0,0,0,0,0,0,0,6,2022,6
blakemartinez_lv_2022_6,lv_2022_6,blakemartinez_lv_2022,lv_2022,blakemartinez,10765,lb,lv,1,0,,0,0,0,0,0,0,0,0,0,0,0,0,0,0,0,0,0,6,2022,6
deanlowry_gb_2022_6,gb_2022_6,deanlowry_gb_2022,gb_2022,deanlowry,10771,di,gb,1,1,2.0,0,0,0,0,0,0,0,0,0,0,0,0,0,0,0,0,0,6,2022,6
matthewjudon_ne_2022_6,ne_2022_6,matthewjudon_ne_2022,ne_2022,matthewjudon,10780,ed,ne,1,0,4.0,0,0,0,0,0,0,0,0,0,0,0,0,0,0,0,0,0,6,2022,6
quintonjefferson_sea_2022_6,sea_2022_6,quintonjefferson_sea_2022,sea_2022,quintonjefferson,10781,di,sea,1,0,2.0,0,0,0,0,0,0,0,0,0,0,0,0,0,0,0,0,0,6,2022,6
mattioannidis_car_2022_6,car_2022_6,mattioannidis_car_2022,car_2022,mattioannidis,10786,di,car,1,1,,0,0,0,0,0,0,0,0,0,0,0,0,0,0,0,0,0,6,2022,6
anthonybrown_dal_2022_6,dal_2022_6,anthonybrown_dal_2022,dal_2022,anthonybrown,10823,cb,dal,1,0,1.0,0,0,0,0,0,0,0,0,0,0,0,0,0,0,0,0,0,6,2022,6
kamugrugierhill_hou_2022_6,hou_2022_6,kamugrugierhill_hou_2022,hou_2022,kamugrugierhill,10842,lb,hou,1,1,4.5,0,0,0,0,0,0,0,0,0,0,0,0,0,0,0,0,0,6,2022,6
elandonroberts_mia_2022_6,mia_2022_6,elandonroberts_mia_2022,mia_2022,elandonroberts,10848,lb,mia,1,2,0.7,0,0,0,0,0,0,0,0,0,0,0,0,0,0,0,0,0,6,2022,6
willparks_nyj_2022_6,nyj_2022_6,willparks_nyj_2022,nyj_2022,willparks,10853,s,nyj,1,0,6.5,0,0,0,0,0,0,0,0,0,0,0,0,0,0,0,0,0,6,2022,6
jalenmills_ne_2022_6,ne_2022_6,jalenmills_ne_2022,ne_2022,jalenmills,10867,cb,ne,1,0,,0,0,0,0,0,0,0,0,0,0,0,0,0,0,0,0,0,6,2022,6
jayronkearse_dal_2022_6,dal_2022_6,jayronkearse_dal_2022,dal_2022,jayronkearse,10878,s,dal,1,1,,0,0,0,0,0,0,0,0,0,0,0,0,0,0,0,0,0,6,2022,6
mikehilton_cin_2022_6,cin_2022_6,mikehilton_cin_2022,cin_2022,mikehilton,10898,cb,cin,1,1,0.0,0,0,0,0,0,0,0,0,0,0,0,0,0,0,0,0,0,6,2022,6
morganfox_lac_2022_6,lac_2022_6,morganfox_lac_2022,lac_2022,morganfox,11184,di,lac,1,0,2.0,0,0,0,0,0,0,0,0,0,0,0,0,0,0,0,0,0,6,2022,6
corylittleton_car_2022_6,car_2022_6,corylittleton_car_2022,car_2022,corylittleton,11190,lb,car,1,2,7.3,1,0,0,0,0,0,0,0,0,0,0,0,0,0,0,0,0,6,2022,6
jonathanjones_ne_2022_6,ne_2022_6,jonathanjones_ne_2022,ne_2022,jonathanjones,11217,cb,ne,1,0,13.0,0,0,0,0,0,0,0,0,0,0,0,0,0,0,0,0,0,6,2022,6
andrewadams_ten_2022_6,ten_2022_6,andrewadams_ten_2022,ten_2022,andrewadams,11240,s,ten,1,0,,0,0,0,0,0,0,0,0,0,0,0,0,0,0,0,0,0,6,2022,6
royrobertsonharris_jax_2022_6,jax_2022_6,royrobertsonharris_jax_2022,jax_2022,royrobertsonharris,11341,di,jax,1,1,1.0,0,0,0,0,0,0,0,0,0,0,0,0,0,0,0,0,0,6,2022,6
antoniohamilton_ari_2022_6,ari_2022_6,antoniohamilton_ari_2022,ari_2022,antoniohamilton,11353,cb,ari,1,0,,0,0,0,0,0,0,0,0,0,0,0,0,0,0,0,0,0,6,2022,6
mylesgarrett_cle_2022_6,cle_2022_6,mylesgarrett_cle_2022,cle_2022,mylesgarrett,11756,ed,cle,1,0,4.0,0,0,0,0,0,0,0,0,0,0,0,0,0,0,0,0,0,6,2022,6
solomonthomas_nyj_2022_6,nyj_2022_6,solomonthomas_nyj_2022,nyj_2022,solomonthomas,11758,di,nyj,1,0,,0,0,0,0,0,0,0,0,0,0,0,0,0,0,0,0,0,6,2022,6
marshonlattimore_no_2022_6,no_2022_6,marshonlattimore_no_2022,no_2022,marshonlattimore,11766,cb,no,1,0,,0,0,0,0,0,0,0,0,0,0,0,0,0,0,0,0,0,6,2022,6
haasonreddick_phi_2022_6,phi_2022_6,haasonreddick_phi_2022,phi_2022,haasonreddick,11768,ed,phi,1,0,,0,0,0,0,0,0,0,0,0,0,0,0,0,0,0,0,0,6,2022,6
malikhooker_dal_2022_6,dal_2022_6,malikhooker_dal_2022,dal_2022,malikhooker,11770,s,dal,1,0,,0,0,0,0,0,0,0,0,0,0,0,0,0,0,0,0,0,6,2022,6
marlonhumphrey_bal_2022_6,bal_2022_6,marlonhumphrey_bal_2022,bal_2022,marlonhumphrey,11771,cb,bal,1,0,,0,0,0,0,0,0,0,0,0,0,0,0,0,0,0,0,0,6,2022,6
jonathanallen_was_2022_6,was_2022_6,jonathanallen_was_2022,was_2022,jonathanallen,11772,di,was,1,0,,0,0,0,0,0,0,0,0,0,0,0,0,0,0,0,0,0,6,2022,6
adoreejackson_nyg_2022_6,nyg_2022_6,adoreejackson_nyg_2022,nyg_2022,adoreejackson,11773,cb,nyg,1,1,3.0,0,0,0,0,0,0,0,0,0,0,0,0,0,0,0,0,0,6,2022,6
jabrillpeppers_ne_2022_6,ne_2022_6,jabrillpeppers_ne_2022,ne_2022,jabrillpeppers,11780,s,ne,1,0,,0,0,0,0,0,0,0,0,0,0,0,0,0,0,0,0,0,6,2022,6
takkaristmckinley_lar_2022_6,lar_2022_6,takkaristmckinley_lar_2022,lar_2022,takkaristmckinley,11781,ed,lar,1,1,,0,0,0,0,0,0,0,0,0,0,0,0,0,0,0,0,0,6,2022,6
buddabaker_ari_2022_6,ari_2022_6,buddabaker_ari_2022,ari_2022,buddabaker,11791,s,ari,1,0,1.3,0,0,0,0,0,0,0,0,0,0,0,0,0,0,0,0,0,6,2022,6
ryananderson_pit_2022_6,pit_2022_6,ryananderson_pit_2022,pit_2022,ryananderson,11804,ed,pit,1,0,,0,0,0,0,0,0,0,0,0,0,0,0,0,0,0,0,0,6,2022,6
justinevans_no_2022_6,no_2022_6,justinevans_no_2022,no_2022,justinevans,11805,s,no,1,0,2.0,0,0,0,0,0,0,0,0,0,0,0,0,0,0,0,0,0,6,2022,6
demarcuswalker_ten_2022_6,ten_2022_6,demarcuswalker_ten_2022,ten_2022,demarcuswalker,11806,ed,ten,1,0,,0,0,0,0,0,0,0,0,0,0,0,0,0,0,0,0,0,6,2022,6
raekwonmcmillan_ne_2022_6,ne_2022_6,raekwonmcmillan_ne_2022,ne_2022,raekwonmcmillan,11809,lb,ne,1,0,1.5,0,0,0,0,0,0,0,0,0,0,0,0,0,0,0,0,0,6,2022,6
dalvintomlinson_min_2022_6,min_2022_6,dalvintomlinson_min_2022,min_2022,dalvintomlinson,11810,di,min,1,0,1.5,0,0,0,0,0,0,0,0,0,0,0,0,0,0,0,0,0,6,2022,6
tanohkpassagnon_no_2022_6,no_2022_6,tanohkpassagnon_no_2022,no_2022,tanohkpassagnon,11814,ed,no,1,0,,0,0,0,0,0,0,0,0,0,0,0,0,0,0,0,0,0,6,2022,6
chidobeawuzie_cin_2022_6,cin_2022_6,chidobeawuzie_cin_2022,cin_2022,chidobeawuzie,11815,cb,cin,1,0,9.0,0,0,0,0,0,0,0,0,0,0,0,0,0,0,0,0,0,6,2022,6
joshjones_sea_2022_6,sea_2022_6,joshjones_sea_2022,sea_2022,joshjones,11816,s,sea,1,0,13.0,0,0,0,0,0,0,0,0,0,0,0,0,0,0,0,0,0,6,2022,6
larryogunjobi_pit_2022_6,pit_2022_6,larryogunjobi_pit_2022,pit_2022,larryogunjobi,11820,di,pit,1,0,,0,0,0,0,0,0,0,0,0,0,0,0,0,0,0,0,0,6,2022,6
dawuanesmoot_jax_2022_6,jax_2022_6,dawuanesmoot_jax_2022,jax_2022,dawuanesmoot,11823,ed,jax,1,0,20.0,0,0,0,0,0,0,0,0,0,0,0,0,0,0,0,0,0,6,2022,6
chriswormley_pit_2022_6,pit_2022_6,chriswormley_pit_2022,pit_2022,chriswormley,11829,di,pit,1,0,,0,0,0,0,0,0,0,0,0,0,0,0,0,0,0,0,0,6,2022,6
dukeriley_mia_2022_6,mia_2022_6,dukeriley_mia_2022,mia_2022,dukeriley,11830,lb,mia,1,0,,0,0,0,0,0,0,0,0,0,0,0,0,0,0,0,0,0,6,2022,6
alexanzalone_det_2022_6,det_2022_6,alexanzalone_det_2022,det_2022,alexanzalone,11831,lb,det,1,2,13.0,0,0,0,0,0,0,0,0,0,0,0,0,0,0,0,0,0,6,2022,6
fabianmoreau_nyg_2022_6,nyg_2022_6,fabianmoreau_nyg_2022,nyg_2022,fabianmoreau,11836,cb,nyg,1,0,,0,0,0,0,0,0,0,0,0,0,0,0,0,0,0,0,0,6,2022,6
shaquillgriffin_jax_2022_6,jax_2022_6,shaquillgriffin_jax_2022,jax_2022,shaquillgriffin,11845,cb,jax,1,1,17.0,0,0,0,0,0,0,0,0,0,0,0,0,0,0,0,0,0,6,2022,6
jourdanlewis_dal_2022_6,dal_2022_6,jourdanlewis_dal_2022,dal_2022,jourdanlewis,11846,cb,dal,1,0,,0,0,0,0,0,0,0,0,0,0,0,0,0,0,0,0,0,6,2022,6
johnjohnsoniii_cle_2022_6,cle_2022_6,johnjohnsoniii_cle_2022,cle_2022,johnjohnsoniii,11847,s,cle,1,1,16.0,0,0,0,0,0,0,0,0,0,0,0,0,0,0,0,0,0,6,2022,6
montraviusadams_pit_2022_6,pit_2022_6,montraviusadams_pit_2022,pit_2022,montraviusadams,11848,di,pit,1,0,,0,0,0,0,0,0,0,0,0,0,0,0,0,0,0,0,0,6,2022,6
cameronsutton_pit_2022_6,pit_2022_6,cameronsutton_pit_2022,pit_2022,cameronsutton,11850,cb,pit,1,0,3.0,0,0,0,0,0,0,0,0,0,0,0,0,0,0,0,0,0,6,2022,6
rasuldouglas_gb_2022_6,gb_2022_6,rasuldouglas_gb_2022,gb_2022,rasuldouglas,11854,cb,gb,1,0,,0,0,0,0,0,0,0,0,0,0,0,0,0,0,0,0,0,6,2022,6
treyhendrickson_cin_2022_6,cin_2022_6,treyhendrickson_cin_2022,cin_2022,treyhendrickson,11858,ed,cin,1,0,4.0,0,0,0,0,0,0,0,0,0,0,0,0,0,0,0,0,0,6,2022,6
eddiejackson_chi_2022_6,chi_2022_6,eddiejackson_chi_2022,chi_2022,eddiejackson,11867,s,chi,1,1,7.0,0,0,0,0,0,0,0,0,0,0,0,0,0,0,0,0,0,6,2022,6
rayshawnjenkins_jax_2022_6,jax_2022_6,rayshawnjenkins_jax_2022,jax_2022,rayshawnjenkins,11868,s,jax,1,4,2.5,0,0,0,0,0,0,0,0,0,0,0,0,0,0,0,0,0,6,2022,6
carllawson_nyj_2022_6,nyj_2022_6,carllawson_nyj_2022,nyj_2022,carllawson,11871,ed,nyj,1,1,,0,0,0,0,0,0,0,0,0,0,0,0,0,0,0,0,0,6,2022,6
jalenreevesmaybin_hou_2022_6,hou_2022_6,jalenreevesmaybin_hou_2022,hou_2022,jalenreevesmaybin,11879,lb,hou,1,1,,0,0,0,0,0,0,0,0,0,0,0,0,0,0,0,0,0,6,2022,6
samsonebukam_sf_2022_6,sf_2022_6,samsonebukam_sf_2022,sf_2022,samsonebukam,11880,ed,sf,1,0,9.0,0,0,0,0,0,0,0,0,0,0,0,0,0,0,0,0,0,6,2022,6
deatrichwisejr_ne_2022_6,ne_2022_6,deatrichwisejr_ne_2022,ne_2022,deatrichwisejr,11886,ed,ne,1,2,3.5,0,0,0,0,0,0,0,0,0,0,0,0,0,0,0,0,0,6,2022,6
carloswatkins_dal_2022_6,dal_2022_6,carloswatkins_dal_2022,dal_2022,carloswatkins,11897,di,dal,1,0,,0,0,0,0,0,0,0,0,0,0,0,0,0,0,0,0,0,6,2022,6
groverstewart_ind_2022_6,ind_2022_6,groverstewart_ind_2022,ind_2022,groverstewart,11899,di,ind,1,0,3.0,0,0,0,0,0,0,0,0,0,0,0,0,0,0,0,0,0,6,2022,6
desmondkingii_hou_2022_6,hou_2022_6,desmondkingii_hou_2022,hou_2022,desmondkingii,11906,cb,hou,1,1,0.0,0,0,0,0,0,0,0,0,0,0,0,0,0,0,0,0,0,6,2022,6
mattmilano_buf_2022_6,buf_2022_6,mattmilano_buf_2022,buf_2022,mattmilano,11918,lb,buf,1,1,0.0,0,0,0,0,0,0,0,0,0,0,0,0,0,0,0,0,0,6,2022,6
davongodchaux_ne_2022_6,ne_2022_6,davongodchaux_ne_2022,ne_2022,davongodchaux,11934,di,ne,1,3,,0,0,0,0,0,0,0,0,0,0,0,0,0,0,0,0,0,6,2022,6
chuckclark_bal_2022_6,bal_2022_6,chuckclark_bal_2022,bal_2022,chuckclark,11941,s,bal,1,1,8.5,0,0,0,0,0,0,0,0,0,0,0,0,0,0,0,0,0,6,2022,6
tannervallejo_ari_2022_6,ari_2022_6,tannervallejo_ari_2022,ari_2022,tannervallejo,11950,lb,ari,1,0,1.0,0,0,0,0,0,0,0,0,0,0,0,0,0,0,0,0,0,6,2022,6
alquadinmuhammad_chi_2022_6,chi_2022_6,alquadinmuhammad_chi_2022,chi_2022,alquadinmuhammad,11951,ed,chi,1,1,2.0,0,0,0,0,0,0,0,0,0,0,0,0,0,0,0,0,0,6,2022,6
djjones_den_2022_6,den_2022_6,djjones_den_2022,den_2022,djjones,11953,di,den,1,1,1.0,0,0,0,0,0,0,0,0,0,0,0,0,0,0,0,0,0,6,2022,6
rudyford_gb_2022_6,gb_2022_6,rudyford_gb_2022,gb_2022,rudyford,11963,s,gb,1,0,,0,0,0,0,0,0,0,0,0,0,0,0,0,0,0,0,0,6,2022,6
ifeadiodenigbo_ind_2022_6,ind_2022_6,ifeadiodenigbo_ind_2022,ind_2022,ifeadiodenigbo,11975,ed,ind,1,0,,0,0,0,0,0,0,0,0,0,0,0,0,0,0,0,0,0,6,2022,6
isaacrochell_cle_2022_6,cle_2022_6,isaacrochell_cle_2022,cle_2022,isaacrochell,11980,ed,cle,1,0,4.0,0,0,0,0,0,0,0,0,0,0,0,0,0,0,0,0,0,6,2022,6
joshtupou_cin_2022_6,cin_2022_6,joshtupou_cin_2022,cin_2022,joshtupou,12093,di,cin,1,2,5.0,0,0,0,0,0,0,0,0,0,0,0,0,0,0,0,0,0,6,2022,6
arthurmaulet_pit_2022_6,pit_2022_6,arthurmaulet_pit_2022,pit_2022,arthurmaulet,12224,cb,pit,1,1,0.0,0,0,0,0,0,0,0,0,0,0,0,0,0,0,0,0,0,6,2022,6
sionetakitaki_cle_2022_6,cle_2022_6,sionetakitaki_cle_2022,cle_2022,sionetakitaki,12666,lb,cle,1,2,,0,0,0,0,0,0,0,0,0,0,0,0,0,0,0,0,0,6,2022,6
sameguavoen_mia_2022_6,mia_2022_6,sameguavoen_mia_2022,mia_2022,sameguavoen,15301,lb,mia,1,0,,0,0,0,0,0,0,0,0,0,0,0,0,0,0,0,0,0,6,2022,6
jonathanledbetter_ari_2022_6,ari_2022_6,jonathanledbetter_ari_2022,ari_2022,jonathanledbetter,18645,di,ari,1,1,3.0,0,0,0,0,0,0,0,0,0,0,0,0,0,0,0,0,0,6,2022,6
kemokoturay_sf_2022_6,sf_2022_6,kemokoturay_sf_2022,sf_2022,kemokoturay,21702,ed,sf,1,0,,0,0,0,0,0,0,0,0,0,0,0,0,0,0,0,0,0,6,2022,6
dylancole_ten_2022_6,ten_2022_6,dylancole_ten_2022,ten_2022,dylancole,24304,lb,ten,1,0,2.5,0,0,0,0,0,0,0,0,0,0,0,0,0,0,0,0,0,6,2022,6
nathanshepherd_nyj_2022_6,nyj_2022_6,nathanshepherd_nyj_2022,nyj_2022,nathanshepherd,24614,di,nyj,1,0,,0,0,0,0,0,0,0,0,0,0,0,0,0,0,0,0,0,6,2022,6
foyesadeoluokun_jax_2022_6,jax_2022_6,foyesadeoluokun_jax_2022,jax_2022,foyesadeoluokun,24904,lb,jax,1,3,1.7,0,0,0,0,0,0,0,0,0,0,0,0,0,0,0,0,0,6,2022,6
leviwallace_pit_2022_6,pit_2022_6,leviwallace_pit_2022,pit_2022,leviwallace,25445,cb,pit,1,1,,0,0,0,0,0,0,0,0,0,0,0,0,0,0,0,0,0,6,2022,6
anferneejennings_ne_2022_6,ne_2022_6,anferneejennings_ne_2022,ne_2022,anferneejennings,25449,ed,ne,1,1,6.0,0,0,0,0,0,0,0,0,0,0,0,0,0,0,0,0,0,6,2022,6
seanmurphybunting_tb_2022_6,tb_2022_6,seanmurphybunting_tb_2022,tb_2022,seanmurphybunting,25891,cb,tb,1,1,,0,0,0,0,0,0,0,0,0,0,0,0,0,0,0,0,0,6,2022,6
clelinferrell_lv_2022_6,lv_2022_6,clelinferrell_lv_2022,lv_2022,clelinferrell,25955,ed,lv,1,1,,1,0,0,0,0,0,0,0,0,0,0,0,0,0,0,0,0,6,2022,6
dexterlawrence_nyg_2022_6,nyg_2022_6,dexterlawrence_nyg_2022,nyg_2022,dexterlawrence,25991,di,nyg,1,0,3.8,0,0,0,0,0,0,0,0,0,0,0,0,0,0,0,0,0,6,2022,6
maxxcrosby_lv_2022_6,lv_2022_6,maxxcrosby_lv_2022,lv_2022,maxxcrosby,26316,ed,lv,1,0,-1.0,0,0,0,0,0,0,0,0,0,0,0,0,0,0,0,0,0,6,2022,6
benbanogu_ind_2022_6,ind_2022_6,benbanogu_ind_2022,ind_2022,benbanogu,26554,ed,ind,1,0,,0,0,0,0,0,0,0,0,0,0,0,0,0,0,0,0,0,6,2022,6
djreedjr_nyj_2022_6,nyj_2022_6,djreedjr_nyj_2022,nyj_2022,djreedjr,26940,cb,nyj,1,2,3.0,0,0,0,0,0,0,0,0,0,0,0,0,0,0,0,0,0,6,2022,6
isaiahrodgers_ind_2022_6,ind_2022_6,isaiahrodgers_ind_2022,ind_2022,isaiahrodgers,27069,cb,ind,1,0,7.7,0,0,0,0,0,0,0,0,0,0,0,0,0,0,0,0,0,6,2022,6
siranneal_buf_2022_6,buf_2022_6,siranneal_buf_2022,buf_2022,siranneal,27130,cb,buf,1,0,10.0,0,0,0,0,0,0,0,0,0,0,0,0,0,0,0,0,0,6,2022,6
montezsweat_was_2022_6,was_2022_6,montezsweat_was_2022,was_2022,montezsweat,27271,ed,was,1,1,0.0,1,0,0,0,0,0,0,0,0,0,0,0,0,0,0,0,0,6,2022,6
devinbush_pit_2022_6,pit_2022_6,devinbush_pit_2022,pit_2022,devinbush,27375,lb,pit,1,0,5.0,0,0,0,0,0,0,0,0,0,0,0,0,0,0,0,0,0,6,2022,6
michaeldwumfour_hou_2022_6,hou_2022_6,michaeldwumfour_hou_2022,hou_2022,michaeldwumfour,27376,di,hou,1,0,,0,0,0,0,0,0,0,0,0,0,0,0,0,0,0,0,0,6,2022,6
joshuche_ne_2022_6,ne_2022_6,joshuche_ne_2022,ne_2022,joshuche,27379,ed,ne,1,0,,0,0,0,0,0,0,0,0,0,0,0,0,0,0,0,0,0,6,2022,6
armonwatts_chi_2022_6,chi_2022_6,armonwatts_chi_2022,chi_2022,armonwatts,27844,di,chi,1,1,1.5,0,0,0,0,0,0,0,0,0,0,0,0,0,0,0,0,0,6,2022,6
davonhamilton_jax_2022_6,jax_2022_6,davonhamilton_jax_2022,jax_2022,davonhamilton,28072,di,jax,1,1,3.0,0,0,0,0,0,0,0,0,0,0,0,0,0,0,0,0,0,6,2022,6
dremontjones_den_2022_6,den_2022_6,dremontjones_den_2022,den_2022,dremontjones,28075,di,den,1,0,,0,0,0,0,0,0,0,0,0,0,0,0,0,0,0,0,0,6,2022,6
malikharrison_bal_2022_6,bal_2022_6,malikharrison_bal_2022,bal_2022,malikharrison,28081,lb,bal,1,0,3.0,0,0,0,0,0,0,0,0,0,0,0,0,0,0,0,0,0,6,2022,6
jeromebaker_mia_2022_6,mia_2022_6,jeromebaker_mia_2022,mia_2022,jeromebaker,28091,lb,mia,1,1,6.0,0,0,0,0,0,0,0,0,0,0,0,0,0,0,0,0,0,6,2022,6
nevillegallimore_dal_2022_6,dal_2022_6,nevillegallimore_dal_2022,dal_2022,nevillegallimore,28094,di,dal,1,0,4.0,0,0,0,0,0,0,0,0,0,0,0,0,0,0,0,0,0,6,2022,6
kevingivens_sf_2022_6,sf_2022_6,kevingivens_sf_2022,sf_2022,kevingivens,28308,di,sf,1,1,,0,0,0,0,0,0,0,0,0,0,0,0,0,0,0,0,0,6,2022,6
mylesadams_sea_2022_6,sea_2022_6,mylesadams_sea_2022,sea_2022,mylesadams,28430,di,sea,1,0,4.0,0,0,0,0,0,0,0,0,0,0,0,0,0,0,0,0,0,6,2022,6
bilalnichols_lv_2022_6,lv_2022_6,bilalnichols_lv_2022,lv_2022,bilalnichols,28451,di,lv,1,0,-1.0,0,0,0,0,0,0,0,0,0,0,0,0,0,0,0,0,0,6,2022,6
deshonelliott_det_2022_6,det_2022_6,deshonelliott_det_2022,det_2022,deshonelliott,28854,s,det,1,1,7.5,0,0,0,0,0,0,0,0,0,0,0,0,0,0,0,0,0,6,2022,6
jackjones_ne_2022_6,ne_2022_6,jackjones_ne_2022,ne_2022,jackjones,29050,cb,ne,1,0,19.0,0,0,0,0,0,0,0,0,0,0,0,0,0,0,0,0,0,6,2022,6
dariusharris_kc_2022_6,kc_2022_6,dariusharris_kc_2022,kc_2022,dariusharris,29188,lb,kc,1,1,16.3,0,0,0,0,0,0,0,0,0,0,0,0,0,0,0,0,0,6,2022,6
davidlong_ten_2022_6,ten_2022_6,davidlong_ten_2022,ten_2022,davidlong,29367,lb,ten,1,4,2.0,0,0,0,0,0,0,0,0,0,0,0,0,0,0,0,0,0,6,2022,6
germainepratt_cin_2022_6,cin_2022_6,germainepratt_cin_2022,cin_2022,germainepratt,29407,lb,cin,1,3,4.0,0,0,0,0,0,0,0,0,0,0,0,0,0,0,0,0,0,6,2022,6
loganwilson_cin_2022_6,cin_2022_6,loganwilson_cin_2022,cin_2022,loganwilson,29623,lb,cin,1,0,8.5,0,0,0,0,0,0,0,0,0,0,0,0,0,0,0,0,0,6,2022,6
andrewvanginkel_mia_2022_6,mia_2022_6,andrewvanginkel_mia_2022,mia_2022,andrewvanginkel,30267,ed,mia,1,0,1.0,0,0,0,0,0,0,0,0,0,0,0,0,0,0,0,0,0,6,2022,6
tjedwards_phi_2022_6,phi_2022_6,tjedwards_phi_2022,phi_2022,tjedwards,30737,lb,phi,1,2,5.3,0,0,0,0,0,0,0,0,0,0,0,0,0,0,0,0,0,6,2022,6
khalensaunders_kc_2022_6,kc_2022_6,khalensaunders_kc_2022,kc_2022,khalensaunders,31534,di,kc,1,1,2.0,0,0,0,0,0,0,0,0,0,0,0,0,0,0,0,0,0,6,2022,6
abdullahanderson_atl_2022_6,atl_2022_6,abdullahanderson_atl_2022,atl_2022,abdullahanderson,32708,di,atl,1,1,,0,0,0,0,0,0,0,0,0,0,0,0,0,0,0,0,0,6,2022,6
danejackson_buf_2022_6,buf_2022_6,danejackson_buf_2022,buf_2022,danejackson,32989,cb,buf,1,0,,0,0,0,0,0,0,0,0,0,0,0,0,0,0,0,0,0,6,2022,6
robertrochell_lar_2022_6,lar_2022_6,robertrochell_lar_2022,lar_2022,robertrochell,33693,cb,lar,1,0,4.0,0,0,0,0,0,0,0,0,0,0,0,0,0,0,0,0,0,6,2022,6
ericjohnson_ind_2022_6,ind_2022_6,ericjohnson_ind_2022,ind_2022,ericjohnson,33698,di,ind,1,0,,0,0,0,0,0,0,0,0,0,0,0,0,0,0,0,0,0,6,2022,6
nasiradderley_lac_2022_6,lac_2022_6,nasiradderley_lac_2022,lac_2022,nasiradderley,33880,s,lac,1,0,,0,0,0,0,0,0,0,0,0,0,0,0,0,0,0,0,0,6,2022,6
mikehughes_det_2022_6,det_2022_6,mikehughes_det_2022,det_2022,mikehughes,34057,cb,det,1,0,,0,0,0,0,0,0,0,0,0,0,0,0,0,0,0,0,0,6,2022,6
darnellsavage_gb_2022_6,gb_2022_6,darnellsavage_gb_2022,gb_2022,darnellsavage,34247,s,gb,1,0,5.0,0,0,0,0,0,0,0,0,0,0,0,0,0,0,0,0,0,6,2022,6
zackbaun_no_2022_6,no_2022_6,zackbaun_no_2022,no_2022,zackbaun,34632,lb,no,1,0,,0,0,0,0,0,0,0,0,0,0,0,0,0,0,0,0,0,6,2022,6
johnathanabram_lv_2022_6,lv_2022_6,johnathanabram_lv_2022,lv_2022,johnathanabram,34646,s,lv,1,0,,0,0,0,0,0,0,0,0,0,0,0,0,0,0,0,0,0,6,2022,6
akeemdavisgaither_cin_2022_6,cin_2022_6,akeemdavisgaither_cin_2022,cin_2022,akeemdavisgaither,34788,lb,cin,1,0,,0,0,0,0,0,0,0,0,0,0,0,0,0,0,0,0,0,6,2022,6
jameldean_tb_2022_6,tb_2022_6,jameldean_tb_2022,tb_2022,jameldean,34918,cb,tb,1,0,22.5,0,0,0,0,0,0,0,0,0,0,0,0,0,0,0,0,0,6,2022,6
trevisgipson_chi_2022_6,chi_2022_6,trevisgipson_chi_2022,chi_2022,trevisgipson,35241,ed,chi,1,0,1.0,0,0,0,0,0,0,0,0,0,0,0,0,0,0,0,0,0,6,2022,6
taecrowder_nyg_2022_6,nyg_2022_6,taecrowder_nyg_2022,nyg_2022,taecrowder,35774,lb,nyg,1,1,,0,0,0,0,0,0,0,0,0,0,0,0,0,0,0,0,0,6,2022,6
jonasgriffith_den_2022_6,den_2022_6,jonasgriffith_den_2022,den_2022,jonasgriffith,35858,lb,den,1,1,2.0,0,0,0,0,0,0,0,0,0,0,0,0,0,0,0,0,0,6,2022,6
darrelltaylor_sea_2022_6,sea_2022_6,darrelltaylor_sea_2022,sea_2022,darrelltaylor,36001,ed,sea,1,0,2.5,0,0,0,0,0,0,0,0,0,0,0,0,0,0,0,0,0,6,2022,6
austinbryant_det_2022_6,det_2022_6,austinbryant_det_2022,det_2022,austinbryant,36248,ed,det,1,0,1.0,0,0,0,0,0,0,0,0,0,0,0,0,0,0,0,0,0,6,2022,6
shytuttle_no_2022_6,no_2022_6,shytuttle_no_2022,no_2022,shytuttle,37279,di,no,1,0,6.0,0,0,0,0,0,0,0,0,0,0,0,0,0,0,0,0,0,6,2022,6
quintonbell_atl_2022_6,atl_2022_6,quintonbell_atl_2022,atl_2022,quintonbell,37468,ed,atl,1,0,,0,0,0,0,0,0,0,0,0,0,0,0,0,0,0,0,0,6,2022,6
derrektuszka_lac_2022_6,lac_2022_6,derrektuszka_lac_2022,lac_2022,derrektuszka,37724,ed,lac,1,0,,0,0,0,0,0,0,0,0,0,0,0,0,0,0,0,0,0,6,2022,6
camrynbynum_min_2022_6,min_2022_6,camrynbynum_min_2022,min_2022,camrynbynum,38408,s,min,1,0,,0,0,0,0,0,0,0,0,0,0,0,0,0,0,0,0,0,6,2022,6
bryanmone_sea_2022_6,sea_2022_6,bryanmone_sea_2022,sea_2022,bryanmone,38461,di,sea,1,2,3.5,0,0,0,0,0,0,0,0,0,0,0,0,0,0,0,0,0,6,2022,6
caseytoohill_was_2022_6,was_2022_6,caseytoohill_was_2022,was_2022,caseytoohill,38472,ed,was,1,0,4.0,0,0,0,0,0,0,0,0,0,0,0,0,0,0,0,0,0,6,2022,6
matthewadams_chi_2022_6,chi_2022_6,matthewadams_chi_2022,chi_2022,matthewadams,38526,lb,chi,1,0,2.0,0,0,0,0,0,0,0,0,0,0,0,0,0,0,0,0,0,6,2022,6
marquisecopeland_lar_2022_6,lar_2022_6,marquisecopeland_lar_2022,lar_2022,marquisecopeland,38540,di,lar,1,1,1.5,0,0,0,0,0,0,0,0,0,0,0,0,0,0,0,0,0,6,2022,6
ericwilson_gb_2022_6,gb_2022_6,ericwilson_gb_2022,gb_2022,ericwilson,38587,lb,gb,1,0,,0,0,0,0,0,0,0,0,0,0,0,0,0,0,0,0,0,6,2022,6
andrewdowell_no_2022_6,no_2022_6,andrewdowell_no_2022,no_2022,andrewdowell,38956,lb,no,1,0,,0,0,0,0,0,0,0,0,0,0,0,0,0,0,0,0,0,6,2022,6
justinlayne_nyg_2022_6,nyg_2022_6,justinlayne_nyg_2022,nyg_2022,justinlayne,40160,cb,nyg,1,0,8.0,0,0,0,0,0,0,0,0,0,0,0,0,0,0,0,0,0,6,2022,6
ljariussneed_kc_2022_6,kc_2022_6,ljariussneed_kc_2022,kc_2022,ljariussneed,40588,cb,kc,1,0,4.7,0,0,0,0,0,0,0,0,0,0,0,0,0,0,0,0,0,6,2022,6
alohigilman_lac_2022_6,lac_2022_6,alohigilman_lac_2022,lac_2022,alohigilman,41662,s,lac,1,1,11.0,0,0,0,0,0,0,0,0,0,0,0,0,0,0,0,0,0,6,2022,6
trevondiggs_dal_2022_6,dal_2022_6,trevondiggs_dal_2022,dal_2022,trevondiggs,41817,cb,dal,1,0,,0,0,0,0,0,0,0,0,0,0,0,0,0,0,0,0,0,6,2022,6
edoliver_buf_2022_6,buf_2022_6,edoliver_buf_2022,buf_2022,edoliver,42200,di,buf,1,0,,0,0,0,0,0,0,0,0,0,0,0,0,0,0,0,0,0,6,2022,6
divinedeablo_lv_2022_6,lv_2022_6,divinedeablo_lv_2022,lv_2022,divinedeablo,42208,lb,lv,1,1,2.8,0,0,0,0,0,0,0,0,0,0,0,0,0,0,0,0,0,6,2022,6
jonathankongbo_den_2022_6,den_2022_6,jonathankongbo_den_2022,den_2022,jonathankongbo,42433,ed,den,1,0,,0,0,0,0,0,0,0,0,0,0,0,0,0,0,0,0,0,6,2022,6
isaiahsimmons_ari_2022_6,ari_2022_6,isaiahsimmons_ari_2022,ari_2022,isaiahsimmons,42451,lb,ari,1,3,7.8,0,0,0,0,0,0,0,0,0,0,0,0,0,0,0,0,0,6,2022,6
kvonwallace_phi_2022_6,phi_2022_6,kvonwallace_phi_2022,phi_2022,kvonwallace,42467,s,phi,1,0,,0,0,0,0,0,0,0,0,0,0,0,0,0,0,0,0,0,6,2022,6
camerondantzler_min_2022_6,min_2022_6,camerondantzler_min_2022,min_2022,camerondantzler,42472,cb,min,1,0,,0,0,0,0,0,0,0,0,0,0,0,0,0,0,0,0,0,6,2022,6
antoinewinfieldjr_tb_2022_6,tb_2022_6,antoinewinfieldjr_tb_2022,tb_2022,antoinewinfieldjr,42475,s,tb,1,1,4.0,0,0,0,0,0,0,0,0,0,0,0,0,0,0,0,0,0,6,2022,6
tomonfox_nyg_2022_6,nyg_2022_6,tomonfox_nyg_2022,nyg_2022,tomonfox,42486,ed,nyg,1,2,,0,0,0,0,0,0,0,0,0,0,0,0,0,0,0,0,0,6,2022,6
rashadweaver_ten_2022_6,ten_2022_6,rashadweaver_ten_2022,ten_2022,rashadweaver,42495,ed,ten,1,0,1.0,0,0,0,0,0,0,0,0,0,0,0,0,0,0,0,0,0,6,2022,6
shaunbradley_phi_2022_6,phi_2022_6,shaunbradley_phi_2022,phi_2022,shaunbradley,42632,lb,phi,1,0,,0,0,0,0,0,0,0,0,0,0,0,0,0,0,0,0,0,6,2022,6
chaunceygolston_dal_2022_6,dal_2022_6,chaunceygolston_dal_2022,dal_2022,chaunceygolston,42718,di,dal,1,0,,0,0,0,0,0,0,0,0,0,0,0,0,0,0,0,0,0,6,2022,6
nickbosa_sf_2022_6,sf_2022_6,nickbosa_sf_2022,sf_2022,nickbosa,42741,ed,sf,1,1,,0,0,0,0,0,0,0,0,0,0,0,0,0,0,0,0,0,6,2022,6
osaodighizuwa_dal_2022_6,dal_2022_6,osaodighizuwa_dal_2022,dal_2022,osaodighizuwa,42754,di,dal,1,0,-3.0,0,0,0,0,0,0,0,0,0,0,0,0,0,0,0,0,0,6,2022,6
jcjackson_lac_2022_6,lac_2022_6,jcjackson_lac_2022,lac_2022,jcjackson,42781,cb,lac,1,1,,0,0,0,0,0,0,0,0,0,0,0,0,0,0,0,0,0,6,2022,6
chaselucas_det_2022_6,det_2022_6,chaselucas_det_2022,det_2022,chaselucas,42833,s,det,1,0,11.0,0,0,0,0,0,0,0,0,0,0,0,0,0,0,0,0,0,6,2022,6
terrelllewis_lar_2022_6,lar_2022_6,terrelllewis_lar_2022,lar_2022,terrelllewis,42845,ed,lar,1,1,,0,0,0,0,0,0,0,0,0,0,0,0,0,0,0,0,0,6,2022,6
kristianfulton_ten_2022_6,ten_2022_6,kristianfulton_ten_2022,ten_2022,kristianfulton,42894,cb,ten,1,0,1.0,0,0,0,0,0,0,0,0,0,0,0,0,0,0,0,0,0,6,2022,6
rashangary_gb_2022_6,gb_2022_6,rashangary_gb_2022,gb_2022,rashangary,42905,ed,gb,1,0,2.5,0,0,0,0,0,0,0,0,0,0,0,0,0,0,0,0,0,6,2022,6
charvariusward_sf_2022_6,sf_2022_6,charvariusward_sf_2022,sf_2022,charvariusward,43034,cb,sf,1,0,4.0,0,0,0,0,0,0,0,0,0,0,0,0,0,0,0,0,0,6,2022,6
brandonjones_mia_2022_6,mia_2022_6,brandonjones_mia_2022,mia_2022,brandonjones,43049,s,mia,1,4,7.3,0,0,0,0,0,0,0,0,0,0,0,0,0,0,0,0,0,6,2022,6
devinwhite_tb_2022_6,tb_2022_6,devinwhite_tb_2022,tb_2022,devinwhite,43089,lb,tb,1,2,4.0,0,0,0,0,0,0,0,0,0,0,0,0,0,0,0,0,0,6,2022,6
richiegrant_atl_2022_6,atl_2022_6,richiegrant_atl_2022,atl_2022,richiegrant,43196,s,atl,1,0,,0,0,0,0,0,0,0,0,0,0,0,0,0,0,0,0,0,6,2022,6
damarhamlin_buf_2022_6,buf_2022_6,damarhamlin_buf_2022,buf_2022,damarhamlin,43291,s,buf,1,1,0.0,0,0,0,0,0,0,0,0,0,0,0,0,0,0,0,0,0,6,2022,6
mylesbryant_ne_2022_6,ne_2022_6,mylesbryant_ne_2022,ne_2022,mylesbryant,43336,cb,ne,1,0,,0,0,0,0,0,0,0,0,0,0,0,0,0,0,0,0,0,6,2022,6
alexhighsmith_pit_2022_6,pit_2022_6,alexhighsmith_pit_2022,pit_2022,alexhighsmith,43507,ed,pit,1,0,,0,0,0,0,0,0,0,0,0,0,0,0,0,0,0,0,0,6,2022,6
jakehansen_hou_2022_6,hou_2022_6,jakehansen_hou_2022,hou_2022,jakehansen,43645,lb,hou,1,0,,0,0,0,0,0,0,0,0,0,0,0,0,0,0,0,0,0,6,2022,6
jefferysimmons_ten_2022_6,ten_2022_6,jefferysimmons_ten_2022,ten_2022,jefferysimmons,43742,di,ten,1,1,,0,0,0,0,0,0,0,0,0,0,0,0,0,0,0,0,0,6,2022,6
derrickbrown_car_2022_6,car_2022_6,derrickbrown_car_2022,car_2022,derrickbrown,43883,di,car,1,2,0.8,0,0,0,0,0,0,0,0,0,0,0,0,0,0,0,0,0,6,2022,6
timmyhorne_atl_2022_6,atl_2022_6,timmyhorne_atl_2022,atl_2022,timmyhorne,43918,di,atl,1,0,,0,0,0,0,0,0,0,0,0,0,0,0,0,0,0,0,0,6,2022,6
patrickjonesii_min_2022_6,min_2022_6,patrickjonesii_min_2022,min_2022,patrickjonesii,43974,ed,min,1,1,,0,0,0,0,0,0,0,0,0,0,0,0,0,0,0,0,0,6,2022,6
byronmurphyjr_ari_2022_6,ari_2022_6,byronmurphyjr_ari_2022,ari_2022,byronmurphyjr,44027,cb,ari,1,0,,0,0,0,0,0,0,0,0,0,0,0,0,0,0,0,0,0,6,2022,6
benitojones_det_2022_6,det_2022_6,benitojones_det_2022,det_2022,benitojones,44035,di,det,1,0,0.0,0,0,0,0,0,0,0,0,0,0,0,0,0,0,0,0,0,6,2022,6
adetokunboogundeji_atl_2022_6,atl_2022_6,adetokunboogundeji_atl_2022,atl_2022,adetokunboogundeji,44047,ed,atl,1,0,0.0,0,0,0,0,0,0,0,0,0,0,0,0,0,0,0,0,0,6,2022,6
julianokwara_det_2022_6,det_2022_6,julianokwara_det_2022,det_2022,julianokwara,44152,ed,det,1,0,8.0,0,0,0,0,0,0,0,0,0,0,0,0,0,0,0,0,0,6,2022,6
quinnenwilliams_nyj_2022_6,nyj_2022_6,quinnenwilliams_nyj_2022,nyj_2022,quinnenwilliams,44216,di,nyj,1,1,4.5,0,0,0,0,0,0,0,0,0,0,0,0,0,0,0,0,0,6,2022,6
jamirjones_pit_2022_6,pit_2022_6,jamirjones_pit_2022,pit_2022,jamirjones,44287,ed,pit,1,0,,0,0,0,0,0,0,0,0,0,0,0,0,0,0,0,0,0,6,2022,6
justinmadubuike_bal_2022_6,bal_2022_6,justinmadubuike_bal_2022,bal_2022,justinmadubuike,44304,di,bal,1,0,,0,0,0,0,0,0,0,0,0,0,0,0,0,0,0,0,0,6,2022,6
boogiebasham_buf_2022_6,buf_2022_6,boogiebasham_buf_2022,buf_2022,boogiebasham,44320,ed,buf,1,0,,0,0,0,0,0,0,0,0,0,0,0,0,0,0,0,0,0,6,2022,6
naquanjones_ten_2022_6,ten_2022_6,naquanjones_ten_2022,ten_2022,naquanjones,44363,di,ten,1,0,,0,0,0,0,0,0,0,0,0,0,0,0,0,0,0,0,0,6,2022,6
saivionsmith_det_2022_6,det_2022_6,saivionsmith_det_2022,det_2022,saivionsmith,44429,cb,det,1,1,,0,0,0,0,0,0,0,0,0,0,0,0,0,0,0,0,0,6,2022,6
kyzirwhite_phi_2022_6,phi_2022_6,kyzirwhite_phi_2022,phi_2022,kyzirwhite,44485,lb,phi,1,0,4.8,0,0,0,0,0,0,0,0,0,0,0,0,0,0,0,0,0,6,2022,6
trystenhill_dal_2022_6,dal_2022_6,trystenhill_dal_2022,dal_2022,trystenhill,44519,di,dal,1,0,-1.0,0,0,0,0,0,0,0,0,0,0,0,0,0,0,0,0,0,6,2022,6
brianburns_car_2022_6,car_2022_6,brianburns_car_2022,car_2022,brianburns,44522,ed,car,1,1,,0,0,0,0,0,0,0,0,0,0,0,0,0,0,0,0,0,6,2022,6
rossblacklock_min_2022_6,min_2022_6,rossblacklock_min_2022,min_2022,rossblacklock,44526,di,min,1,0,,0,0,0,0,0,0,0,0,0,0,0,0,0,0,0,0,0,6,2022,6
djwonnum_min_2022_6,min_2022_6,djwonnum_min_2022,min_2022,djwonnum,44550,ed,min,1,0,,0,0,0,0,0,0,0,0,0,0,0,0,0,0,0,0,0,6,2022,6
raekwondavis_mia_2022_6,mia_2022_6,raekwondavis_mia_2022,mia_2022,raekwondavis,44582,di,mia,1,0,,0,0,0,0,0,0,0,0,0,0,0,0,0,0,0,0,0,6,2022,6
jonahwilliams_lar_2022_6,lar_2022_6,jonahwilliams_lar_2022,lar_2022,jonahwilliams,44597,di,lar,1,0,,0,0,0,0,0,0,0,0,0,0,0,0,0,0,0,0,0,6,2022,6
lekifotu_ari_2022_6,ari_2022_6,lekifotu_ari_2022,ari_2022,lekifotu,44614,di,ari,1,1,3.0,0,0,0,0,0,0,0,0,0,0,0,0,0,0,0,0,0,6,2022,6
terrellburgess_lar_2022_6,lar_2022_6,terrellburgess_lar_2022,lar_2022,terrellburgess,45255,s,lar,1,2,6.8,0,0,0,0,0,0,0,0,0,0,0,0,0,0,0,0,0,6,2022,6
essangbassey_den_2022_6,den_2022_6,essangbassey_den_2022,den_2022,essangbassey,45258,s,den,1,0,,0,0,0,0,0,0,0,0,0,0,0,0,0,0,0,0,0,6,2022,6
eyiomauwazurike_den_2022_6,den_2022_6,eyiomauwazurike_den_2022,den_2022,eyiomauwazurike,45414,di,den,1,0,3.0,0,0,0,0,0,0,0,0,0,0,0,0,0,0,0,0,0,6,2022,6
zechmcphearson_phi_2022_6,phi_2022_6,zechmcphearson_phi_2022,phi_2022,zechmcphearson,45464,cb,phi,1,0,,0,0,0,0,0,0,0,0,0,0,0,0,0,0,0,0,0,6,2022,6
brandonstephens_bal_2022_6,bal_2022_6,brandonstephens_bal_2022,bal_2022,brandonstephens,45644,cb,bal,1,0,,0,0,0,0,0,0,0,0,0,0,0,0,0,0,0,0,0,6,2022,6
kentaviusstreet_no_2022_6,no_2022_6,kentaviusstreet_no_2022,no_2022,kentaviusstreet,48404,di,no,1,0,3.0,0,0,0,0,0,0,0,0,0,0,0,0,0,0,0,0,0,6,2022,6
anthonynelson_tb_2022_6,tb_2022_6,anthonynelson_tb_2022,tb_2022,anthonynelson,48405,ed,tb,1,0,2.0,0,0,0,0,0,0,0,0,0,0,0,0,0,0,0,0,0,6,2022,6
jamessmithwilliams_was_2022_6,was_2022_6,jamessmithwilliams_was_2022,was_2022,jamessmithwilliams,48455,ed,was,1,0,1.3,0,0,0,0,0,0,0,0,0,0,0,0,0,0,0,0,0,6,2022,6
samhubbard_cin_2022_6,cin_2022_6,samhubbard_cin_2022,cin_2022,samhubbard,48457,ed,cin,1,0,8.0,0,0,0,0,0,0,0,0,0,0,0,0,0,0,0,0,0,6,2022,6
justinhollins_lar_2022_6,lar_2022_6,justinhollins_lar_2022,lar_2022,justinhollins,48498,ed,lar,1,1,5.0,0,0,0,0,0,0,0,0,0,0,0,0,0,0,0,0,0,6,2022,6
carlgranderson_no_2022_6,no_2022_6,carlgranderson_no_2022,no_2022,carlgranderson,48500,ed,no,1,0,-1.3,0,0,0,0,0,0,0,0,0,0,0,0,0,0,0,0,0,6,2022,6
bradleychubb_den_2022_6,den_2022_6,bradleychubb_den_2022,den_2022,bradleychubb,48526,ed,den,1,0,3.0,0,0,0,0,0,0,0,0,0,0,0,0,0,0,0,0,0,6,2022,6
oshaneximines_nyg_2022_6,nyg_2022_6,oshaneximines_nyg_2022,nyg_2022,oshaneximines,48538,ed,nyg,1,0,2.0,0,0,0,0,0,0,0,0,0,0,0,0,0,0,0,0,0,6,2022,6
dorancearmstrong_dal_2022_6,dal_2022_6,dorancearmstrong_dal_2022,dal_2022,dorancearmstrong,48557,ed,dal,1,0,5.0,0,0,0,0,0,0,0,0,0,0,0,0,0,0,0,0,0,6,2022,6
malikreed_pit_2022_6,pit_2022_6,malikreed_pit_2022,pit_2022,malikreed,48567,ed,pit,1,0,,0,0,0,0,0,0,0,0,0,0,0,0,0,0,0,0,0,6,2022,6
roylopez_hou_2022_6,hou_2022_6,roylopez_hou_2022,hou_2022,roylopez,48676,di,hou,1,0,5.0,0,0,0,0,0,0,0,0,0,0,0,0,0,0,0,0,0,6,2022,6
harrisonphillips_min_2022_6,min_2022_6,harrisonphillips_min_2022,min_2022,harrisonphillips,48690,di,min,1,1,2.0,0,0,0,0,0,0,0,0,0,0,0,0,0,0,0,0,0,6,2022,6
daronpayne_was_2022_6,was_2022_6,daronpayne_was_2022,was_2022,daronpayne,48698,di,was,1,1,4.0,0,0,0,0,0,0,0,0,0,0,0,0,0,0,0,0,0,6,2022,6
greggaines_lar_2022_6,lar_2022_6,greggaines_lar_2022,lar_2022,greggaines,48706,di,lar,1,1,1.0,0,0,0,0,0,0,0,0,0,0,0,0,0,0,0,0,0,6,2022,6
rasheemgreen_hou_2022_6,hou_2022_6,rasheemgreen_hou_2022,hou_2022,rasheemgreen,48731,ed,hou,1,0,2.7,0,0,0,0,0,0,0,0,0,0,0,0,0,0,0,0,0,6,2022,6
tavenbryan_cle_2022_6,cle_2022_6,tavenbryan_cle_2022,cle_2022,tavenbryan,48753,di,cle,1,1,0.0,0,0,0,0,0,0,0,0,0,0,0,0,0,0,0,0,0,6,2022,6
deadrinsenat_tb_2022_6,tb_2022_6,deadrinsenat_tb_2022,tb_2022,deadrinsenat,48815,di,tb,1,1,1.5,0,0,0,0,0,0,0,0,0,0,0,0,0,0,0,0,0,6,2022,6
michaeldogbe_ari_2022_6,ari_2022_6,michaeldogbe_ari_2022,ari_2022,michaeldogbe,48850,di,ari,1,0,4.5,0,0,0,0,0,0,0,0,0,0,0,0,0,0,0,0,0,6,2022,6
danielekuale_ne_2022_6,ne_2022_6,danielekuale_ne_2022,ne_2022,danielekuale,48874,di,ne,1,0,,0,0,0,0,0,0,0,0,0,0,0,0,0,0,0,0,0,6,2022,6
poonaford_sea_2022_6,sea_2022_6,poonaford_sea_2022,sea_2022,poonaford,48875,di,sea,1,0,3.7,0,0,0,0,0,0,0,0,0,0,0,0,0,0,0,0,0,6,2022,6
danielwise_was_2022_6,was_2022_6,danielwise_was_2022,was_2022,danielwise,48922,di,was,1,0,,0,0,0,0,0,0,0,0,0,0,0,0,0,0,0,0,0,6,2022,6
justinjones_chi_2022_6,chi_2022_6,justinjones_chi_2022,chi_2022,justinjones,48940,di,chi,1,0,,0,0,0,0,0,0,0,0,0,0,0,0,0,0,0,0,0,6,2022,6
vitavea_tb_2022_6,tb_2022_6,vitavea_tb_2022,tb_2022,vitavea,48956,di,tb,1,0,0.0,0,0,0,0,0,0,0,0,0,0,0,0,0,0,0,0,0,6,2022,6
timsettle_buf_2022_6,buf_2022_6,timsettle_buf_2022,buf_2022,timsettle,48966,di,buf,1,0,,0,0,0,0,0,0,0,0,0,0,0,0,0,0,0,0,0,6,2022,6
kevinstrongjr_ten_2022_6,ten_2022_6,kevinstrongjr_ten_2022,ten_2022,kevinstrongjr,48981,di,ten,1,1,2.0,0,0,0,0,0,0,0,0,0,0,0,0,0,0,0,0,0,6,2022,6
kendalvickers_lv_2022_6,lv_2022_6,kendalvickers_lv_2022,lv_2022,kendalvickers,48993,di,lv,1,1,,0,0,0,0,0,0,0,0,0,0,0,0,0,0,0,0,0,6,2022,6
nickscott_lar_2022_6,lar_2022_6,nickscott_lar_2022,lar_2022,nickscott,49012,s,lar,1,0,,0,0,0,0,0,0,0,0,0,0,0,0,0,0,0,0,0,6,2022,6
justinreid_kc_2022_6,kc_2022_6,justinreid_kc_2022,kc_2022,justinreid,49048,s,kc,1,0,17.0,0,0,0,0,0,0,0,0,0,0,0,0,0,0,0,0,0,6,2022,6
khalekehudson_was_2022_6,was_2022_6,khalekehudson_was_2022,was_2022,khalekehudson,49073,lb,was,1,0,,0,0,0,0,0,0,0,0,0,0,0,0,0,0,0,0,0,6,2022,6
jakegervase_lar_2022_6,lar_2022_6,jakegervase_lar_2022,lar_2022,jakegervase,49103,lb,lar,1,0,,0,0,0,0,0,0,0,0,0,0,0,0,0,0,0,0,0,6,2022,6
jalenthompson_ari_2022_6,ari_2022_6,jalenthompson_ari_2022,ari_2022,jalenthompson,49116,s,ari,1,0,9.5,0,0,0,0,0,0,0,0,0,0,0,0,0,0,0,0,0,6,2022,6
dallinleavitt_gb_2022_6,gb_2022_6,dallinleavitt_gb_2022,gb_2022,dallinleavitt,49120,s,gb,1,0,,0,0,0,0,0,0,0,0,0,0,0,0,0,0,0,0,0,6,2022,6
ryanneal_sea_2022_6,sea_2022_6,ryanneal_sea_2022,sea_2022,ryanneal,49132,s,sea,1,2,9.5,0,0,0,0,0,0,0,0,0,0,0,0,0,0,0,0,0,6,2022,6
myleshartsfield_car_2022_6,car_2022_6,myleshartsfield_car_2022,car_2022,myleshartsfield,49159,s,car,1,0,22.0,0,0,0,0,0,0,0,0,0,0,0,0,0,0,0,0,0,6,2022,6
jessiebatesiii_cin_2022_6,cin_2022_6,jessiebatesiii_cin_2022,cin_2022,jessiebatesiii,49162,s,cin,1,0,11.3,0,0,0,0,0,0,0,0,0,0,0,0,0,0,0,0,0,6,2022,6
jordanwhitehead_nyj_2022_6,nyj_2022_6,jordanwhitehead_nyj_2022,nyj_2022,jordanwhitehead,49196,s,nyj,1,1,1.5,0,0,0,0,0,0,0,0,0,0,0,0,0,0,0,0,0,6,2022,6
ronnieharrison_cle_2022_6,cle_2022_6,ronnieharrison_cle_2022,cle_2022,ronnieharrison,49206,s,cle,1,0,4.0,0,0,0,0,0,0,0,0,0,0,0,0,0,0,0,0,0,6,2022,6
rashadfenton_kc_2022_6,kc_2022_6,rashadfenton_kc_2022,kc_2022,rashadfenton,49329,cb,kc,1,1,,0,0,0,0,0,0,0,0,0,0,0,0,0,0,0,0,0,6,2022,6
carltondavis_tb_2022_6,tb_2022_6,carltondavis_tb_2022,tb_2022,carltondavis,49335,cb,tb,1,0,,0,0,0,0,0,0,0,0,0,0,0,0,0,0,0,0,0,6,2022,6
kindlevildor_chi_2022_6,chi_2022_6,kindlevildor_chi_2022,chi_2022,kindlevildor,49346,cb,chi,1,0,10.0,0,0,0,0,0,0,0,0,0,0,0,0,0,0,0,0,0,6,2022,6
chandonsullivan_min_2022_6,min_2022_6,chandonsullivan_min_2022,min_2022,chandonsullivan,49349,cb,min,1,1,1.0,0,0,0,0,0,0,0,0,0,0,0,0,0,0,0,0,0,6,2022,6
jairealexander_gb_2022_6,gb_2022_6,jairealexander_gb_2022,gb_2022,jairealexander,49350,cb,gb,1,0,1.0,0,0,0,0,0,0,0,0,0,0,0,0,0,0,0,0,0,6,2022,6
chaunceygardnerjohnson_phi_2022_6,phi_2022_6,chaunceygardnerjohnson_phi_2022,phi_2022,chaunceygardnerjohnson,49371,s,phi,1,0,,0,0,0,0,0,0,0,0,0,0,0,0,0,0,0,0,0,6,2022,6
jaylonjones_chi_2022_6,chi_2022_6,jaylonjones_chi_2022,chi_2022,jaylonjones,49374,cb,chi,1,1,2.0,0,0,0,0,0,0,0,0,0,0,0,0,0,0,0,0,0,6,2022,6
dontejackson_car_2022_6,car_2022_6,dontejackson_car_2022,car_2022,dontejackson,49377,cb,car,1,0,3.0,0,0,0,0,0,0,0,0,0,0,0,0,0,0,0,0,0,6,2022,6
cameronlewis_buf_2022_6,buf_2022_6,cameronlewis_buf_2022,buf_2022,cameronlewis,49395,s,buf,1,0,,0,0,0,0,0,0,0,0,0,0,0,0,0,0,0,0,0,6,2022,6
donovanwilson_dal_2022_6,dal_2022_6,donovanwilson_dal_2022,dal_2022,donovanwilson,49408,s,dal,1,1,5.0,0,0,0,0,0,0,0,0,0,0,0,0,0,0,0,0,0,6,2022,6
taronjohnson_buf_2022_6,buf_2022_6,taronjohnson_buf_2022,buf_2022,taronjohnson,49511,cb,buf,1,0,-1.0,0,0,0,0,0,0,0,0,0,0,0,0,0,0,0,0,0,6,2022,6
nickmccloud_nyg_2022_6,nyg_2022_6,nickmccloud_nyg_2022,nyg_2022,nickmccloud,49535,cb,nyg,1,0,,0,0,0,0,0,0,0,0,0,0,0,0,0,0,0,0,0,6,2022,6
denzelward_cle_2022_6,cle_2022_6,denzelward_cle_2022,cle_2022,denzelward,49558,cb,cle,1,0,16.0,0,0,0,0,0,0,0,0,0,0,0,0,0,0,0,0,0,6,2022,6
ashtyndavis_nyj_2022_6,nyj_2022_6,ashtyndavis_nyj_2022,nyj_2022,ashtyndavis,49560,s,nyj,1,0,,0,0,0,0,0,0,0,0,0,0,0,0,0,0,0,0,0,6,2022,6
rockyasin_lv_2022_6,lv_2022_6,rockyasin_lv_2022,lv_2022,rockyasin,49564,cb,lv,1,1,,0,0,0,0,0,0,0,0,0,0,0,0,0,0,0,0,0,6,2022,6
mattdickerson_atl_2022_6,atl_2022_6,mattdickerson_atl_2022,atl_2022,mattdickerson,49601,di,atl,1,0,0.0,0,0,0,0,0,0,0,0,0,0,0,0,0,0,0,0,0,6,2022,6
zachallen_ari_2022_6,ari_2022_6,zachallen_ari_2022,ari_2022,zachallen,49605,di,ari,1,2,1.3,0,0,0,0,0,0,0,0,0,0,0,0,0,0,0,0,0,6,2022,6
coleholcomb_was_2022_6,was_2022_6,coleholcomb_was_2022,was_2022,coleholcomb,49753,lb,was,1,1,2.4,1,0,0,0,0,0,0,0,0,0,0,0,0,0,0,0,0,6,2022,6
zairefranklin_ind_2022_6,ind_2022_6,zairefranklin_ind_2022,ind_2022,zairefranklin,49834,lb,ind,1,2,5.5,0,0,0,0,0,0,0,0,0,0,0,0,0,0,0,0,0,6,2022,6
christianrozeboom_lar_2022_6,lar_2022_6,christianrozeboom_lar_2022,lar_2022,christianrozeboom,49862,lb,lar,1,0,,0,0,0,0,0,0,0,0,0,0,0,0,0,0,0,0,0,6,2022,6
bjhill_cin_2022_6,cin_2022_6,bjhill_cin_2022,cin_2022,bjhill,49894,di,cin,1,1,2.5,0,0,0,0,0,0,0,0,0,0,0,0,0,0,0,0,0,6,2022,6
sebastianjosephday_lac_2022_6,lac_2022_6,sebastianjosephday_lac_2022,lac_2022,sebastianjosephday,49935,di,lac,1,3,0.5,0,0,0,0,0,0,0,0,0,0,0,0,0,0,0,0,0,6,2022,6
jerrytillery_lac_2022_6,lac_2022_6,jerrytillery_lac_2022,lac_2022,jerrytillery,49949,di,lac,1,1,,0,0,0,0,0,0,0,0,0,0,0,0,0,0,0,0,0,6,2022,6
derricknnadi_kc_2022_6,kc_2022_6,derricknnadi_kc_2022,kc_2022,derricknnadi,49970,di,kc,1,1,7.0,0,0,0,0,0,0,0,0,0,0,0,0,0,0,0,0,0,6,2022,6
broderickwashingtonjr_bal_2022_6,bal_2022_6,broderickwashingtonjr_bal_2022,bal_2022,broderickwashingtonjr,50049,di,bal,1,0,2.7,0,0,0,0,0,0,0,0,0,0,0,0,0,0,0,0,0,6,2022,6
uchennanwosu_sea_2022_6,sea_2022_6,uchennanwosu_sea_2022,sea_2022,uchennanwosu,50084,ed,sea,1,1,3.2,0,0,0,0,0,0,0,0,0,0,0,0,0,0,0,0,0,6,2022,6
johnfranklinmyers_nyj_2022_6,nyj_2022_6,johnfranklinmyers_nyj_2022,nyj_2022,johnfranklinmyers,50088,ed,nyj,1,0,3.0,0,0,0,0,0,0,0,0,0,0,0,0,0,0,0,0,0,6,2022,6
joshsweat_phi_2022_6,phi_2022_6,joshsweat_phi_2022,phi_2022,joshsweat,50120,ed,phi,1,0,-4.5,0,0,0,0,0,0,0,0,0,0,0,0,0,0,0,0,0,6,2022,6
lorenzocarter_atl_2022_6,atl_2022_6,lorenzocarter_atl_2022,atl_2022,lorenzocarter,50126,ed,atl,1,1,4.5,0,0,0,0,0,0,0,0,0,0,0,0,0,0,0,0,0,6,2022,6
ogbonniaokoronkwo_hou_2022_6,hou_2022_6,ogbonniaokoronkwo_hou_2022,hou_2022,ogbonniaokoronkwo,50130,ed,hou,1,0,1.0,0,0,0,0,0,0,0,0,0,0,0,0,0,0,0,0,0,6,2022,6
jacobmartin_nyj_2022_6,nyj_2022_6,jacobmartin_nyj_2022,nyj_2022,jacobmartin,50152,ed,nyj,1,0,,0,0,0,0,0,0,0,0,0,0,0,0,0,0,0,0,0,6,2022,6
malcolmroach_no_2022_6,no_2022_6,malcolmroach_no_2022,no_2022,malcolmroach,50191,di,no,1,1,1.0,0,0,0,0,0,0,0,0,0,0,0,0,0,0,0,0,0,6,2022,6
ardenkey_jax_2022_6,jax_2022_6,ardenkey_jax_2022,jax_2022,ardenkey,50201,ed,jax,1,0,,0,0,0,0,0,0,0,0,0,0,0,0,0,0,0,0,0,6,2022,6
orenburks_sf_2022_6,sf_2022_6,orenburks_sf_2022,sf_2022,orenburks,50203,lb,sf,1,0,5.0,0,0,0,0,0,0,0,0,0,0,0,0,0,0,0,0,0,6,2022,6
rashaanevans_atl_2022_6,atl_2022_6,rashaanevans_atl_2022,atl_2022,rashaanevans,50213,lb,atl,1,0,4.5,0,0,0,0,0,0,0,0,0,0,0,0,0,0,0,0,0,6,2022,6
joshallen_jax_2022_6,jax_2022_6,joshallen_jax_2022,jax_2022,joshallen,50235,ed,jax,1,0,-2.0,0,0,0,0,0,0,0,0,0,0,0,0,0,0,0,0,0,6,2022,6
marquishaynes_car_2022_6,car_2022_6,marquishaynes_car_2022,car_2022,marquishaynes,50244,ed,car,1,0,,0,0,0,0,0,0,0,0,0,0,0,0,0,0,0,0,0,6,2022,6
marcusdavenport_no_2022_6,no_2022_6,marcusdavenport_no_2022,no_2022,marcusdavenport,50291,ed,no,1,0,3.5,0,0,0,0,0,0,0,0,0,0,0,0,0,0,0,0,0,6,2022,6
christianwilkins_mia_2022_6,mia_2022_6,christianwilkins_mia_2022,mia_2022,christianwilkins,50293,di,mia,1,1,0.3,0,0,0,0,0,0,0,0,0,0,0,0,0,0,0,0,0,6,2022,6
nikneedham_mia_2022_6,mia_2022_6,nikneedham_mia_2022,mia_2022,nikneedham,50356,cb,mia,1,0,4.0,0,0,0,0,0,0,0,0,0,0,0,0,0,0,0,0,0,6,2022,6
ajgreen_cle_2022_6,cle_2022_6,ajgreen_cle_2022,cle_2022,ajgreen,50394,cb,cle,1,0,,0,0,0,0,0,0,0,0,0,0,0,0,0,0,0,0,0,6,2022,6
jeremyreaves_was_2022_6,was_2022_6,jeremyreaves_was_2022,was_2022,jeremyreaves,50406,s,was,1,0,,0,0,0,0,0,0,0,0,0,0,0,0,0,0,0,0,0,6,2022,6
joshjackson_pit_2022_6,pit_2022_6,joshjackson_pit_2022,pit_2022,joshjackson,50417,cb,pit,1,0,,0,0,0,0,0,0,0,0,0,0,0,0,0,0,0,0,0,6,2022,6
juanthornhill_kc_2022_6,kc_2022_6,juanthornhill_kc_2022,kc_2022,juanthornhill,50426,s,kc,1,1,,0,0,0,0,0,0,0,0,0,0,0,0,0,0,0,0,0,6,2022,6
michaeljackson_sea_2022_6,sea_2022_6,michaeljackson_sea_2022,sea_2022,michaeljackson,50437,cb,sea,1,0,4.0,0,0,0,0,0,0,0,0,0,0,0,0,0,0,0,0,0,6,2022,6
granthaley_lar_2022_6,lar_2022_6,granthaley_lar_2022,lar_2022,granthaley,50473,cb,lar,1,1,,1,0,0,0,0,0,0,0,0,0,0,0,0,0,0,0,0,6,2022,6
mikeford_atl_2022_6,atl_2022_6,mikeford_atl_2022,atl_2022,mikeford,50535,cb,atl,1,0,,0,0,0,0,0,0,0,0,0,0,0,0,0,0,0,0,0,6,2022,6
brandonfacyson_ind_2022_6,ind_2022_6,brandonfacyson_ind_2022,ind_2022,brandonfacyson,50564,cb,ind,1,0,,0,0,0,0,0,0,0,0,0,0,0,0,0,0,0,0,0,6,2022,6
byroncowart_ind_2022_6,ind_2022_6,byroncowart_ind_2022,ind_2022,byroncowart,50588,di,ind,1,0,1.5,0,0,0,0,0,0,0,0,0,0,0,0,0,0,0,0,0,6,2022,6
charlesomenihu_sf_2022_6,sf_2022_6,charlesomenihu_sf_2022,sf_2022,charlesomenihu,50612,ed,sf,1,0,,0,0,0,0,0,0,0,0,0,0,0,0,0,0,0,0,0,6,2022,6
joseyjewell_den_2022_6,den_2022_6,joseyjewell_den_2022,den_2022,joseyjewell,50720,lb,den,1,3,,0,0,0,0,0,0,0,0,0,0,0,0,0,0,0,0,0,6,2022,6
codybarton_sea_2022_6,sea_2022_6,codybarton_sea_2022,sea_2022,codybarton,50727,lb,sea,1,4,5.1,0,0,0,0,0,0,0,0,0,0,0,0,0,0,0,0,0,6,2022,6
jordynbrooks_sea_2022_6,sea_2022_6,jordynbrooks_sea_2022,sea_2022,jordynbrooks,50851,lb,sea,1,4,3.0,0,0,0,0,0,0,0,0,0,0,0,0,0,0,0,0,0,6,2022,6
roquansmith_chi_2022_6,chi_2022_6,roquansmith_chi_2022,chi_2022,roquansmith,50892,lb,chi,1,1,5.0,0,0,0,0,0,0,0,0,0,0,0,0,0,0,0,0,0,6,2022,6
robertspillane_pit_2022_6,pit_2022_6,robertspillane_pit_2022,pit_2022,robertspillane,50918,lb,pit,1,0,,0,0,0,0,0,0,0,0,0,0,0,0,0,0,0,0,0,6,2022,6
leightonvanderesch_dal_2022_6,dal_2022_6,leightonvanderesch_dal_2022,dal_2022,leightonvanderesch,50950,lb,dal,1,1,8.5,0,0,0,0,0,0,0,0,0,0,0,0,0,0,0,0,0,6,2022,6
bobbyokereke_ind_2022_6,ind_2022_6,bobbyokereke_ind_2022,ind_2022,bobbyokereke,50954,lb,ind,1,2,8.7,0,0,0,0,0,0,0,0,0,0,0,0,0,0,0,0,0,6,2022,6
jawhaunbentley_ne_2022_6,ne_2022_6,jawhaunbentley_ne_2022,ne_2022,jawhaunbentley,50966,lb,ne,1,1,2.3,0,0,0,0,0,0,0,0,0,0,0,0,0,0,0,0,0,6,2022,6
tyreldodson_buf_2022_6,buf_2022_6,tyreldodson_buf_2022,buf_2022,tyreldodson,51045,lb,buf,1,1,3.8,0,0,0,0,0,0,0,0,0,0,0,0,0,0,0,0,0,6,2022,6
jahlanitavai_ne_2022_6,ne_2022_6,jahlanitavai_ne_2022,ne_2022,jahlanitavai,51055,lb,ne,1,0,3.3,0,0,0,0,0,0,0,0,0,0,0,0,0,0,0,0,0,6,2022,6
julianlove_nyg_2022_6,nyg_2022_6,julianlove_nyg_2022,nyg_2022,julianlove,51081,s,nyg,1,0,6.5,0,0,0,0,0,0,0,0,0,0,0,0,0,0,0,0,0,6,2022,6
benniemann_ari_2022_6,ari_2022_6,benniemann_ari_2022,ari_2022,benniemann,51099,lb,ari,1,2,2.5,0,0,0,0,0,0,0,0,0,0,0,0,0,0,0,0,0,6,2022,6
andrechachere_phi_2022_6,phi_2022_6,andrechachere_phi_2022,phi_2022,andrechachere,51194,s,phi,1,0,7.0,0,0,0,0,0,0,0,0,0,0,0,0,0,0,0,0,0,6,2022,6
joshuakalu_ten_2022_6,ten_2022_6,joshuakalu_ten_2022,ten_2022,joshuakalu,51203,s,ten,1,0,,0,0,0,0,0,0,0,0,0,0,0,0,0,0,0,0,0,6,2022,6
minkahfitzpatrick_pit_2022_6,pit_2022_6,minkahfitzpatrick_pit_2022,pit_2022,minkahfitzpatrick,51206,s,pit,1,0,,0,0,0,0,0,0,0,0,0,0,0,0,0,0,0,0,0,6,2022,6
fredwarner_sf_2022_6,sf_2022_6,fredwarner_sf_2022,sf_2022,fredwarner,51222,lb,sf,1,1,-1.5,0,0,0,0,0,0,0,0,0,0,0,0,0,0,0,0,0,6,2022,6
druetranquill_lac_2022_6,lac_2022_6,druetranquill_lac_2022,lac_2022,druetranquill,51276,lb,lac,1,3,8.5,0,0,0,0,0,0,0,0,0,0,0,0,0,0,0,0,0,6,2022,6
mikeedwards_tb_2022_6,tb_2022_6,mikeedwards_tb_2022,tb_2022,mikeedwards,51282,s,tb,1,0,,0,0,0,0,0,0,0,0,0,0,0,0,0,0,0,0,0,6,2022,6
seanchandler_car_2022_6,car_2022_6,seanchandler_car_2022,car_2022,seanchandler,51315,s,car,1,0,,0,0,0,0,0,0,0,0,0,0,0,0,0,0,0,0,0,6,2022,6
willharris_det_2022_6,det_2022_6,willharris_det_2022,det_2022,willharris,51336,cb,det,1,0,,0,0,0,0,0,0,0,0,0,0,0,0,0,0,0,0,0,6,2022,6
derwinjames_lac_2022_6,lac_2022_6,derwinjames_lac_2022,lac_2022,derwinjames,51368,s,lac,1,2,6.0,1,0,0,0,0,0,0,0,0,0,0,0,0,0,0,0,0,6,2022,6
marcusepps_phi_2022_6,phi_2022_6,marcusepps_phi_2022,phi_2022,marcusepps,51391,s,phi,1,0,8.3,0,0,0,0,0,0,0,0,0,0,0,0,0,0,0,0,0,6,2022,6
marcellharris_nyj_2022_6,nyj_2022_6,marcellharris_nyj_2022,nyj_2022,marcellharris,51408,lb,nyj,1,1,,0,0,0,0,0,0,0,0,0,0,0,0,0,0,0,0,0,6,2022,6
jaylinnhawkins_atl_2022_6,atl_2022_6,jaylinnhawkins_atl_2022,atl_2022,jaylinnhawkins,51423,s,atl,1,1,13.0,0,0,0,0,0,0,0,0,0,0,0,0,0,0,0,0,0,6,2022,6
jaquanjohnson_buf_2022_6,buf_2022_6,jaquanjohnson_buf_2022,buf_2022,jaquanjohnson,51433,s,buf,1,2,,0,0,0,0,0,0,0,0,0,0,0,0,0,0,0,0,0,6,2022,6
kadenelliss_no_2022_6,no_2022_6,kadenelliss_no_2022,no_2022,kadenelliss,51485,lb,no,1,3,,0,0,0,0,0,0,0,0,0,0,0,0,0,0,0,0,0,6,2022,6
jtgray_no_2022_6,no_2022_6,jtgray_no_2022,no_2022,jtgray,51495,s,no,1,0,,0,0,0,0,0,0,0,0,0,0,0,0,0,0,0,0,0,6,2022,6
dregreenlaw_sf_2022_6,sf_2022_6,dregreenlaw_sf_2022,sf_2022,dregreenlaw,51503,lb,sf,1,1,4.3,0,0,0,0,0,0,0,0,0,0,0,0,0,0,0,0,0,6,2022,6
kennymooreii_ind_2022_6,ind_2022_6,kennymooreii_ind_2022,ind_2022,kennymooreii,51596,cb,ind,1,1,-1.0,0,0,0,0,0,0,0,0,0,0,0,0,0,0,0,0,0,6,2022,6
nicholasmorrow_chi_2022_6,chi_2022_6,nicholasmorrow_chi_2022,chi_2022,nicholasmorrow,51674,lb,chi,1,1,4.3,0,0,0,0,0,0,0,0,0,0,0,0,0,0,0,0,0,6,2022,6
paulsonadebo_no_2022_6,no_2022_6,paulsonadebo_no_2022,no_2022,paulsonadebo,52280,cb,no,1,1,2.0,1,0,0,0,0,0,0,0,0,0,0,0,0,0,0,0,0,6,2022,6
tarronjackson_phi_2022_6,phi_2022_6,tarronjackson_phi_2022,phi_2022,tarronjackson,54410,ed,phi,1,1,,0,0,0,0,0,0,0,0,0,0,0,0,0,0,0,0,0,6,2022,6
malcolmkoonce_lv_2022_6,lv_2022_6,malcolmkoonce_lv_2022,lv_2022,malcolmkoonce,55015,ed,lv,1,0,,0,0,0,0,0,0,0,0,0,0,0,0,0,0,0,0,0,6,2022,6
darrickforrest_was_2022_6,was_2022_6,darrickforrest_was_2022,was_2022,darrickforrest,55087,s,was,1,1,,0,0,0,0,0,0,0,0,0,0,0,0,0,0,0,0,0,6,2022,6
cobybryant_sea_2022_6,sea_2022_6,cobybryant_sea_2022,sea_2022,cobybryant,55088,cb,sea,1,0,,0,0,0,0,0,0,0,0,0,0,0,0,0,0,0,0,0,6,2022,6
boyemafe_sea_2022_6,sea_2022_6,boyemafe_sea_2022,sea_2022,boyemafe,55220,ed,sea,1,0,1.0,0,0,0,0,0,0,0,0,0,0,0,0,0,0,0,0,0,6,2022,6
ajterrell_atl_2022_6,atl_2022_6,ajterrell_atl_2022,atl_2022,ajterrell,55586,cb,atl,1,0,,0,0,0,0,0,0,0,0,0,0,0,0,0,0,0,0,0,6,2022,6
marcowilson_ari_2022_6,ari_2022_6,marcowilson_ari_2022,ari_2022,marcowilson,55592,cb,ari,1,0,-1.0,0,0,0,0,0,0,0,0,0,0,0,0,0,0,0,0,0,6,2022,6
cjhenderson_car_2022_6,car_2022_6,cjhenderson_car_2022,car_2022,cjhenderson,55593,cb,car,1,0,,0,0,0,0,0,0,0,0,0,0,0,0,0,0,0,0,0,6,2022,6
amikrobertson_lv_2022_6,lv_2022_6,amikrobertson_lv_2022,lv_2022,amikrobertson,55619,cb,lv,1,0,,0,0,0,0,0,0,0,0,0,0,0,0,0,0,0,0,0,6,2022,6
josiahscott_phi_2022_6,phi_2022_6,josiahscott_phi_2022,phi_2022,josiahscott,55634,cb,phi,1,0,,0,0,0,0,0,0,0,0,0,0,0,0,0,0,0,0,0,6,2022,6
jeffreyokudah_det_2022_6,det_2022_6,jeffreyokudah_det_2022,det_2022,jeffreyokudah,55674,cb,det,1,0,,0,0,0,0,0,0,0,0,0,0,0,0,0,0,0,0,0,6,2022,6
trenorwood_pit_2022_6,pit_2022_6,trenorwood_pit_2022,pit_2022,trenorwood,55675,s,pit,1,0,,0,0,0,0,0,0,0,0,0,0,0,0,0,0,0,0,0,6,2022,6
deommodorelenoir_sf_2022_6,sf_2022_6,deommodorelenoir_sf_2022,sf_2022,deommodorelenoir,55686,cb,sf,1,1,,0,0,0,0,0,0,0,0,0,0,0,0,0,0,0,0,0,6,2022,6
marcusjones_ne_2022_6,ne_2022_6,marcusjones_ne_2022,ne_2022,marcusjones,55717,cb,ne,1,0,,0,0,0,0,0,0,0,0,0,0,0,0,0,0,0,0,0,6,2022,6
dariouswilliams_jax_2022_6,jax_2022_6,dariouswilliams_jax_2022,jax_2022,dariouswilliams,55724,cb,jax,1,0,,0,0,0,0,0,0,0,0,0,0,0,0,0,0,0,0,0,6,2022,6
jamarcusingram_buf_2022_6,buf_2022_6,jamarcusingram_buf_2022,buf_2022,jamarcusingram,55738,cb,buf,1,0,,0,0,0,0,0,0,0,0,0,0,0,0,0,0,0,0,0,6,2022,6
xaviermckinney_nyg_2022_6,nyg_2022_6,xaviermckinney_nyg_2022,nyg_2022,xaviermckinney,55775,s,nyg,1,1,,0,0,0,0,0,0,0,0,0,0,0,0,0,0,0,0,0,6,2022,6
kamrencurl_was_2022_6,was_2022_6,kamrencurl_was_2022,was_2022,kamrencurl,55800,s,was,1,0,,0,0,0,0,0,0,0,0,0,0,0,0,0,0,0,0,0,6,2022,6
ericstokes_gb_2022_6,gb_2022_6,ericstokes_gb_2022,gb_2022,ericstokes,55912,cb,gb,1,1,10.0,0,0,0,0,0,0,0,0,0,0,0,0,0,0,0,0,0,6,2022,6
bryancook_kc_2022_6,kc_2022_6,bryancook_kc_2022,kc_2022,bryancook,55940,s,kc,1,1,,0,0,0,0,0,0,0,0,0,0,0,0,0,0,0,0,0,6,2022,6
natehobbs_lv_2022_6,lv_2022_6,natehobbs_lv_2022,lv_2022,natehobbs,55948,cb,lv,1,1,18.5,0,0,0,0,0,0,0,0,0,0,0,0,0,0,0,0,0,6,2022,6
genostone_bal_2022_6,bal_2022_6,genostone_bal_2022,bal_2022,genostone,55967,s,bal,1,0,10.0,0,0,0,0,0,0,0,0,0,0,0,0,0,0,0,0,0,6,2022,6
ajparker_det_2022_6,det_2022_6,ajparker_det_2022,det_2022,ajparker,55983,cb,det,1,0,5.0,0,0,0,0,0,0,0,0,0,0,0,0,0,0,0,0,0,6,2022,6
benjaminstjuste_was_2022_6,was_2022_6,benjaminstjuste_was_2022,was_2022,benjaminstjuste,56061,cb,was,1,0,8.0,0,0,0,0,0,0,0,0,0,0,0,0,0,0,0,0,0,6,2022,6
reedblankenship_phi_2022_6,phi_2022_6,reedblankenship_phi_2022,phi_2022,reedblankenship,56065,s,phi,1,1,,0,0,0,0,0,0,0,0,0,0,0,0,0,0,0,0,0,6,2022,6
damarrimathis_den_2022_6,den_2022_6,damarrimathis_den_2022,den_2022,damarrimathis,56143,cb,den,1,0,,0,0,0,0,0,0,0,0,0,0,0,0,0,0,0,0,0,6,2022,6
keiseannixon_gb_2022_6,gb_2022_6,keiseannixon_gb_2022,gb_2022,keiseannixon,56167,cb,gb,1,0,,0,0,0,0,0,0,0,0,0,0,0,0,0,0,0,0,0,6,2022,6
ifeatumelifonwu_det_2022_6,det_2022_6,ifeatumelifonwu_det_2022,det_2022,ifeatumelifonwu,56203,s,det,1,0,,0,0,0,0,0,0,0,0,0,0,0,0,0,0,0,0,0,6,2022,6
darnayholmes_nyg_2022_6,nyg_2022_6,darnayholmes_nyg_2022,nyg_2022,darnayholmes,56247,cb,nyg,1,0,,0,0,0,0,0,0,0,0,0,0,0,0,0,0,0,0,0,6,2022,6
keithtaylor_car_2022_6,car_2022_6,keithtaylor_car_2022,car_2022,keithtaylor,56289,cb,car,1,0,,0,0,0,0,0,0,0,0,0,0,0,0,0,0,0,0,0,6,2022,6
chrisrumphii_lac_2022_6,lac_2022_6,chrisrumphii_lac_2022,lac_2022,chrisrumphii,56345,ed,lac,1,0,,0,0,0,0,0,0,0,0,0,0,0,0,0,0,0,0,0,6,2022,6
victordimukeje_ari_2022_6,ari_2022_6,victordimukeje_ari_2022,ari_2022,victordimukeje,56347,ed,ari,1,0,2.5,0,0,0,0,0,0,0,0,0,0,0,0,0,0,0,0,0,6,2022,6
zacharycarter_cin_2022_6,cin_2022_6,zacharycarter_cin_2022,cin_2022,zacharycarter,56349,di,cin,1,0,,0,0,0,0,0,0,0,0,0,0,0,0,0,0,0,0,0,6,2022,6
ajepenesa_buf_2022_6,buf_2022_6,ajepenesa_buf_2022,buf_2022,ajepenesa,56369,ed,buf,1,0,,1,0,0,0,0,0,0,0,0,0,0,0,0,0,0,0,0,6,2022,6
neilfarrelljr_lv_2022_6,lv_2022_6,neilfarrelljr_lv_2022,lv_2022,neilfarrelljr,56401,di,lv,1,0,2.0,0,0,0,0,0,0,0,0,0,0,0,0,0,0,0,0,0,6,2022,6
yeturgrossmatos_car_2022_6,car_2022_6,yeturgrossmatos_car_2022,car_2022,yeturgrossmatos,56444,ed,car,1,0,-1.0,0,0,0,0,0,0,0,0,0,0,0,0,0,0,0,0,0,6,2022,6
cameronsample_cin_2022_6,cin_2022_6,cameronsample_cin_2022,cin_2022,cameronsample,56462,ed,cin,1,0,1.0,0,0,0,0,0,0,0,0,0,0,0,0,0,0,0,0,0,6,2022,6
matthenningsen_den_2022_6,den_2022_6,matthenningsen_den_2022,den_2022,matthenningsen,56484,di,den,1,0,4.5,0,0,0,0,0,0,0,0,0,0,0,0,0,0,0,0,0,6,2022,6
isaiahbuggs_det_2022_6,det_2022_6,isaiahbuggs_det_2022,det_2022,isaiahbuggs,56503,di,det,1,2,2.7,0,0,0,0,0,0,0,0,0,0,0,0,0,0,0,0,0,6,2022,6
demetriustaylor_det_2022_6,det_2022_6,demetriustaylor_det_2022,det_2022,demetriustaylor,56513,di,det,1,0,,0,0,0,0,0,0,0,0,0,0,0,0,0,0,0,0,0,6,2022,6
tedarrellslaton_gb_2022_6,gb_2022_6,tedarrellslaton_gb_2022,gb_2022,tedarrellslaton,56597,di,gb,1,1,3.0,0,0,0,0,0,0,0,0,0,0,0,0,0,0,0,0,0,6,2022,6
malikherring_kc_2022_6,kc_2022_6,malikherring_kc_2022,kc_2022,malikherring,56616,ed,kc,1,0,8.0,0,0,0,0,0,0,0,0,0,0,0,0,0,0,0,0,0,6,2022,6
philhoskins_car_2022_6,car_2022_6,philhoskins_car_2022,car_2022,philhoskins,56672,di,car,1,0,,0,0,0,0,0,0,0,0,0,0,0,0,0,0,0,0,0,6,2022,6
miltonwilliams_phi_2022_6,phi_2022_6,miltonwilliams_phi_2022,phi_2022,miltonwilliams,56682,di,phi,1,0,,0,0,0,0,0,0,0,0,0,0,0,0,0,0,0,0,0,6,2022,6
jonathangarvin_gb_2022_6,gb_2022_6,jonathangarvin_gb_2022,gb_2022,jonathangarvin,56703,ed,gb,1,0,,0,0,0,0,0,0,0,0,0,0,0,0,0,0,0,0,0,6,2022,6
kwitypaye_ind_2022_6,ind_2022_6,kwitypaye_ind_2022,ind_2022,kwitypaye,56713,ed,ind,1,0,,0,0,0,0,0,0,0,0,0,0,0,0,0,0,0,0,0,6,2022,6
jordanelliott_cle_2022_6,cle_2022_6,jordanelliott_cle_2022,cle_2022,jordanelliott,56734,di,cle,1,1,4.0,0,0,0,0,0,0,0,0,0,0,0,0,0,0,0,0,0,6,2022,6
kurthinish_hou_2022_6,hou_2022_6,kurthinish_hou_2022,hou_2022,kurthinish,56787,di,hou,1,0,,0,0,0,0,0,0,0,0,0,0,0,0,0,0,0,0,0,6,2022,6
isaiahthomas_cle_2022_6,cle_2022_6,isaiahthomas_cle_2022,cle_2022,isaiahthomas,56798,ed,cle,1,0,,0,0,0,0,0,0,0,0,0,0,0,0,0,0,0,0,0,6,2022,6
arnoldebiketie_atl_2022_6,atl_2022_6,arnoldebiketie_atl_2022,atl_2022,arnoldebiketie,56862,ed,atl,1,0,5.0,0,0,0,0,0,0,0,0,0,0,0,0,0,0,0,0,0,6,2022,6
taquongraham_atl_2022_6,atl_2022_6,taquongraham_atl_2022,atl_2022,taquongraham,56868,di,atl,1,0,2.0,0,0,0,0,0,0,0,0,0,0,0,0,0,0,0,0,0,6,2022,6
michealclemons_nyj_2022_6,nyj_2022_6,michealclemons_nyj_2022,nyj_2022,michealclemons,56872,ed,nyj,1,0,5.0,0,0,0,0,0,0,0,0,0,0,0,0,0,0,0,0,0,6,2022,6
jaelanphillips_mia_2022_6,mia_2022_6,jaelanphillips_mia_2022,mia_2022,jaelanphillips,56902,ed,mia,1,1,6.7,0,0,0,0,0,0,0,0,0,0,0,0,0,0,0,0,0,6,2022,6
dayoodeyingbo_ind_2022_6,ind_2022_6,dayoodeyingbo_ind_2022,ind_2022,dayoodeyingbo,56923,ed,ind,1,0,4.5,0,0,0,0,0,0,0,0,0,0,0,0,0,0,0,0,0,6,2022,6
jameslynch_min_2022_6,min_2022_6,jameslynch_min_2022,min_2022,jameslynch,56962,di,min,1,0,1.0,0,0,0,0,0,0,0,0,0,0,0,0,0,0,0,0,0,6,2022,6
marlontuipulotu_phi_2022_6,phi_2022_6,marlontuipulotu_phi_2022,phi_2022,marlontuipulotu,57035,di,phi,1,1,8.0,0,0,0,0,0,0,0,0,0,0,0,0,0,0,0,0,0,6,2022,6
troyandersen_atl_2022_6,atl_2022_6,troyandersen_atl_2022,atl_2022,troyandersen,57317,lb,atl,1,0,1.0,0,0,0,0,0,0,0,0,0,0,0,0,0,0,0,0,0,6,2022,6
jalenpitre_hou_2022_6,hou_2022_6,jalenpitre_hou_2022,hou_2022,jalenpitre,57737,s,hou,1,0,7.0,0,0,0,0,0,0,0,0,0,0,0,0,0,0,0,0,0,6,2022,6
terrelbernard_buf_2022_6,buf_2022_6,terrelbernard_buf_2022,buf_2022,terrelbernard,57739,lb,buf,1,1,12.0,0,0,0,0,0,0,0,0,0,0,0,0,0,0,0,0,0,6,2022,6
isaiahmcduffie_gb_2022_6,gb_2022_6,isaiahmcduffie_gb_2022,gb_2022,isaiahmcduffie,57754,lb,gb,1,0,,0,0,0,0,0,0,0,0,0,0,0,0,0,0,0,0,0,6,2022,6
baylonspector_buf_2022_6,buf_2022_6,baylonspector_buf_2022,buf_2022,baylonspector,57782,lb,buf,1,0,,0,0,0,0,0,0,0,0,0,0,0,0,0,0,0,0,0,6,2022,6
natelandman_atl_2022_6,atl_2022_6,natelandman_atl_2022,atl_2022,natelandman,57788,lb,atl,1,0,,0,0,0,0,0,0,0,0,0,0,0,0,0,0,0,0,0,6,2022,6
mykalwalker_atl_2022_6,atl_2022_6,mykalwalker_atl_2022,atl_2022,mykalwalker,57834,lb,atl,1,2,4.0,0,0,0,0,0,0,0,0,0,0,0,0,0,0,0,0,0,6,2022,6
kyronjohnson_phi_2022_6,phi_2022_6,kyronjohnson_phi_2022,phi_2022,kyronjohnson,57890,ed,phi,1,0,,0,0,0,0,0,0,0,0,0,0,0,0,0,0,0,0,0,6,2022,6
jamindavis_was_2022_6,was_2022_6,jamindavis_was_2022,was_2022,jamindavis,57905,lb,was,1,2,9.0,0,0,0,0,0,0,0,0,0,0,0,0,0,0,0,0,0,6,2022,6
patrickqueen_bal_2022_6,bal_2022_6,patrickqueen_bal_2022,bal_2022,patrickqueen,57941,lb,bal,1,1,7.0,0,0,0,0,0,0,0,0,0,0,0,0,0,0,0,0,0,6,2022,6
jacobphillips_cle_2022_6,cle_2022_6,jacobphillips_cle_2022,cle_2022,jacobphillips,57942,lb,cle,1,2,4.4,0,0,0,0,0,0,0,0,0,0,0,0,0,0,0,0,0,6,2022,6
jeremiahowusukoramoah_cle_2022_6,cle_2022_6,jeremiahowusukoramoah_cle_2022,cle_2022,jeremiahowusukoramoah,58089,lb,cle,1,1,2.0,0,0,0,0,0,0,0,0,0,0,0,0,0,0,0,0,0,6,2022,6
petewerner_no_2022_6,no_2022_6,petewerner_no_2022,no_2022,petewerner,58093,lb,no,1,2,,0,0,0,0,0,0,0,0,0,0,0,0,0,0,0,0,0,6,2022,6
baronbrowning_den_2022_6,den_2022_6,baronbrowning_den_2022,den_2022,baronbrowning,58095,ed,den,1,0,-0.5,1,0,0,0,0,0,0,0,0,0,0,0,0,0,0,0,0,6,2022,6
kennethmurray_lac_2022_6,lac_2022_6,kennethmurray_lac_2022,lac_2022,kennethmurray,58099,lb,lac,1,1,5.0,1,0,0,0,0,0,0,0,0,0,0,0,0,0,0,0,0,6,2022,6
derrickbarnes_det_2022_6,det_2022_6,derrickbarnes_det_2022,det_2022,derrickbarnes,58120,lb,det,1,0,1.0,0,0,0,0,0,0,0,0,0,0,0,0,0,0,0,0,0,6,2022,6
devinlloyd_jax_2022_6,jax_2022_6,devinlloyd_jax_2022,jax_2022,devinlloyd,58238,lb,jax,1,2,4.3,0,0,0,0,0,0,0,0,0,0,0,0,0,0,0,0,0,6,2022,6
joetryonshoyinka_tb_2022_6,tb_2022_6,joetryonshoyinka_tb_2022,tb_2022,joetryonshoyinka,58272,ed,tb,1,0,,0,0,0,0,0,0,0,0,0,0,0,0,0,0,0,0,0,6,2022,6
tylershelvin_cin_2022_6,cin_2022_6,tylershelvin_cin_2022,cin_2022,tylershelvin,58438,di,cin,1,0,,0,0,0,0,0,0,0,0,0,0,0,0,0,0,0,0,0,6,2022,6
michaelcarterii_nyj_2022_6,nyj_2022_6,michaelcarterii_nyj_2022,nyj_2022,michaelcarterii,60644,cb,nyj,1,1,3.0,0,0,0,0,0,0,0,0,0,0,0,0,0,0,0,0,0,6,2022,6
jamespierre_pit_2022_6,pit_2022_6,jamespierre_pit_2022,pit_2022,jamespierre,60649,cb,pit,1,0,,0,0,0,0,0,0,0,0,0,0,0,0,0,0,0,0,0,6,2022,6
grantdelpit_cle_2022_6,cle_2022_6,grantdelpit_cle_2022,cle_2022,grantdelpit,60685,s,cle,1,3,6.8,0,0,0,0,0,0,0,0,0,0,0,0,0,0,0,0,0,6,2022,6
malcolmrodriguez_det_2022_6,det_2022_6,malcolmrodriguez_det_2022,det_2022,malcolmrodriguez,60731,lb,det,1,0,6.7,0,0,0,0,0,0,0,0,0,0,0,0,0,0,0,0,0,6,2022,6
darrenhall_atl_2022_6,atl_2022_6,darrenhall_atl_2022,atl_2022,darrenhall,60742,cb,atl,1,0,,0,0,0,0,0,0,0,0,0,0,0,0,0,0,0,0,0,6,2022,6
garretwallow_hou_2022_6,hou_2022_6,garretwallow_hou_2022,hou_2022,garretwallow,60761,lb,hou,1,0,-3.0,0,0,0,0,0,0,0,0,0,0,0,0,0,0,0,0,0,6,2022,6
noahigbinoghene_mia_2022_6,mia_2022_6,noahigbinoghene_mia_2022,mia_2022,noahigbinoghene,61155,cb,mia,1,0,,0,0,0,0,0,0,0,0,0,0,0,0,0,0,0,0,0,6,2022,6
dominiquerobinson_chi_2022_6,chi_2022_6,dominiquerobinson_chi_2022,chi_2022,dominiquerobinson,61436,ed,chi,1,0,1.7,0,0,0,0,0,0,0,0,0,0,0,0,0,0,0,0,0,6,2022,6
tariqwoolen_sea_2022_6,sea_2022_6,tariqwoolen_sea_2022,sea_2022,tariqwoolen,61790,cb,sea,1,0,3.5,0,0,0,0,0,0,0,0,0,0,0,0,0,0,0,0,0,6,2022,6
calebfarley_ten_2022_6,ten_2022_6,calebfarley_ten_2022,ten_2022,calebfarley,61803,cb,ten,1,0,,0,0,0,0,0,0,0,0,0,0,0,0,0,0,0,0,0,6,2022,6
tariqcarpenter_gb_2022_6,gb_2022_6,tariqcarpenter_gb_2022,gb_2022,tariqcarpenter,62987,s,gb,1,0,,0,0,0,0,0,0,0,0,0,0,0,0,0,0,0,0,0,6,2022,6
samuelwomack_sf_2022_6,sf_2022_6,samuelwomack_sf_2022,sf_2022,samuelwomack,65771,cb,sf,1,0,,0,0,0,0,0,0,0,0,0,0,0,0,0,0,0,0,0,6,2022,6
johnridgeway_was_2022_6,was_2022_6,johnridgeway_was_2022,was_2022,johnridgeway,66694,di,was,1,1,2.0,0,0,0,0,0,0,0,0,0,0,0,0,0,0,0,0,0,6,2022,6
zyonmccollum_tb_2022_6,tb_2022_6,zyonmccollum_tb_2022,tb_2022,zyonmccollum,66769,cb,tb,1,0,,0,0,0,0,0,0,0,0,0,0,0,0,0,0,0,0,0,6,2022,6
zachsieler_mia_2022_6,mia_2022_6,zachsieler_mia_2022,mia_2022,zachsieler,66917,di,mia,1,0,1.0,0,0,0,0,0,0,0,0,0,0,0,0,0,0,0,0,0,6,2022,6
dennisgardeck_ari_2022_6,ari_2022_6,dennisgardeck_ari_2022,ari_2022,dennisgardeck,66928,ed,ari,1,0,2.0,0,0,0,0,0,0,0,0,0,0,0,0,0,0,0,0,0,6,2022,6
jonathanowens_hou_2022_6,hou_2022_6,jonathanowens_hou_2022,hou_2022,jonathanowens,66930,s,hou,1,0,24.0,0,0,0,0,0,0,0,0,0,0,0,0,0,0,0,0,0,6,2022,6
drakejackson_sf_2022_6,sf_2022_6,drakejackson_sf_2022,sf_2022,drakejackson,70839,ed,sf,1,0,,0,0,0,0,0,0,0,0,0,0,0,0,0,0,0,0,0,6,2022,6
chadmuma_jax_2022_6,jax_2022_6,chadmuma_jax_2022,jax_2022,chadmuma,75818,lb,jax,1,1,,0,0,0,0,0,0,0,0,0,0,0,0,0,0,0,0,0,6,2022,6
asantesamueljr_lac_2022_6,lac_2022_6,asantesamueljr_lac_2022,lac_2022,asantesamueljr,76625,cb,lac,1,0,29.0,0,0,0,0,0,0,0,0,0,0,0,0,0,0,0,0,0,6,2022,6
andrecisco_jax_2022_6,jax_2022_6,andrecisco_jax_2022,jax_2022,andrecisco,76641,s,jax,1,0,,0,0,0,0,0,0,0,0,0,0,0,0,0,0,0,0,0,6,2022,6
cadensterns_den_2022_6,den_2022_6,cadensterns_den_2022,den_2022,cadensterns,76725,s,den,1,2,,0,0,0,0,0,0,0,0,0,0,0,0,0,0,0,0,0,6,2022,6
gregoryrousseau_buf_2022_6,buf_2022_6,gregoryrousseau_buf_2022,buf_2022,gregoryrousseau,76889,ed,buf,1,0,,0,0,0,0,0,0,0,0,0,0,0,0,0,0,0,0,0,6,2022,6
travisjones_bal_2022_6,bal_2022_6,travisjones_bal_2022,bal_2022,travisjones,76914,di,bal,1,0,,0,0,0,0,0,0,0,0,0,0,0,0,0,0,0,0,0,6,2022,6
loganhall_tb_2022_6,tb_2022_6,loganhall_tb_2022,tb_2022,loganhall,76919,di,tb,1,0,0.5,0,0,0,0,0,0,0,0,0,0,0,0,0,0,0,0,0,6,2022,6
alimmcneill_det_2022_6,det_2022_6,alimmcneill_det_2022,det_2022,alimmcneill,76996,di,det,1,0,-0.5,0,0,0,0,0,0,0,0,0,0,0,0,0,0,0,0,0,6,2022,6
zavencollins_ari_2022_6,ari_2022_6,zavencollins_ari_2022,ari_2022,zavencollins,77190,lb,ari,1,1,2.5,0,0,0,0,0,0,0,0,0,0,0,0,0,0,0,0,0,6,2022,6
nikbonitto_den_2022_6,den_2022_6,nikbonitto_den_2022,den_2022,nikbonitto,77196,ed,den,1,0,,0,0,0,0,0,0,0,0,0,0,0,0,0,0,0,0,0,6,2022,6
josephossai_cin_2022_6,cin_2022_6,josephossai_cin_2022,cin_2022,josephossai,77205,ed,cin,1,0,,0,0,0,0,0,0,0,0,0,0,0,0,0,0,0,0,0,6,2022,6
trevonmoehrig_lv_2022_6,lv_2022_6,trevonmoehrig_lv_2022,lv_2022,trevonmoehrig,77847,s,lv,1,0,,0,0,0,0,0,0,0,0,0,0,0,0,0,0,0,0,0,6,2022,6
derionkendrick_lar_2022_6,lar_2022_6,derionkendrick_lar_2022,lar_2022,derionkendrick,78022,cb,lar,1,0,9.0,0,0,0,0,0,0,0,0,0,0,0,0,0,0,0,0,0,6,2022,6
micahmcfadden_nyg_2022_6,nyg_2022_6,micahmcfadden_nyg_2022,nyg_2022,micahmcfadden,81246,lb,nyg,1,0,3.0,0,0,0,0,0,0,0,0,0,0,0,0,0,0,0,0,0,6,2022,6
nickbolton_kc_2022_6,kc_2022_6,nickbolton_kc_2022,kc_2022,nickbolton,81322,lb,kc,1,1,3.7,0,0,0,0,0,0,0,0,0,0,0,0,0,0,0,0,0,6,2022,6
micahparsons_dal_2022_6,dal_2022_6,micahparsons_dal_2022,dal_2022,micahparsons,81360,ed,dal,1,1,4.0,0,0,0,0,0,0,0,0,0,0,0,0,0,0,0,0,0,6,2022,6
ernestjones_lar_2022_6,lar_2022_6,ernestjones_lar_2022,lar_2022,ernestjones,81399,lb,lar,1,1,4.0,0,0,0,0,0,0,0,0,0,0,0,0,0,0,0,0,0,6,2022,6
odafeoweh_bal_2022_6,bal_2022_6,odafeoweh_bal_2022,bal_2022,odafeoweh,82161,ed,bal,1,1,-2.0,0,0,0,0,0,0,0,0,0,0,0,0,0,0,0,0,0,6,2022,6
christianbarmore_ne_2022_6,ne_2022_6,christianbarmore_ne_2022,ne_2022,christianbarmore,82198,di,ne,1,2,2.5,0,0,0,0,0,0,0,0,0,0,0,0,0,0,0,0,0,6,2022,6
teairtart_ten_2022_6,ten_2022_6,teairtart_ten_2022,ten_2022,teairtart,82261,di,ten,1,1,1.5,0,0,0,0,0,0,0,0,0,0,0,0,0,0,0,0,0,6,2022,6
marquanmccall_car_2022_6,car_2022_6,marquanmccall_car_2022,car_2022,marquanmccall,82301,di,car,1,0,1.0,0,0,0,0,0,0,0,0,0,0,0,0,0,0,0,0,0,6,2022,6
aidanhutchinson_det_2022_6,det_2022_6,aidanhutchinson_det_2022,det_2022,aidanhutchinson,82330,ed,det,1,0,1.0,0,0,0,0,0,0,0,0,0,0,0,0,0,0,0,0,0,6,2022,6
cameronthomas_ari_2022_6,ari_2022_6,cameronthomas_ari_2022,ari_2022,cameronthomas,82387,ed,ari,1,1,6.0,0,0,0,0,0,0,0,0,0,0,0,0,0,0,0,0,0,6,2022,6
kingsleyenagbare_gb_2022_6,gb_2022_6,kingsleyenagbare_gb_2022,gb_2022,kingsleyenagbare,82409,ed,gb,1,0,,0,0,0,0,0,0,0,0,0,0,0,0,0,0,0,0,0,6,2022,6
daviyonnixon_car_2022_6,car_2022_6,daviyonnixon_car_2022,car_2022,daviyonnixon,82488,di,car,1,0,5.0,0,0,0,0,0,0,0,0,0,0,0,0,0,0,0,0,0,6,2022,6
tommytogiai_cle_2022_6,cle_2022_6,tommytogiai_cle_2022,cle_2022,tommytogiai,82501,di,cle,1,0,3.0,0,0,0,0,0,0,0,0,0,0,0,0,0,0,0,0,0,6,2022,6
quaywalker_gb_2022_6,gb_2022_6,quaywalker_gb_2022,gb_2022,quaywalker,82547,lb,gb,1,1,,0,0,0,0,0,0,0,0,0,0,0,0,0,0,0,0,0,6,2022,6
channingtindall_mia_2022_6,mia_2022_6,channingtindall_mia_2022,mia_2022,channingtindall,82548,lb,mia,1,0,,0,0,0,0,0,0,0,0,0,0,0,0,0,0,0,0,0,6,2022,6
rachadwildgoose_was_2022_6,was_2022_6,rachadwildgoose_was_2022,was_2022,rachadwildgoose,83111,cb,was,1,1,1.0,0,0,0,0,0,0,0,0,0,0,0,0,0,0,0,0,0,6,2022,6
patricksurtainii_den_2022_6,den_2022_6,patricksurtainii_den_2022,den_2022,patricksurtainii,83119,cb,den,1,0,,0,0,0,0,0,0,0,0,0,0,0,0,0,0,0,0,0,6,2022,6
joshjobe_phi_2022_6,phi_2022_6,joshjobe_phi_2022,phi_2022,joshjobe,83122,cb,phi,1,0,,0,0,0,0,0,0,0,0,0,0,0,0,0,0,0,0,0,6,2022,6
rogermccreary_ten_2022_6,ten_2022_6,rogermccreary_ten_2022,ten_2022,rogermccreary,83176,cb,ten,1,0,,0,0,0,0,0,0,0,0,0,0,0,0,0,0,0,0,0,6,2022,6
tysoncampbell_jax_2022_6,jax_2022_6,tysoncampbell_jax_2022,jax_2022,tysoncampbell,83217,cb,jax,1,3,12.0,1,0,0,0,0,0,0,0,0,0,0,0,0,0,0,0,0,6,2022,6
kerbyjoseph_det_2022_6,det_2022_6,kerbyjoseph_det_2022,det_2022,kerbyjoseph,83239,s,det,1,1,,0,0,0,0,0,0,0,0,0,0,0,0,0,0,0,0,0,6,2022,6
gregnewsomeii_cle_2022_6,cle_2022_6,gregnewsomeii_cle_2022,cle_2022,gregnewsomeii,83341,cb,cle,1,1,71.0,0,0,0,0,0,0,0,0,0,0,0,0,0,0,0,0,0,6,2022,6
jayceehorn_car_2022_6,car_2022_6,jayceehorn_car_2022,car_2022,jayceehorn,83375,cb,car,1,0,,0,0,0,0,0,0,0,0,0,0,0,0,0,0,0,0,0,6,2022,6
brycethompson_no_2022_6,no_2022_6,brycethompson_no_2022,no_2022,brycethompson,83392,s,no,1,0,,0,0,0,0,0,0,0,0,0,0,0,0,0,0,0,0,0,6,2022,6
kylergordon_chi_2022_6,chi_2022_6,kylergordon_chi_2022,chi_2022,kylergordon,83451,cb,chi,1,1,15.0,0,0,0,0,0,0,0,0,0,0,0,0,0,0,0,0,0,6,2022,6
jevonholland_mia_2022_6,mia_2022_6,jevonholland_mia_2022,mia_2022,jevonholland,83873,s,mia,1,1,14.0,0,0,0,0,0,0,0,0,0,0,0,0,0,0,0,0,0,6,2022,6
talanoahufanga_sf_2022_6,sf_2022_6,talanoahufanga_sf_2022,sf_2022,talanoahufanga,83903,s,sf,1,1,1.0,0,0,0,0,0,0,0,0,0,0,0,0,0,0,0,0,0,6,2022,6
chriswilliams_ind_2022_6,ind_2022_6,chriswilliams_ind_2022,ind_2022,chriswilliams,87178,di,ind,1,0,,0,0,0,0,0,0,0,0,0,0,0,0,0,0,0,0,0,6,2022,6
kyledugger_ne_2022_6,ne_2022_6,kyledugger_ne_2022,ne_2022,kyledugger,90621,s,ne,1,0,2.0,0,0,0,0,0,0,0,0,0,0,0,0,0,0,0,0,0,6,2022,6
bobbyprice_det_2022_6,det_2022_6,bobbyprice_det_2022,det_2022,bobbyprice,91112,cb,det,1,0,8.0,0,0,0,0,0,0,0,0,0,0,0,0,0,0,0,0,0,6,2022,6
ejspeed_ind_2022_6,ind_2022_6,ejspeed_ind_2022,ind_2022,ejspeed,94351,lb,ind,1,1,,0,0,0,0,0,0,0,0,0,0,0,0,0,0,0,0,0,6,2022,6
anthonypittman_det_2022_6,det_2022_6,anthonypittman_det_2022,det_2022,anthonypittman,94372,ed,det,1,0,,0,0,0,0,0,0,0,0,0,0,0,0,0,0,0,0,0,6,2022,6
jordandavis_phi_2022_6,phi_2022_6,jordandavis_phi_2022,phi_2022,jordandavis,94854,di,phi,1,0,1.0,0,0,0,0,0,0,0,0,0,0,0,0,0,0,0,0,0,6,2022,6
martinemerson_cle_2022_6,cle_2022_6,martinemerson_cle_2022,cle_2022,martinemerson,97872,cb,cle,1,0,,0,0,0,0,0,0,0,0,0,0,0,0,0,0,0,0,0,6,2022,6
derekstingleyjr_hou_2022_6,hou_2022_6,derekstingleyjr_hou_2022,hou_2022,derekstingleyjr,98253,cb,hou,1,0,7.0,0,0,0,0,0,0,0,0,0,0,0,0,0,0,0,0,0,6,2022,6
alexwright_cle_2022_6,cle_2022_6,alexwright_cle_2022,cle_2022,alexwright,98318,ed,cle,1,0,,0,0,0,0,0,0,0,0,0,0,0,0,0,0,0,0,0,6,2022,6
georgekarlaftis_kc_2022_6,kc_2022_6,georgekarlaftis_kc_2022,kc_2022,georgekarlaftis,98319,ed,kc,1,0,,0,0,0,0,0,0,0,0,0,0,0,0,0,0,0,0,0,6,2022,6
kayvonthibodeaux_nyg_2022_6,nyg_2022_6,kayvonthibodeaux_nyg_2022,nyg_2022,kayvonthibodeaux,98444,ed,nyg,1,0,3.0,0,0,0,0,0,0,0,0,0,0,0,0,0,0,0,0,0,6,2022,6
kaiirelam_buf_2022_6,buf_2022_6,kaiirelam_buf_2022,buf_2022,kaiirelam,98693,cb,buf,1,1,6.0,0,0,0,0,0,0,0,0,0,0,0,0,0,0,0,0,0,6,2022,6
demarvinleal_pit_2022_6,pit_2022_6,demarvinleal_pit_2022,pit_2022,demarvinleal,98919,ed,pit,1,0,6.0,0,0,0,0,0,0,0,0,0,0,0,0,0,0,0,0,0,6,2022,6
travonwalker_jax_2022_6,jax_2022_6,travonwalker_jax_2022,jax_2022,travonwalker,98940,ed,jax,1,1,2.8,1,0,0,0,0,0,0,0,0,0,0,0,0,0,0,0,0,6,2022,6
jermainejohnsonii_nyj_2022_6,nyj_2022_6,jermainejohnsonii_nyj_2022,nyj_2022,jermainejohnsonii,99015,ed,nyj,1,0,,0,0,0,0,0,0,0,0,0,0,0,0,0,0,0,0,0,6,2022,6
nakobedean_phi_2022_6,phi_2022_6,nakobedean_phi_2022,phi_2022,nakobedean,99018,lb,phi,1,0,,0,0,0,0,0,0,0,0,0,0,0,0,0,0,0,0,0,6,2022,6
samwilliams_dal_2022_6,dal_2022_6,samwilliams_dal_2022,dal_2022,samwilliams,99106,ed,dal,1,0,-1.5,0,0,0,0,0,0,0,0,0,0,0,0,0,0,0,0,0,6,2022,6
amarebarno_car_2022_6,car_2022_6,amarebarno_car_2022,car_2022,amarebarno,99780,ed,car,1,0,,0,0,0,0,0,0,0,0,0,0,0,0,0,0,0,0,0,6,2022,6
saucegardner_nyj_2022_6,nyj_2022_6,saucegardner_nyj_2022,nyj_2022,saucegardner,100903,cb,nyj,1,0,4.0,0,0,0,0,0,0,0,0,0,0,0,0,0,0,0,0,0,6,2022,6
damarionwilliams_bal_2022_6,bal_2022_6,damarionwilliams_bal_2022,bal_2022,damarionwilliams,100904,cb,bal,1,0,,0,0,0,0,0,0,0,0,0,0,0,0,0,0,0,0,0,6,2022,6
danebelton_nyg_2022_6,nyg_2022_6,danebelton_nyg_2022,nyg_2022,danebelton,101398,s,nyg,1,1,,0,0,0,0,0,0,0,0,0,0,0,0,0,0,0,0,0,6,2022,6
samokuayinonu_ten_2022_6,ten_2022_6,samokuayinonu_ten_2022,ten_2022,samokuayinonu,101425,ed,ten,1,0,,0,0,0,0,0,0,0,0,0,0,0,0,0,0,0,0,0,6,2022,6
leochenal_kc_2022_6,kc_2022_6,leochenal_kc_2022,kc_2022,leochenal,101463,lb,kc,1,0,1.0,0,0,0,0,0,0,0,0,0,0,0,0,0,0,0,0,0,6,2022,6
brandonsmith_car_2022_6,car_2022_6,brandonsmith_car_2022,car_2022,brandonsmith,101497,lb,car,1,0,,0,0,0,0,0,0,0,0,0,0,0,0,0,0,0,0,0,6,2022,6
jaquanbrisker_chi_2022_6,chi_2022_6,jaquanbrisker_chi_2022,chi_2022,jaquanbrisker,101665,s,chi,1,0,9.0,0,0,0,0,0,0,0,0,0,0,0,0,0,0,0,0,0,6,2022,6
kylehamilton_bal_2022_6,bal_2022_6,kylehamilton_bal_2022,bal_2022,kylehamilton,102684,s,bal,1,0,,0,0,0,0,0,0,0,0,0,0,0,0,0,0,0,0,0,6,2022,6
rodneythomasii_ind_2022_6,ind_2022_6,rodneythomasii_ind_2022,ind_2022,rodneythomasii,108389,s,ind,1,1,7.0,0,0,0,0,0,0,0,0,0,0,0,0,0,0,0,0,0,6,2022,6
michaelhoecht_lar_2022_6,lar_2022_6,michaelhoecht_lar_2022,lar_2022,michaelhoecht,108840,di,lar,1,0,,0,0,0,0,0,0,0,0,0,0,0,0,0,0,0,0,0,6,2022,6
deealford_atl_2022_6,atl_2022_6,deealford_atl_2022,atl_2022,deealford,110542,cb,atl,1,0,,0,0,0,0,0,0,0,0,0,0,0,0,0,0,0,0,0,6,2022,6
perrionwinfrey_cle_2022_6,cle_2022_6,perrionwinfrey_cle_2022,cle_2022,perrionwinfrey,122952,di,cle,1,1,3.0,0,0,0,0,0,0,0,0,0,0,0,0,0,0,0,0,0,6,2022,6
jaylenwatson_kc_2022_6,kc_2022_6,jaylenwatson_kc_2022,kc_2022,jaylenwatson,131960,cb,kc,1,0,9.0,0,0,0,0,0,0,0,0,0,0,0,0,0,0,0,0,0,6,2022,6
samwebb_lv_2022_6,lv_2022_6,samwebb_lv_2022,lv_2022,samwebb,134606,cb,lv,1,0,,0,0,0,0,0,0,0,0,0,0,0,0,0,0,0,0,0,6,2022,6
samroberts_ne_2022_6,ne_2022_6,samroberts_ne_2022,ne_2022,samroberts,156069,di,ne,1,0,,0,0,0,0,0,0,0,0,0,0,0,0,0,0,0,0,0,6,2022,6
kaderkohou_mia_2022_6,mia_2022_6,kaderkohou_mia_2022,mia_2022,kaderkohou,156070,cb,mia,1,0,,0,0,0,0,0,0,0,0,0,0,0,0,0,0,0,0,0,6,2022,6
