p_id,unique_team_id,player_team_id,team_id_impute,player,numeric_id,position,team_name,player_game_count,attempts,avoided_tackles,breakaway_attempts,breakaway_percent,breakaway_yards,declined_penalties,designed_yards,drops,elu_recv_mtf,elu_rush_mtf,elu_yco,elusive_rating,explosive,first_downs,franchise_id,fumbles,gap_attempts,grades_hands_fumble,grades_offense,grades_offense_penalty,grades_pass,grades_pass_block,grades_pass_route,grades_run,grades_run_block,longest,penalties,rec_yards,receptions,routes,run_plays,scramble_yards,scrambles,targets,total_touches,touchdowns,yards,yards_after_contact,yco_attempt,ypa,yprr,zone_attempts,week,year,plyr_number
jonathantaylor_ind_2022_6,ind_2022_6,jonathantaylor_ind_2022,ind_2022,jonathantaylor,57488,hb,ind,1,20,4,0,0,0,0,0,0,0,0,0,0,0,0,0,0,0,0,0,0,0,0,0,0,0,0,0,0,0,0,0,0,0,0,0,0,0,0,0,0,0,0,6,2022,6
lataviusmurray_no_2022_6,no_2022_6,lataviusmurray_no_2022,no_2022,lataviusmurray,7962,hb,no,1,11,1,0,0,0,0,0,0,0,0,0,0,0,0,0,0,0,0,0,0,0,0,0,0,0,0,0,0,0,0,0,0,0,0,0,0,0,0,0,0,0,0,6,2022,6
jdmckissic_was_2022_6,was_2022_6,jdmckissic_was_2022,was_2022,jdmckissic,11047,hb,was,1,8,1,1,0,0,0,0,0,0,0,0,0,0,0,0,0,0,0,0,0,0,0,0,0,0,0,0,0,0,0,0,0,0,0,0,0,0,0,0,0,0,0,6,2022,6
justicehill_bal_2022_6,bal_2022_6,justicehill_bal_2022,bal_2022,justicehill,45865,hb,bal,1,8,2,0,0,0,0,0,0,0,0,0,0,0,0,0,0,0,0,0,0,0,0,0,0,0,0,0,0,0,0,0,0,0,0,0,0,0,0,0,0,0,0,6,2022,6
darrellhenderson_lar_2022_6,lar_2022_6,darrellhenderson_lar_2022,lar_2022,darrellhenderson,41193,hb,lar,1,7,0,0,0,0,0,0,0,0,0,0,0,0,0,0,0,0,0,0,0,0,0,0,0,0,0,0,0,0,0,0,0,0,0,0,0,0,0,0,0,0,0,6,2022,6
trestanebner_chi_2022_6,chi_2022_6,trestanebner_chi_2022,chi_2022,trestanebner,57159,hb,chi,1,6,0,0,0,0,0,0,0,0,0,0,0,0,0,0,0,0,0,0,0,0,0,0,0,0,0,0,0,0,0,0,0,0,0,0,0,0,0,0,0,0,0,6,2022,6
jonathanwilliams_was_2022_6,was_2022_6,jonathanwilliams_was_2022,was_2022,jonathanwilliams,10790,hb,was,1,5,1,2,0,0,0,0,0,0,0,0,0,0,0,0,0,0,0,0,0,0,0,0,0,0,0,0,0,0,0,0,0,0,0,0,0,0,0,0,0,0,0,6,2022,6
tyrodtaylor_nyg_2022_6,nyg_2022_6,tyrodtaylor_nyg_2022,nyg_2022,tyrodtaylor,6332,qb,nyg,1,1,1,0,0,0,0,0,0,0,0,0,0,0,0,0,0,0,0,0,0,0,0,0,0,0,0,0,0,0,0,0,0,0,0,0,0,0,0,0,0,0,0,6,2022,6
matthewstafford_lar_2022_6,lar_2022_6,matthewstafford_lar_2022,lar_2022,matthewstafford,4924,qb,lar,1,1,0,0,0,0,0,0,0,0,0,0,0,0,0,0,0,0,0,0,0,0,0,0,0,0,0,0,0,0,0,0,0,0,0,0,0,0,0,0,0,0,0,6,2022,6
diontaejohnson_pit_2022_6,pit_2022_6,diontaejohnson_pit_2022,pit_2022,diontaejohnson,33441,wr,pit,1,2,0,0,0,0,0,0,0,0,0,0,0,0,0,0,0,0,0,0,0,0,0,0,0,0,0,0,0,0,0,0,0,0,0,0,0,0,0,0,0,0,0,6,2022,6
treysermon_phi_2022_6,phi_2022_6,treysermon_phi_2022,phi_2022,treysermon,57372,hb,phi,1,2,1,0,0,0,0,0,0,0,0,0,0,0,0,0,0,0,0,0,0,0,0,0,0,0,0,0,0,0,0,0,0,0,0,0,0,0,0,0,0,0,0,6,2022,6
aaronrodgers_gb_2022_6,gb_2022_6,aaronrodgers_gb_2022,gb_2022,aaronrodgers,2241,qb,gb,1,0,0,0,0,0,0,0,0,0,0,0,0,0,0,0,0,0,0,0,0,0,0,0,0,0,0,0,0,0,0,0,0,0,0,0,0,0,0,0,0,0,0,6,2022,6
davanteadams_lv_2022_6,lv_2022_6,davanteadams_lv_2022,lv_2022,davanteadams,8688,wr,lv,1,1,0,0,0,0,0,0,0,0,0,0,0,0,0,0,0,0,0,0,0,0,0,0,0,0,0,0,0,0,0,0,0,0,0,0,0,0,0,0,0,0,0,6,2022,6
teddybridgewater_mia_2022_6,mia_2022_6,teddybridgewater_mia_2022,mia_2022,teddybridgewater,8667,qb,mia,1,0,0,0,0,0,0,0,0,0,0,0,0,0,0,0,0,0,0,0,0,0,0,0,0,0,0,0,0,0,0,0,0,0,0,0,0,0,0,0,0,0,0,6,2022,6
kylejuszczyk_sf_2022_6,sf_2022_6,kylejuszczyk_sf_2022,sf_2022,kylejuszczyk,7912,fb,sf,1,1,0,0,0,0,0,0,0,0,0,0,0,0,0,0,0,0,0,0,0,0,0,0,0,0,0,0,0,0,0,0,0,0,0,0,0,0,0,0,0,0,0,6,2022,6
christiankirk_jax_2022_6,jax_2022_6,christiankirk_jax_2022,jax_2022,christiankirk,47546,wr,jax,1,1,1,0,0,0,0,0,0,0,0,0,0,0,0,0,0,0,0,0,0,0,0,0,0,0,0,0,0,0,0,0,0,0,0,0,0,0,0,0,0,0,0,6,2022,6
laviskashenaultjr_car_2022_6,car_2022_6,laviskashenaultjr_car_2022,car_2022,laviskashenaultjr,61220,wr,car,1,1,0,0,0,0,0,0,0,0,0,0,0,0,0,0,0,0,0,0,0,0,0,0,0,0,0,0,0,0,0,0,0,0,0,0,0,0,0,0,0,0,0,6,2022,6
justinjefferson_min_2022_6,min_2022_6,justinjefferson_min_2022,min_2022,justinjefferson,61398,wr,min,1,1,0,0,0,0,0,0,0,0,0,0,0,0,0,0,0,0,0,0,0,0,0,0,0,0,0,0,0,0,0,0,0,0,0,0,0,0,0,0,0,0,0,6,2022,6
kalifraymond_det_2022_6,det_2022_6,kalifraymond_det_2022,det_2022,kalifraymond,11028,wr,det,1,1,0,0,0,0,0,0,0,0,0,0,0,0,0,0,0,0,0,0,0,0,0,0,0,0,0,0,0,0,0,0,0,0,0,0,0,0,0,0,0,0,0,6,2022,6
mitchelltrubisky_pit_2022_6,pit_2022_6,mitchelltrubisky_pit_2022,pit_2022,mitchelltrubisky,11757,qb,pit,1,0,0,0,0,0,0,0,0,0,0,0,0,0,0,0,0,0,0,0,0,0,0,0,0,0,0,0,0,0,0,0,0,0,0,0,0,0,0,0,0,0,0,6,2022,6
elijahmoore_nyj_2022_6,nyj_2022_6,elijahmoore_nyj_2022,nyj_2022,elijahmoore,84302,wr,nyj,1,1,0,0,0,0,0,0,0,0,0,0,0,0,0,0,0,0,0,0,0,0,0,0,0,0,0,0,0,0,0,0,0,0,0,0,0,0,0,0,0,0,0,6,2022,6
kjosborn_min_2022_6,min_2022_6,kjosborn_min_2022,min_2022,kjosborn,23503,wr,min,1,1,0,0,0,0,0,0,0,0,0,0,0,0,0,0,0,0,0,0,0,0,0,0,0,0,0,0,0,0,0,0,0,0,0,0,0,0,0,0,0,0,0,6,2022,6
gunnerolszewski_pit_2022_6,pit_2022_6,gunnerolszewski_pit_2022,pit_2022,gunnerolszewski,95015,wr,pit,1,1,0,0,0,0,0,0,0,0,0,0,0,0,0,0,0,0,0,0,0,0,0,0,0,0,0,0,0,0,0,0,0,0,0,0,0,0,0,0,0,0,0,6,2022,6
patrickricard_bal_2022_6,bal_2022_6,patrickricard_bal_2022,bal_2022,patrickricard,48862,fb,bal,1,1,0,0,0,0,0,0,0,0,0,0,0,0,0,0,0,0,0,0,0,0,0,0,0,0,0,0,0,0,0,0,0,0,0,0,0,0,0,0,0,0,0,6,2022,6
dwayneeskridge_sea_2022_6,sea_2022_6,dwayneeskridge_sea_2022,sea_2022,dwayneeskridge,29573,wr,sea,1,1,0,0,0,0,0,0,0,0,0,0,0,0,0,0,0,0,0,0,0,0,0,0,0,0,0,0,0,0,0,0,0,0,0,0,0,0,0,0,0,0,0,6,2022,6
derrickhenry_ten_2022_6,ten_2022_6,derrickhenry_ten_2022,ten_2022,derrickhenry,10679,hb,ten,1,28,5,1,0,0,0,0,0,0,0,0,0,0,0,0,0,0,0,0,0,0,0,0,0,0,0,0,0,0,0,0,0,0,0,0,0,0,0,0,0,0,0,6,2022,6
dameonpierce_hou_2022_6,hou_2022_6,dameonpierce_hou_2022,hou_2022,dameonpierce,83659,hb,hou,1,26,17,2,0,0,0,0,0,0,0,0,0,0,0,0,0,0,0,0,0,0,0,0,0,0,0,0,0,0,0,0,0,0,0,0,0,0,0,0,0,0,0,6,2022,6
rhamondrestevenson_ne_2022_6,ne_2022_6,rhamondrestevenson_ne_2022,ne_2022,rhamondrestevenson,98689,hb,ne,1,25,6,2,0,0,0,0,0,0,0,0,0,0,0,0,0,0,0,0,0,0,0,0,0,0,0,0,0,0,0,0,0,0,0,0,0,0,0,0,0,0,0,6,2022,6
alvinkamara_no_2022_6,no_2022_6,alvinkamara_no_2022,no_2022,alvinkamara,11822,hb,no,1,23,1,0,0,0,0,0,0,0,0,0,0,0,0,0,0,0,0,0,0,0,0,0,0,0,0,0,0,0,0,0,0,0,0,0,0,0,0,0,0,0,0,6,2022,6
ezekielelliott_dal_2022_6,dal_2022_6,ezekielelliott_dal_2022,dal_2022,ezekielelliott,10638,hb,dal,1,22,0,0,0,0,0,0,0,0,0,0,0,0,0,0,0,0,0,0,0,0,0,0,0,0,0,0,0,0,0,0,0,0,0,0,0,0,0,0,0,0,0,6,2022,6
joshjacobs_lv_2022_6,lv_2022_6,joshjacobs_lv_2022,lv_2022,joshjacobs,45953,hb,lv,1,21,6,2,0,0,0,0,0,0,0,0,0,0,0,0,0,0,0,0,0,0,0,0,0,0,0,0,0,0,0,0,0,0,0,0,0,0,0,0,0,0,0,6,2022,6
raheemmostert_mia_2022_6,mia_2022_6,raheemmostert_mia_2022,mia_2022,raheemmostert,9783,hb,mia,1,18,4,3,0,0,0,0,0,0,0,0,0,0,0,0,0,0,0,0,0,0,0,0,0,0,0,0,0,0,0,0,0,0,0,0,0,0,0,0,0,0,0,6,2022,6
breecehall_nyj_2022_6,nyj_2022_6,breecehall_nyj_2022,nyj_2022,breecehall,97636,hb,nyj,1,18,5,2,0,0,0,0,0,0,0,0,0,0,0,0,0,0,0,0,0,0,0,0,0,0,0,0,0,0,0,0,0,0,0,0,0,0,0,0,0,0,0,6,2022,6
dalvincook_min_2022_6,min_2022_6,dalvincook_min_2022,min_2022,dalvincook,11796,hb,min,1,18,4,1,0,0,0,0,0,0,0,0,0,0,0,0,0,0,0,0,0,0,0,0,0,0,0,0,0,0,0,0,0,0,0,0,0,0,0,0,0,0,0,6,2022,6
jeffwilsonjr_sf_2022_6,sf_2022_6,jeffwilsonjr_sf_2022,sf_2022,jeffwilsonjr,29413,hb,sf,1,17,3,3,0,0,0,0,0,0,0,0,0,0,0,0,0,0,0,0,0,0,0,0,0,0,0,0,0,0,0,0,0,0,0,0,0,0,0,0,0,0,0,6,2022,6
nickchubb_cle_2022_6,cle_2022_6,nickchubb_cle_2022,cle_2022,nickchubb,45783,hb,cle,1,17,10,3,0,0,0,0,0,0,0,0,0,0,0,0,0,0,0,0,0,0,0,0,0,0,0,0,0,0,0,0,0,0,0,0,0,0,0,0,0,0,0,6,2022,6
austinekeler_lac_2022_6,lac_2022_6,austinekeler_lac_2022,lac_2022,austinekeler,12164,hb,lac,1,16,5,4,0,0,0,0,0,0,0,0,0,0,0,0,0,0,0,0,0,0,0,0,0,0,0,0,0,0,0,0,0,0,0,0,0,0,0,0,0,0,0,6,2022,6
jamaalwilliams_det_2022_6,det_2022_6,jamaalwilliams_det_2022,det_2022,jamaalwilliams,11889,hb,det,1,15,0,0,0,0,0,0,0,0,0,0,0,0,0,0,0,0,0,0,0,0,0,0,0,0,0,0,0,0,0,0,0,0,0,0,0,0,0,0,0,0,0,6,2022,6
milessanders_phi_2022_6,phi_2022_6,milessanders_phi_2022,phi_2022,milessanders,40555,hb,phi,1,15,1,0,0,0,0,0,0,0,0,0,0,0,0,0,0,0,0,0,0,0,0,0,0,0,0,0,0,0,0,0,0,0,0,0,0,0,0,0,0,0,0,6,2022,6
melvingordoniii_den_2022_6,den_2022_6,melvingordoniii_den_2022,den_2022,melvingordoniii,9448,hb,den,1,15,5,1,0,0,0,0,0,0,0,0,0,0,0,0,0,0,0,0,0,0,0,0,0,0,0,0,0,0,0,0,0,0,0,0,0,0,0,0,0,0,0,6,2022,6
jalenhurts_phi_2022_6,phi_2022_6,jalenhurts_phi_2022,phi_2022,jalenhurts,40291,qb,phi,1,13,0,0,0,0,0,0,0,0,0,0,0,0,0,0,0,0,0,0,0,0,0,0,0,0,0,0,0,0,0,0,0,0,0,0,0,0,0,0,0,0,0,6,2022,6
christianmccaffrey_car_2022_6,car_2022_6,christianmccaffrey_car_2022,car_2022,christianmccaffrey,11763,hb,car,1,14,2,1,0,0,0,0,0,0,0,0,0,0,0,0,0,0,0,0,0,0,0,0,0,0,0,0,0,0,0,0,0,0,0,0,0,0,0,0,0,0,0,6,2022,6
joemixon_cin_2022_6,cin_2022_6,joemixon_cin_2022,cin_2022,joemixon,11803,hb,cin,1,14,2,0,0,0,0,0,0,0,0,0,0,0,0,0,0,0,0,0,0,0,0,0,0,0,0,0,0,0,0,0,0,0,0,0,0,0,0,0,0,0,0,6,2022,6
leonardfournette_tb_2022_6,tb_2022_6,leonardfournette_tb_2022,tb_2022,leonardfournette,11759,hb,tb,1,14,0,0,0,0,0,0,0,0,0,0,0,0,0,0,0,0,0,0,0,0,0,0,0,0,0,0,0,0,0,0,0,0,0,0,0,0,0,0,0,0,0,6,2022,6
deonjackson_ind_2022_6,ind_2022_6,deonjackson_ind_2022,ind_2022,deonjackson,57189,hb,ind,1,13,2,1,0,0,0,0,0,0,0,0,0,0,0,0,0,0,0,0,0,0,0,0,0,0,0,0,0,0,0,0,0,0,0,0,0,0,0,0,0,0,0,6,2022,6
aaronjones_gb_2022_6,gb_2022_6,aaronjones_gb_2022,gb_2022,aaronjones,11937,hb,gb,1,13,2,0,0,0,0,0,0,0,0,0,0,0,0,0,0,0,0,0,0,0,0,0,0,0,0,0,0,0,0,0,0,0,0,0,0,0,0,0,0,0,0,6,2022,6
saquonbarkley_nyg_2022_6,nyg_2022_6,saquonbarkley_nyg_2022,nyg_2022,saquonbarkley,45791,hb,nyg,1,13,2,1,0,0,0,0,0,0,0,0,0,0,0,0,0,0,0,0,0,0,0,0,0,0,0,0,0,0,0,0,0,0,0,0,0,0,0,0,0,0,0,6,2022,6
camakers_lar_2022_6,lar_2022_6,camakers_lar_2022,lar_2022,camakers,57206,hb,lar,1,13,1,0,0,0,0,0,0,0,0,0,0,0,0,0,0,0,0,0,0,0,0,0,0,0,0,0,0,0,0,0,0,0,0,0,0,0,0,0,0,0,0,6,2022,6
tylerallgeier_atl_2022_6,atl_2022_6,tylerallgeier_atl_2022,atl_2022,tylerallgeier,83639,hb,atl,1,13,2,1,0,0,0,0,0,0,0,0,0,0,0,0,0,0,0,0,0,0,0,0,0,0,0,0,0,0,0,0,0,0,0,0,0,0,0,0,0,0,0,6,2022,6
lamarjackson_bal_2022_6,bal_2022_6,lamarjackson_bal_2022,bal_2022,lamarjackson,46416,qb,bal,1,10,2,1,0,0,0,0,0,0,0,0,0,0,0,0,0,0,0,0,0,0,0,0,0,0,0,0,0,0,0,0,0,0,0,0,0,0,0,0,0,0,0,6,2022,6
davidmontgomery_chi_2022_6,chi_2022_6,davidmontgomery_chi_2022,chi_2022,davidmontgomery,45719,hb,chi,1,12,3,0,0,0,0,0,0,0,0,0,0,0,0,0,0,0,0,0,0,0,0,0,0,0,0,0,0,0,0,0,0,0,0,0,0,0,0,0,0,0,0,6,2022,6
philliplindsay_ind_2022_6,ind_2022_6,philliplindsay_ind_2022,ind_2022,philliplindsay,12660,hb,ind,1,11,1,1,0,0,0,0,0,0,0,0,0,0,0,0,0,0,0,0,0,0,0,0,0,0,0,0,0,0,0,0,0,0,0,0,0,0,0,0,0,0,0,6,2022,6
kareemhunt_cle_2022_6,cle_2022_6,kareemhunt_cle_2022,cle_2022,kareemhunt,11841,hb,cle,1,11,1,1,0,0,0,0,0,0,0,0,0,0,0,0,0,0,0,0,0,0,0,0,0,0,0,0,0,0,0,0,0,0,0,0,0,0,0,0,0,0,0,6,2022,6
najeeharris_pit_2022_6,pit_2022_6,najeeharris_pit_2022,pit_2022,najeeharris,57121,hb,pit,1,11,1,0,0,0,0,0,0,0,0,0,0,0,0,0,0,0,0,0,0,0,0,0,0,0,0,0,0,0,0,0,0,0,0,0,0,0,0,0,0,0,0,6,2022,6
danieljones_nyg_2022_6,nyg_2022_6,danieljones_nyg_2022,nyg_2022,danieljones,39395,qb,nyg,1,7,0,0,0,0,0,0,0,0,0,0,0,0,0,0,0,0,0,0,0,0,0,0,0,0,0,0,0,0,0,0,0,0,0,0,0,0,0,0,0,0,0,6,2022,6
michaelcarter_nyj_2022_6,nyj_2022_6,michaelcarter_nyj_2022,nyj_2022,michaelcarter,57337,hb,nyj,1,10,2,0,0,0,0,0,0,0,0,0,0,0,0,0,0,0,0,0,0,0,0,0,0,0,0,0,0,0,0,0,0,0,0,0,0,0,0,0,0,0,0,6,2022,6
travisetienne_jax_2022_6,jax_2022_6,travisetienne_jax_2022,jax_2022,travisetienne,57185,hb,jax,1,10,2,2,0,0,0,0,0,0,0,0,0,0,0,0,0,0,0,0,0,0,0,0,0,0,0,0,0,0,0,0,0,0,0,0,0,0,0,0,0,0,0,6,2022,6
joshuakelley_lac_2022_6,lac_2022_6,joshuakelley_lac_2022,lac_2022,joshuakelley,13750,hb,lac,1,10,4,1,0,0,0,0,0,0,0,0,0,0,0,0,0,0,0,0,0,0,0,0,0,0,0,0,0,0,0,0,0,0,0,0,0,0,0,0,0,0,0,6,2022,6
jamesrobinson_jax_2022_6,jax_2022_6,jamesrobinson_jax_2022,jax_2022,jamesrobinson,22425,hb,jax,1,10,2,0,0,0,0,0,0,0,0,0,0,0,0,0,0,0,0,0,0,0,0,0,0,0,0,0,0,0,0,0,0,0,0,0,0,0,0,0,0,0,0,6,2022,6
jamesconner_ari_2022_6,ari_2022_6,jamesconner_ari_2022,ari_2022,jamesconner,11860,hb,ari,1,9,3,1,0,0,0,0,0,0,0,0,0,0,0,0,0,0,0,0,0,0,0,0,0,0,0,0,0,0,0,0,0,0,0,0,0,0,0,0,0,0,0,6,2022,6
clydeedwardshelaire_kc_2022_6,kc_2022_6,clydeedwardshelaire_kc_2022,kc_2022,clydeedwardshelaire,57279,hb,kc,1,9,1,0,0,0,0,0,0,0,0,0,0,0,0,0,0,0,0,0,0,0,0,0,0,0,0,0,0,0,0,0,0,0,0,0,0,0,0,0,0,0,0,6,2022,6
brianrobinsonjr_was_2022_6,was_2022_6,brianrobinsonjr_was_2022,was_2022,brianrobinsonjr,57120,hb,was,1,9,0,0,0,0,0,0,0,0,0,0,0,0,0,0,0,0,0,0,0,0,0,0,0,0,0,0,0,0,0,0,0,0,0,0,0,0,0,0,0,0,0,6,2022,6
markingramii_no_2022_6,no_2022_6,markingramii_no_2022,no_2022,markingramii,6180,hb,no,1,9,0,0,0,0,0,0,0,0,0,0,0,0,0,0,0,0,0,0,0,0,0,0,0,0,0,0,0,0,0,0,0,0,0,0,0,0,0,0,0,0,0,6,2022,6
alexandermattison_min_2022_6,min_2022_6,alexandermattison_min_2022,min_2022,alexandermattison,45817,hb,min,1,9,2,0,0,0,0,0,0,0,0,0,0,0,0,0,0,0,0,0,0,0,0,0,0,0,0,0,0,0,0,0,0,0,0,0,0,0,0,0,0,0,0,6,2022,6
justinfields_chi_2022_6,chi_2022_6,justinfields_chi_2022,chi_2022,justinfields,82118,qb,chi,1,2,3,0,0,0,0,0,0,0,0,0,0,0,0,0,0,0,0,0,0,0,0,0,0,0,0,0,0,0,0,0,0,0,0,0,0,0,0,0,0,0,0,6,2022,6
tevincoleman_sf_2022_6,sf_2022_6,tevincoleman_sf_2022,sf_2022,tevincoleman,9506,hb,sf,1,8,0,0,0,0,0,0,0,0,0,0,0,0,0,0,0,0,0,0,0,0,0,0,0,0,0,0,0,0,0,0,0,0,0,0,0,0,0,0,0,0,0,6,2022,6
jerickmckinnon_kc_2022_6,kc_2022_6,jerickmckinnon_kc_2022,kc_2022,jerickmckinnon,8731,hb,kc,1,8,5,1,0,0,0,0,0,0,0,0,0,0,0,0,0,0,0,0,0,0,0,0,0,0,0,0,0,0,0,0,0,0,0,0,0,0,0,0,0,0,0,6,2022,6
jkdobbins_bal_2022_6,bal_2022_6,jkdobbins_bal_2022,bal_2022,jkdobbins,57366,hb,bal,1,8,3,1,0,0,0,0,0,0,0,0,0,0,0,0,0,0,0,0,0,0,0,0,0,0,0,0,0,0,0,0,0,0,0,0,0,0,0,0,0,0,0,6,2022,6
calebhuntley_atl_2022_6,atl_2022_6,calebhuntley_atl_2022,atl_2022,calebhuntley,57156,hb,atl,1,8,3,1,0,0,0,0,0,0,0,0,0,0,0,0,0,0,0,0,0,0,0,0,0,0,0,0,0,0,0,0,0,0,0,0,0,0,0,0,0,0,0,6,2022,6
kennethwalkeriii_sea_2022_6,sea_2022_6,kennethwalkeriii_sea_2022,sea_2022,kennethwalkeriii,97199,hb,sea,1,8,2,1,0,0,0,0,0,0,0,0,0,0,0,0,0,0,0,0,0,0,0,0,0,0,0,0,0,0,0,0,0,0,0,0,0,0,0,0,0,0,0,6,2022,6
tonypollard_dal_2022_6,dal_2022_6,tonypollard_dal_2022,dal_2022,tonypollard,27126,hb,dal,1,8,3,1,0,0,0,0,0,0,0,0,0,0,0,0,0,0,0,0,0,0,0,0,0,0,0,0,0,0,0,0,0,0,0,0,0,0,0,0,0,0,0,6,2022,6
enobenjamin_ari_2022_6,ari_2022_6,enobenjamin_ari_2022,ari_2022,enobenjamin,57136,hb,ari,1,8,1,0,0,0,0,0,0,0,0,0,0,0,0,0,0,0,0,0,0,0,0,0,0,0,0,0,0,0,0,0,0,0,0,0,0,0,0,0,0,0,0,6,2022,6
marcusmariota_atl_2022_6,atl_2022_6,marcusmariota_atl_2022,atl_2022,marcusmariota,9435,qb,atl,1,3,0,1,0,0,0,0,0,0,0,0,0,0,0,0,0,0,0,0,0,0,0,0,0,0,0,0,0,0,0,0,0,0,0,0,0,0,0,0,0,0,0,6,2022,6
andydalton_no_2022_6,no_2022_6,andydalton_no_2022,no_2022,andydalton,6187,qb,no,1,6,0,0,0,0,0,0,0,0,0,0,0,0,0,0,0,0,0,0,0,0,0,0,0,0,0,0,0,0,0,0,0,0,0,0,0,0,0,0,0,0,0,6,2022,6
mikeboone_den_2022_6,den_2022_6,mikeboone_den_2022,den_2022,mikeboone,31615,hb,den,1,7,0,1,0,0,0,0,0,0,0,0,0,0,0,0,0,0,0,0,0,0,0,0,0,0,0,0,0,0,0,0,0,0,0,0,0,0,0,0,0,0,0,6,2022,6
devinsingletary_buf_2022_6,buf_2022_6,devinsingletary_buf_2022,buf_2022,devinsingletary,40485,hb,buf,1,6,1,1,0,0,0,0,0,0,0,0,0,0,0,0,0,0,0,0,0,0,0,0,0,0,0,0,0,0,0,0,0,0,0,0,0,0,0,0,0,0,0,6,2022,6
craigreynolds_det_2022_6,det_2022_6,craigreynolds_det_2022,det_2022,craigreynolds,94383,hb,det,1,6,3,1,0,0,0,0,0,0,0,0,0,0,0,0,0,0,0,0,0,0,0,0,0,0,0,0,0,0,0,0,0,0,0,0,0,0,0,0,0,0,0,6,2022,6
ajdillon_gb_2022_6,gb_2022_6,ajdillon_gb_2022,gb_2022,ajdillon,57165,hb,gb,1,6,0,0,0,0,0,0,0,0,0,0,0,0,0,0,0,0,0,0,0,0,0,0,0,0,0,0,0,0,0,0,0,0,0,0,0,0,0,0,0,0,0,6,2022,6
rachaadwhite_tb_2022_6,tb_2022_6,rachaadwhite_tb_2022,tb_2022,rachaadwhite,131633,hb,tb,1,5,0,0,0,0,0,0,0,0,0,0,0,0,0,0,0,0,0,0,0,0,0,0,0,0,0,0,0,0,0,0,0,0,0,0,0,0,0,0,0,0,0,6,2022,6
carsonwentz_was_2022_6,was_2022_6,carsonwentz_was_2022,was_2022,carsonwentz,10636,qb,was,1,3,0,0,0,0,0,0,0,0,0,0,0,0,0,0,0,0,0,0,0,0,0,0,0,0,0,0,0,0,0,0,0,0,0,0,0,0,0,0,0,0,0,6,2022,6
justinherbert_lac_2022_6,lac_2022_6,justinherbert_lac_2022,lac_2022,justinherbert,28237,qb,lac,1,2,0,0,0,0,0,0,0,0,0,0,0,0,0,0,0,0,0,0,0,0,0,0,0,0,0,0,0,0,0,0,0,0,0,0,0,0,0,0,0,0,0,6,2022,6
joshallen_buf_2022_6,buf_2022_6,joshallen_buf_2022,buf_2022,joshallen,46601,qb,buf,1,2,1,0,0,0,0,0,0,0,0,0,0,0,0,0,0,0,0,0,0,0,0,0,0,0,0,0,0,0,0,0,0,0,0,0,0,0,0,0,0,0,0,6,2022,6
baileyzappe_ne_2022_6,ne_2022_6,baileyzappe_ne_2022,ne_2022,baileyzappe,60396,qb,ne,1,4,0,0,0,0,0,0,0,0,0,0,0,0,0,0,0,0,0,0,0,0,0,0,0,0,0,0,0,0,0,0,0,0,0,0,0,0,0,0,0,0,0,6,2022,6
jaylenwarren_pit_2022_6,pit_2022_6,jaylenwarren_pit_2022,pit_2022,jaylenwarren,98692,hb,pit,1,5,1,0,0,0,0,0,0,0,0,0,0,0,0,0,0,0,0,0,0,0,0,0,0,0,0,0,0,0,0,0,0,0,0,0,0,0,0,0,0,0,0,6,2022,6
kenyandrake_bal_2022_6,bal_2022_6,kenyandrake_bal_2022,bal_2022,kenyandrake,10707,hb,bal,1,4,0,0,0,0,0,0,0,0,0,0,0,0,0,0,0,0,0,0,0,0,0,0,0,0,0,0,0,0,0,0,0,0,0,0,0,0,0,0,0,0,0,6,2022,6
cooperrush_dal_2022_6,dal_2022_6,cooperrush_dal_2022,dal_2022,cooperrush,12324,qb,dal,1,4,0,0,0,0,0,0,0,0,0,0,0,0,0,0,0,0,0,0,0,0,0,0,0,0,0,0,0,0,0,0,0,0,0,0,0,0,0,0,0,0,0,6,2022,6
mattbreida_nyg_2022_6,nyg_2022_6,mattbreida_nyg_2022,nyg_2022,mattbreida,12271,hb,nyg,1,4,1,0,0,0,0,0,0,0,0,0,0,0,0,0,0,0,0,0,0,0,0,0,0,0,0,0,0,0,0,0,0,0,0,0,0,0,0,0,0,0,0,6,2022,6
khalilherbert_chi_2022_6,chi_2022_6,khalilherbert_chi_2022,chi_2022,khalilherbert,41668,hb,chi,1,4,0,0,0,0,0,0,0,0,0,0,0,0,0,0,0,0,0,0,0,0,0,0,0,0,0,0,0,0,0,0,0,0,0,0,0,0,0,0,0,0,0,6,2022,6
trevorlawrence_jax_2022_6,jax_2022_6,trevorlawrence_jax_2022,jax_2022,trevorlawrence,77632,qb,jax,1,1,0,0,0,0,0,0,0,0,0,0,0,0,0,0,0,0,0,0,0,0,0,0,0,0,0,0,0,0,0,0,0,0,0,0,0,0,0,0,0,0,0,6,2022,6
zachwilson_nyj_2022_6,nyj_2022_6,zachwilson_nyj_2022,nyj_2022,zachwilson,82096,qb,nyj,1,3,0,0,0,0,0,0,0,0,0,0,0,0,0,0,0,0,0,0,0,0,0,0,0,0,0,0,0,0,0,0,0,0,0,0,0,0,0,0,0,0,0,6,2022,6
jamescook_buf_2022_6,buf_2022_6,jamescook_buf_2022,buf_2022,jamescook,83666,hb,buf,1,4,2,1,0,0,0,0,0,0,0,0,0,0,0,0,0,0,0,0,0,0,0,0,0,0,0,0,0,0,0,0,0,0,0,0,0,0,0,0,0,0,0,6,2022,6
mylesgaskin_mia_2022_6,mia_2022_6,mylesgaskin_mia_2022,mia_2022,mylesgaskin,45914,hb,mia,1,4,0,0,0,0,0,0,0,0,0,0,0,0,0,0,0,0,0,0,0,0,0,0,0,0,0,0,0,0,0,0,0,0,0,0,0,0,0,0,0,0,0,6,2022,6
kirkcousins_min_2022_6,min_2022_6,kirkcousins_min_2022,min_2022,kirkcousins,7102,qb,min,1,3,0,0,0,0,0,0,0,0,0,0,0,0,0,0,0,0,0,0,0,0,0,0,0,0,0,0,0,0,0,0,0,0,0,0,0,0,0,0,0,0,0,6,2022,6
russellwilson_den_2022_6,den_2022_6,russellwilson_den_2022,den_2022,russellwilson,7077,qb,den,1,2,0,0,0,0,0,0,0,0,0,0,0,0,0,0,0,0,0,0,0,0,0,0,0,0,0,0,0,0,0,0,0,0,0,0,0,0,0,0,0,0,0,6,2022,6
kylermurray_ari_2022_6,ari_2022_6,kylermurray_ari_2022,ari_2022,kylermurray,38334,qb,ari,1,3,0,1,0,0,0,0,0,0,0,0,0,0,0,0,0,0,0,0,0,0,0,0,0,0,0,0,0,0,0,0,0,0,0,0,0,0,0,0,0,0,0,6,2022,6
patrickmahomes_kc_2022_6,kc_2022_6,patrickmahomes_kc_2022,kc_2022,patrickmahomes,11765,qb,kc,1,2,0,0,0,0,0,0,0,0,0,0,0,0,0,0,0,0,0,0,0,0,0,0,0,0,0,0,0,0,0,0,0,0,0,0,0,0,0,0,0,0,0,6,2022,6
jacobybrissett_cle_2022_6,cle_2022_6,jacobybrissett_cle_2022,cle_2022,jacobybrissett,10725,qb,cle,1,1,2,0,0,0,0,0,0,0,0,0,0,0,0,0,0,0,0,0,0,0,0,0,0,0,0,0,0,0,0,0,0,0,0,0,0,0,0,0,0,0,0,6,2022,6
jaredgoff_det_2022_6,det_2022_6,jaredgoff_det_2022,det_2022,jaredgoff,10635,qb,det,1,1,0,0,0,0,0,0,0,0,0,0,0,0,0,0,0,0,0,0,0,0,0,0,0,0,0,0,0,0,0,0,0,0,0,0,0,0,0,0,0,0,0,6,2022,6
joeburrow_cin_2022_6,cin_2022_6,joeburrow_cin_2022,cin_2022,joeburrow,28022,qb,cin,1,3,0,0,0,0,0,0,0,0,0,0,0,0,0,0,0,0,0,0,0,0,0,0,0,0,0,0,0,0,0,0,0,0,0,0,0,0,0,0,0,0,0,6,2022,6
justinjackson_det_2022_6,det_2022_6,justinjackson_det_2022,det_2022,justinjackson,29539,hb,det,1,3,0,0,0,0,0,0,0,0,0,0,0,0,0,0,0,0,0,0,0,0,0,0,0,0,0,0,0,0,0,0,0,0,0,0,0,0,0,0,0,0,0,6,2022,6
rexburkhead_hou_2022_6,hou_2022_6,rexburkhead_hou_2022,hou_2022,rexburkhead,7971,hb,hou,1,3,1,0,0,0,0,0,0,0,0,0,0,0,0,0,0,0,0,0,0,0,0,0,0,0,0,0,0,0,0,0,0,0,0,0,0,0,0,0,0,0,0,6,2022,6
tombrady_tb_2022_6,tb_2022_6,tombrady_tb_2022,tb_2022,tombrady,698,qb,tb,1,3,0,0,0,0,0,0,0,0,0,0,0,0,0,0,0,0,0,0,0,0,0,0,0,0,0,0,0,0,0,0,0,0,0,0,0,0,0,0,0,0,0,6,2022,6
samajeperine_cin_2022_6,cin_2022_6,samajeperine_cin_2022,cin_2022,samajeperine,11869,hb,cin,1,3,1,0,0,0,0,0,0,0,0,0,0,0,0,0,0,0,0,0,0,0,0,0,0,0,0,0,0,0,0,0,0,0,0,0,0,0,0,0,0,0,0,6,2022,6
darrelwilliams_ari_2022_6,ari_2022_6,darrelwilliams_ari_2022,ari_2022,darrelwilliams,13014,hb,ari,1,3,0,0,0,0,0,0,0,0,0,0,0,0,0,0,0,0,0,0,0,0,0,0,0,0,0,0,0,0,0,0,0,0,0,0,0,0,0,0,0,0,0,6,2022,6
devinduvernay_bal_2022_6,bal_2022_6,devinduvernay_bal_2022,bal_2022,devinduvernay,40006,wr,bal,1,3,0,0,0,0,0,0,0,0,0,0,0,0,0,0,0,0,0,0,0,0,0,0,0,0,0,0,0,0,0,0,0,0,0,0,0,0,0,0,0,0,0,6,2022,6
kennethgainwell_phi_2022_6,phi_2022_6,kennethgainwell_phi_2022,phi_2022,kennethgainwell,77737,hb,phi,1,3,1,0,0,0,0,0,0,0,0,0,0,0,0,0,0,0,0,0,0,0,0,0,0,0,0,0,0,0,0,0,0,0,0,0,0,0,0,0,0,0,0,6,2022,6
antoniogibson_was_2022_6,was_2022_6,antoniogibson_was_2022,was_2022,antoniogibson,78050,hb,was,1,3,0,0,0,0,0,0,0,0,0,0,0,0,0,0,0,0,0,0,0,0,0,0,0,0,0,0,0,0,0,0,0,0,0,0,0,0,0,0,0,0,0,6,2022,6
genosmith_sea_2022_6,sea_2022_6,genosmith_sea_2022,sea_2022,genosmith,7820,qb,sea,1,1,1,0,0,0,0,0,0,0,0,0,0,0,0,0,0,0,0,0,0,0,0,0,0,0,0,0,0,0,0,0,0,0,0,0,0,0,0,0,0,0,0,6,2022,6
averywilliams_atl_2022_6,atl_2022_6,averywilliams_atl_2022,atl_2022,averywilliams,42873,hb,atl,1,3,1,0,0,0,0,0,0,0,0,0,0,0,0,0,0,0,0,0,0,0,0,0,0,0,0,0,0,0,0,0,0,0,0,0,0,0,0,0,0,0,0,6,2022,6
ryantannehill_ten_2022_6,ten_2022_6,ryantannehill_ten_2022,ten_2022,ryantannehill,7014,qb,ten,1,2,0,0,0,0,0,0,0,0,0,0,0,0,0,0,0,0,0,0,0,0,0,0,0,0,0,0,0,0,0,0,0,0,0,0,0,0,0,0,0,0,0,6,2022,6
deebosamuel_sf_2022_6,sf_2022_6,deebosamuel_sf_2022,sf_2022,deebosamuel,48274,wr,sf,1,2,1,0,0,0,0,0,0,0,0,0,0,0,0,0,0,0,0,0,0,0,0,0,0,0,0,0,0,0,0,0,0,0,0,0,0,0,0,0,0,0,0,6,2022,6
rondalemoore_ari_2022_6,ari_2022_6,rondalemoore_ari_2022,ari_2022,rondalemoore,62890,wr,ari,1,2,0,0,0,0,0,0,0,0,0,0,0,0,0,0,0,0,0,0,0,0,0,0,0,0,0,0,0,0,0,0,0,0,0,0,0,0,0,0,0,0,0,6,2022,6
garybrightwell_nyg_2022_6,nyg_2022_6,garybrightwell_nyg_2022,nyg_2022,garybrightwell,57133,hb,nyg,1,2,0,0,0,0,0,0,0,0,0,0,0,0,0,0,0,0,0,0,0,0,0,0,0,0,0,0,0,0,0,0,0,0,0,0,0,0,0,0,0,0,0,6,2022,6
tyreekhill_mia_2022_6,mia_2022_6,tyreekhill_mia_2022,mia_2022,tyreekhill,10799,wr,mia,1,1,0,0,0,0,0,0,0,0,0,0,0,0,0,0,0,0,0,0,0,0,0,0,0,0,0,0,0,0,0,0,0,0,0,0,0,0,0,0,0,0,0,6,2022,6
dontaforeman_car_2022_6,car_2022_6,dontaforeman_car_2022,car_2022,dontaforeman,11844,hb,car,1,2,1,0,0,0,0,0,0,0,0,0,0,0,0,0,0,0,0,0,0,0,0,0,0,0,0,0,0,0,0,0,0,0,0,0,0,0,0,0,0,0,0,6,2022,6
davismills_hou_2022_6,hou_2022_6,davismills_hou_2022,hou_2022,davismills,52269,qb,hou,1,2,0,0,0,0,0,0,0,0,0,0,0,0,0,0,0,0,0,0,0,0,0,0,0,0,0,0,0,0,0,0,0,0,0,0,0,0,0,0,0,0,0,6,2022,6
casekeenum_buf_2022_6,buf_2022_6,casekeenum_buf_2022,buf_2022,casekeenum,7323,qb,buf,1,2,0,0,0,0,0,0,0,0,0,0,0,0,0,0,0,0,0,0,0,0,0,0,0,0,0,0,0,0,0,0,0,0,0,0,0,0,0,0,0,0,0,6,2022,6
zanderhorvath_lac_2022_6,lac_2022_6,zanderhorvath_lac_2022,lac_2022,zanderhorvath,57384,fb,lac,1,2,0,0,0,0,0,0,0,0,0,0,0,0,0,0,0,0,0,0,0,0,0,0,0,0,0,0,0,0,0,0,0,0,0,0,0,0,0,0,0,0,0,6,2022,6
sonymichel_lac_2022_6,lac_2022_6,sonymichel_lac_2022,lac_2022,sonymichel,27589,hb,lac,1,1,0,0,0,0,0,0,0,0,0,0,0,0,0,0,0,0,0,0,0,0,0,0,0,0,0,0,0,0,0,0,0,0,0,0,0,0,0,0,0,0,0,6,2022,6
zackmoss_buf_2022_6,buf_2022_6,zackmoss_buf_2022,buf_2022,zackmoss,40341,hb,buf,1,1,0,0,0,0,0,0,0,0,0,0,0,0,0,0,0,0,0,0,0,0,0,0,0,0,0,0,0,0,0,0,0,0,0,0,0,0,0,0,0,0,0,6,2022,6
jamycalhasty_jax_2022_6,jax_2022_6,jamycalhasty_jax_2022,jax_2022,jamycalhasty,25582,hb,jax,1,1,0,0,0,0,0,0,0,0,0,0,0,0,0,0,0,0,0,0,0,0,0,0,0,0,0,0,0,0,0,0,0,0,0,0,0,0,0,0,0,0,0,6,2022,6
mecolehardman_kc_2022_6,kc_2022_6,mecolehardman_kc_2022,kc_2022,mecolehardman,42683,wr,kc,1,1,1,0,0,0,0,0,0,0,0,0,0,0,0,0,0,0,0,0,0,0,0,0,0,0,0,0,0,0,0,0,0,0,0,0,0,0,0,0,0,0,0,6,2022,6
dontrellhilliard_ten_2022_6,ten_2022_6,dontrellhilliard_ten_2022,ten_2022,dontrellhilliard,45691,hb,ten,1,1,0,0,0,0,0,0,0,0,0,0,0,0,0,0,0,0,0,0,0,0,0,0,0,0,0,0,0,0,0,0,0,0,0,0,0,0,0,0,0,0,0,6,2022,6
kendrickbourne_ne_2022_6,ne_2022_6,kendrickbourne_ne_2022,ne_2022,kendrickbourne,12270,wr,ne,1,1,0,0,0,0,0,0,0,0,0,0,0,0,0,0,0,0,0,0,0,0,0,0,0,0,0,0,0,0,0,0,0,0,0,0,0,0,0,0,0,0,0,6,2022,6
jamalagnew_jax_2022_6,jax_2022_6,jamalagnew_jax_2022,jax_2022,jamalagnew,11920,wr,jax,1,1,0,0,0,0,0,0,0,0,0,0,0,0,0,0,0,0,0,0,0,0,0,0,0,0,0,0,0,0,0,0,0,0,0,0,0,0,0,0,0,0,0,6,2022,6
chaseedmonds_mia_2022_6,mia_2022_6,chaseedmonds_mia_2022,mia_2022,chaseedmonds,45851,hb,mia,1,1,0,0,0,0,0,0,0,0,0,0,0,0,0,0,0,0,0,0,0,0,0,0,0,0,0,0,0,0,0,0,0,0,0,0,0,0,0,0,0,0,0,6,2022,6
devineozigbo_den_2022_6,den_2022_6,devineozigbo_den_2022,den_2022,devineozigbo,45903,hb,den,1,1,0,0,0,0,0,0,0,0,0,0,0,0,0,0,0,0,0,0,0,0,0,0,0,0,0,0,0,0,0,0,0,0,0,0,0,0,0,0,0,0,0,6,2022,6
mattryan_ind_2022_6,ind_2022_6,mattryan_ind_2022,ind_2022,mattryan,4317,qb,ind,1,0,0,0,0,0,0,0,0,0,0,0,0,0,0,0,0,0,0,0,0,0,0,0,0,0,0,0,0,0,0,0,0,0,0,0,0,0,0,0,0,0,0,6,2022,6
braxtonberrios_nyj_2022_6,nyj_2022_6,braxtonberrios_nyj_2022,nyj_2022,braxtonberrios,47961,wr,nyj,1,1,0,1,0,0,0,0,0,0,0,0,0,0,0,0,0,0,0,0,0,0,0,0,0,0,0,0,0,0,0,0,0,0,0,0,0,0,0,0,0,0,0,6,2022,6
brandonpowell_lar_2022_6,lar_2022_6,brandonpowell_lar_2022,lar_2022,brandonpowell,48036,wr,lar,1,1,0,0,0,0,0,0,0,0,0,0,0,0,0,0,0,0,0,0,0,0,0,0,0,0,0,0,0,0,0,0,0,0,0,0,0,0,0,0,0,0,0,6,2022,6
nyheimhines_ind_2022_6,ind_2022_6,nyheimhines_ind_2022,ind_2022,nyheimhines,48103,hb,ind,1,1,0,0,0,0,0,0,0,0,0,0,0,0,0,0,0,0,0,0,0,0,0,0,0,0,0,0,0,0,0,0,0,0,0,0,0,0,0,0,0,0,0,6,2022,6
djmoore_car_2022_6,car_2022_6,djmoore_car_2022,car_2022,djmoore,48267,wr,car,1,1,0,0,0,0,0,0,0,0,0,0,0,0,0,0,0,0,0,0,0,0,0,0,0,0,0,0,0,0,0,0,0,0,0,0,0,0,0,0,0,0,0,6,2022,6
deejaydallas_sea_2022_6,sea_2022_6,deejaydallas_sea_2022,sea_2022,deejaydallas,55632,hb,sea,1,1,0,0,0,0,0,0,0,0,0,0,0,0,0,0,0,0,0,0,0,0,0,0,0,0,0,0,0,0,0,0,0,0,0,0,0,0,0,0,0,0,0,6,2022,6
chrisgodwin_tb_2022_6,tb_2022_6,chrisgodwin_tb_2022,tb_2022,chrisgodwin,11839,wr,tb,1,1,0,0,0,0,0,0,0,0,0,0,0,0,0,0,0,0,0,0,0,0,0,0,0,0,0,0,0,0,0,0,0,0,0,0,0,0,0,0,0,0,0,6,2022,6
cooperkupp_lar_2022_6,lar_2022_6,cooperkupp_lar_2022,lar_2022,cooperkupp,11824,wr,lar,1,1,1,0,0,0,0,0,0,0,0,0,0,0,0,0,0,0,0,0,0,0,0,0,0,0,0,0,0,0,0,0,0,0,0,0,0,0,0,0,0,0,0,6,2022,6
mikedavis_bal_2022_6,bal_2022_6,mikedavis_bal_2022,bal_2022,mikedavis,9559,hb,bal,1,1,1,0,0,0,0,0,0,0,0,0,0,0,0,0,0,0,0,0,0,0,0,0,0,0,0,0,0,0,0,0,0,0,0,0,0,0,0,0,0,0,0,6,2022,6
jimmygaroppolo_sf_2022_6,sf_2022_6,jimmygaroppolo_sf_2022,sf_2022,jimmygaroppolo,8697,qb,sf,1,1,0,0,0,0,0,0,0,0,0,0,0,0,0,0,0,0,0,0,0,0,0,0,0,0,0,0,0,0,0,0,0,0,0,0,0,0,0,0,0,0,0,6,2022,6
derekcarr_lv_2022_6,lv_2022_6,derekcarr_lv_2022,lv_2022,derekcarr,8671,qb,lv,1,0,0,0,0,0,0,0,0,0,0,0,0,0,0,0,0,0,0,0,0,0,0,0,0,0,0,0,0,0,0,0,0,0,0,0,0,0,0,0,0,0,0,6,2022,6
kennypickett_pit_2022_6,pit_2022_6,kennypickett_pit_2022,pit_2022,kennypickett,60515,qb,pit,1,0,0,0,0,0,0,0,0,0,0,0,0,0,0,0,0,0,0,0,0,0,0,0,0,0,0,0,0,0,0,0,0,0,0,0,0,0,0,0,0,0,0,6,2022,6
montrellwashington_den_2022_6,den_2022_6,montrellwashington_den_2022,den_2022,montrellwashington,64310,wr,den,1,1,0,0,0,0,0,0,0,0,0,0,0,0,0,0,0,0,0,0,0,0,0,0,0,0,0,0,0,0,0,0,0,0,0,0,0,0,0,0,0,0,0,6,2022,6
christianwatson_gb_2022_6,gb_2022_6,christianwatson_gb_2022,gb_2022,christianwatson,66581,wr,gb,1,1,0,0,0,0,0,0,0,0,0,0,0,0,0,0,0,0,0,0,0,0,0,0,0,0,0,0,0,0,0,0,0,0,0,0,0,0,0,0,0,0,0,6,2022,6
brockpurdy_sf_2022_6,sf_2022_6,brockpurdy_sf_2022,sf_2022,brockpurdy,77672,qb,sf,1,1,0,0,0,0,0,0,0,0,0,0,0,0,0,0,0,0,0,0,0,0,0,0,0,0,0,0,0,0,0,0,0,0,0,0,0,0,0,0,0,0,0,6,2022,6
brandonbolden_lv_2022_6,lv_2022_6,brandonbolden_lv_2022,lv_2022,brandonbolden,7469,hb,lv,1,1,0,0,0,0,0,0,0,0,0,0,0,0,0,0,0,0,0,0,0,0,0,0,0,0,0,0,0,0,0,0,0,0,0,0,0,0,0,0,0,0,0,6,2022,6
zamirwhite_lv_2022_6,lv_2022_6,zamirwhite_lv_2022,lv_2022,zamirwhite,83665,hb,lv,1,1,0,0,0,0,0,0,0,0,0,0,0,0,0,0,0,0,0,0,0,0,0,0,0,0,0,0,0,0,0,0,0,0,0,0,0,0,0,0,0,0,0,6,2022,6
isiahpacheco_kc_2022_6,kc_2022_6,isiahpacheco_kc_2022,kc_2022,isiahpacheco,83747,hb,kc,1,1,0,0,0,0,0,0,0,0,0,0,0,0,0,0,0,0,0,0,0,0,0,0,0,0,0,0,0,0,0,0,0,0,0,0,0,0,0,0,0,0,0,6,2022,6
jamarrchase_cin_2022_6,cin_2022_6,jamarrchase_cin_2022,cin_2022,jamarrchase,84270,wr,cin,1,1,1,0,0,0,0,0,0,0,0,0,0,0,0,0,0,0,0,0,0,0,0,0,0,0,0,0,0,0,0,0,0,0,0,0,0,0,0,0,0,0,0,6,2022,6
