p_id,unique_team_id,player_team_id,team_id_impute,player,numeric_id,position,team_name,player_game_count,avg_time_to_throw,avg_ttt_attempts,avg_ttt_sacks,avg_ttt_scrambles,dropbacks,franchise_id,less_accuracy_percent,less_aimed_passes,less_attempts,less_avg_depth_of_target,less_avg_time_to_throw,less_bats,less_big_time_throws,less_btt_rate,less_completion_percent,less_completions,less_def_gen_pressures,less_drop_rate,less_dropbacks,less_dropbacks_percent,less_drops,less_first_downs,less_grades_hands_drop,less_grades_hands_fumble,less_grades_offense,less_grades_offense_penalty,less_grades_pass,less_grades_pass_route,less_grades_run,less_hit_as_threw,less_interceptions,less_passing_snaps,less_pressure_to_sack_rate,less_qb_rating,less_sack_percent,less_sacks,less_scrambles,less_spikes,less_thrown_aways,less_touchdowns,less_turnover_worthy_plays,less_twp_rate,less_yards,less_ypa,more_accuracy_percent,more_aimed_passes,more_attempts,more_avg_depth_of_target,more_avg_time_to_throw,more_bats,more_big_time_throws,more_btt_rate,more_completion_percent,more_completions,more_def_gen_pressures,more_drop_rate,more_dropbacks,more_dropbacks_percent,more_drops,more_first_downs,more_grades_hands_drop,more_grades_hands_fumble,more_grades_offense,more_grades_offense_penalty,more_grades_pass,more_grades_pass_route,more_grades_run,more_hit_as_threw,more_interceptions,more_passing_snaps,more_pressure_to_sack_rate,more_qb_rating,more_sack_percent,more_sacks,more_scrambles,more_spikes,more_thrown_aways,more_touchdowns,more_turnover_worthy_plays,more_twp_rate,more_yards,more_ypa,week,year,less_grades_defense,less_grades_defense_penalty,less_grades_run_defense,more_grades_defense,more_grades_defense_penalty,more_grades_run_defense,plyr_number
joeburrow_cin_2022_6,cin_2022_6,joeburrow_cin_2022,cin_2022,joeburrow,28022,qb,cin,1,2.64,2.45,3.24,0,0,0,0,0,0,0,0,0,0,0,0,0,0,0,0,0,0,0,0,0,0,0,0,0,0,0,0,0,0,0,0,0,0,0,0,0,0,0,0,0,0,0,0,0,0,0,0,0,0,0,0,0,0,0,0,0,0,0,0,0,0,0,0,0,0,0,0,0,0,0,0,0,0,0,0,0,0,0,6,2022,0,0,0,0,0,0,6
joeflacco_nyj_2022_6,nyj_2022_6,joeflacco_nyj_2022,nyj_2022,joeflacco,4332,qb,nyj,1,2.63,2.56,4.1,0,0,0,0,0,0,0,0,0,0,0,0,0,0,0,0,0,0,0,0,0,0,0,0,0,0,0,0,0,0,0,0,0,0,0,0,0,0,0,0,0,0,0,0,0,0,0,0,0,0,0,0,0,0,0,0,0,0,0,0,0,0,0,0,0,0,0,0,0,0,0,0,0,0,0,0,0,0,0,6,2022,0,0,0,0,0,0,6
mattryan_ind_2022_6,ind_2022_6,mattryan_ind_2022,ind_2022,mattryan,4317,qb,ind,1,2.55,2.42,3.75,0,0,0,0,0,0,0,0,0,0,0,0,0,0,0,0,0,0,0,0,0,0,0,0,0,0,0,0,0,0,0,0,0,0,0,0,0,0,0,0,0,0,0,0,0,0,0,0,0,0,0,0,0,0,0,0,0,0,0,0,0,0,0,0,0,0,0,0,0,0,0,0,0,0,0,0,0,0,0,6,2022,0,0,0,0,0,0,6
matthewstafford_lar_2022_6,lar_2022_6,matthewstafford_lar_2022,lar_2022,matthewstafford,4924,qb,lar,1,2.52,2.41,3.2,0,0,0,0,0,0,0,0,0,0,0,0,0,0,0,0,0,0,0,0,0,0,0,0,0,0,0,0,0,0,0,0,0,0,0,0,0,0,0,0,0,0,0,0,0,0,0,0,0,0,0,0,0,0,0,0,0,0,0,0,0,0,0,0,0,0,0,0,0,0,0,0,0,0,0,0,0,0,0,6,2022,0,0,0,0,0,0,6
carsonwentz_was_2022_6,was_2022_6,carsonwentz_was_2022,was_2022,carsonwentz,10636,qb,was,1,2.56,2.4,2.2,0,0,0,0,0,0,0,0,0,0,0,0,0,0,0,0,0,0,0,0,0,0,0,0,0,0,0,0,0,0,0,0,0,0,0,0,0,0,0,0,0,0,0,0,0,0,0,0,0,0,0,0,0,0,0,0,0,0,0,0,0,0,0,0,0,0,0,0,0,0,0,0,0,0,0,0,0,0,0,6,2022,0,0,0,0,0,0,6
trevorlawrence_jax_2022_6,jax_2022_6,trevorlawrence_jax_2022,jax_2022,trevorlawrence,77632,qb,jax,1,2.7,2.63,2.75,0,0,0,0,0,0,0,0,0,0,0,0,0,0,0,0,0,0,0,0,0,0,0,0,0,0,0,0,0,0,0,0,0,0,0,0,0,0,0,0,0,0,0,0,0,0,0,0,0,0,0,0,0,0,0,0,0,0,0,0,0,0,0,0,0,0,0,0,0,0,0,0,0,0,0,0,0,0,0,6,2022,0,0,0,0,0,0,6
russellwilson_den_2022_6,den_2022_6,russellwilson_den_2022,den_2022,russellwilson,7077,qb,den,1,2.89,2.82,4.4,0,0,0,0,0,0,0,0,0,0,0,0,0,0,0,0,0,0,0,0,0,0,0,0,0,0,0,0,0,0,0,0,0,0,0,0,0,0,0,0,0,0,0,0,0,0,0,0,0,0,0,0,0,0,0,0,0,0,0,0,0,0,0,0,0,0,0,0,0,0,0,0,0,0,0,0,0,0,0,6,2022,0,0,0,0,0,0,6
jalenhurts_phi_2022_6,phi_2022_6,jalenhurts_phi_2022,phi_2022,jalenhurts,40291,qb,phi,1,3.06,2.55,2.4,0,0,0,0,0,0,0,0,0,0,0,0,0,0,0,0,0,0,0,0,0,0,0,0,0,0,0,0,0,0,0,0,0,0,0,0,0,0,0,0,0,0,0,0,0,0,0,0,0,0,0,0,0,0,0,0,0,0,0,0,0,0,0,0,0,0,0,0,0,0,0,0,0,0,0,0,0,0,0,6,2022,0,0,0,0,0,0,6
derekcarr_lv_2022_6,lv_2022_6,derekcarr_lv_2022,lv_2022,derekcarr,8671,qb,lv,1,2.67,2.51,3.88,0,0,0,0,0,0,0,0,0,0,0,0,0,0,0,0,0,0,0,0,0,0,0,0,0,0,0,0,0,0,0,0,0,0,0,0,0,0,0,0,0,0,0,0,0,0,0,0,0,0,0,0,0,0,0,0,0,0,0,0,0,0,0,0,0,0,0,0,0,0,0,0,0,0,0,0,0,0,0,6,2022,0,0,0,0,0,0,6
patrickmahomes_kc_2022_6,kc_2022_6,patrickmahomes_kc_2022,kc_2022,patrickmahomes,11765,qb,kc,1,2.53,2.33,,0,0,0,0,0,0,0,0,0,0,0,0,0,0,0,0,0,0,0,0,0,0,0,0,0,0,0,0,0,0,0,0,0,0,0,0,0,0,0,0,0,0,0,0,0,0,0,0,0,0,0,0,0,0,0,0,0,0,0,0,0,0,0,0,0,0,0,0,0,0,0,0,0,0,0,0,0,0,0,6,2022,0,0,0,0,0,0,6
davismills_hou_2022_6,hou_2022_6,davismills_hou_2022,hou_2022,davismills,52269,qb,hou,1,2.25,2.19,2.97,0,0,0,0,0,0,0,0,0,0,0,0,0,0,0,0,0,0,0,0,0,0,0,0,0,0,0,0,0,0,0,0,0,0,0,0,0,0,0,0,0,0,0,0,0,0,0,0,0,0,0,0,0,0,0,0,0,0,0,0,0,0,0,0,0,0,0,0,0,0,0,0,0,0,0,0,0,0,0,6,2022,0,0,0,0,0,0,6
mitchelltrubisky_pit_2022_6,pit_2022_6,mitchelltrubisky_pit_2022,pit_2022,mitchelltrubisky,11757,qb,pit,1,2.63,2.42,6.8,0,0,0,0,0,0,0,0,0,0,0,0,0,0,0,0,0,0,0,0,0,0,0,0,0,0,0,0,0,0,0,0,0,0,0,0,0,0,0,0,0,0,0,0,0,0,0,0,0,0,0,0,0,0,0,0,0,0,0,0,0,0,0,0,0,0,0,0,0,0,0,0,0,0,0,0,0,0,0,6,2022,0,0,0,0,0,0,6
jaredgoff_det_2022_6,det_2022_6,jaredgoff_det_2022,det_2022,jaredgoff,10635,qb,det,1,2.44,2.33,3.2,0,0,0,0,0,0,0,0,0,0,0,0,0,0,0,0,0,0,0,0,0,0,0,0,0,0,0,0,0,0,0,0,0,0,0,0,0,0,0,0,0,0,0,0,0,0,0,0,0,0,0,0,0,0,0,0,0,0,0,0,0,0,0,0,0,0,0,0,0,0,0,0,0,0,0,0,0,0,0,6,2022,0,0,0,0,0,0,6
joshallen_buf_2022_6,buf_2022_6,joshallen_buf_2022,buf_2022,joshallen,46601,qb,buf,1,2.43,2.19,2.6,0,0,0,0,0,0,0,0,0,0,0,0,0,0,0,0,0,0,0,0,0,0,0,0,0,0,0,0,0,0,0,0,0,0,0,0,0,0,0,0,0,0,0,0,0,0,0,0,0,0,0,0,0,0,0,0,0,0,0,0,0,0,0,0,0,0,0,0,0,0,0,0,0,0,0,0,0,0,0,6,2022,0,0,0,0,0,0,6
jameiswinston_no_2022_6,no_2022_6,jameiswinston_no_2022,no_2022,jameiswinston,9434,qb,no,1,2.75,2.51,3.38,0,0,0,0,0,0,0,0,0,0,0,0,0,0,0,0,0,0,0,0,0,0,0,0,0,0,0,0,0,0,0,0,0,0,0,0,0,0,0,0,0,0,0,0,0,0,0,0,0,0,0,0,0,0,0,0,0,0,0,0,0,0,0,0,0,0,0,0,0,0,0,0,0,0,0,0,0,0,0,6,2022,0,0,0,0,0,0,6
aaronrodgers_gb_2022_6,gb_2022_6,aaronrodgers_gb_2022,gb_2022,aaronrodgers,2241,qb,gb,1,2.58,2.37,4.38,0,0,0,0,0,0,0,0,0,0,0,0,0,0,0,0,0,0,0,0,0,0,0,0,0,0,0,0,0,0,0,0,0,0,0,0,0,0,0,0,0,0,0,0,0,0,0,0,0,0,0,0,0,0,0,0,0,0,0,0,0,0,0,0,0,0,0,0,0,0,0,0,0,0,0,0,0,0,0,6,2022,0,0,0,0,0,0,6
kylermurray_ari_2022_6,ari_2022_6,kylermurray_ari_2022,ari_2022,kylermurray,38334,qb,ari,1,2.86,2.74,4.0,0,0,0,0,0,0,0,0,0,0,0,0,0,0,0,0,0,0,0,0,0,0,0,0,0,0,0,0,0,0,0,0,0,0,0,0,0,0,0,0,0,0,0,0,0,0,0,0,0,0,0,0,0,0,0,0,0,0,0,0,0,0,0,0,0,0,0,0,0,0,0,0,0,0,0,0,0,0,0,6,2022,0,0,0,0,0,0,6
marcusmariota_atl_2022_6,atl_2022_6,marcusmariota_atl_2022,atl_2022,marcusmariota,9435,qb,atl,1,2.99,2.81,,0,0,0,0,0,0,0,0,0,0,0,0,0,0,0,0,0,0,0,0,0,0,0,0,0,0,0,0,0,0,0,0,0,0,0,0,0,0,0,0,0,0,0,0,0,0,0,0,0,0,0,0,0,0,0,0,0,0,0,0,0,0,0,0,0,0,0,0,0,0,0,0,0,0,0,0,0,0,0,6,2022,0,0,0,0,0,0,6
jacobybrissett_cle_2022_6,cle_2022_6,jacobybrissett_cle_2022,cle_2022,jacobybrissett,10725,qb,cle,1,3.03,2.76,3.3,0,0,0,0,0,0,0,0,0,0,0,0,0,0,0,0,0,0,0,0,0,0,0,0,0,0,0,0,0,0,0,0,0,0,0,0,0,0,0,0,0,0,0,0,0,0,0,0,0,0,0,0,0,0,0,0,0,0,0,0,0,0,0,0,0,0,0,0,0,0,0,0,0,0,0,0,0,0,0,6,2022,0,0,0,0,0,0,6
justinherbert_lac_2022_6,lac_2022_6,justinherbert_lac_2022,lac_2022,justinherbert,28237,qb,lac,1,2.91,2.87,,0,0,0,0,0,0,0,0,0,0,0,0,0,0,0,0,0,0,0,0,0,0,0,0,0,0,0,0,0,0,0,0,0,0,0,0,0,0,0,0,0,0,0,0,0,0,0,0,0,0,0,0,0,0,0,0,0,0,0,0,0,0,0,0,0,0,0,0,0,0,0,0,0,0,0,0,0,0,0,6,2022,0,0,0,0,0,0,6
ryantannehill_ten_2022_6,ten_2022_6,ryantannehill_ten_2022,ten_2022,ryantannehill,7014,qb,ten,1,2.78,2.56,5.3,0,0,0,0,0,0,0,0,0,0,0,0,0,0,0,0,0,0,0,0,0,0,0,0,0,0,0,0,0,0,0,0,0,0,0,0,0,0,0,0,0,0,0,0,0,0,0,0,0,0,0,0,0,0,0,0,0,0,0,0,0,0,0,0,0,0,0,0,0,0,0,0,0,0,0,0,0,0,0,6,2022,0,0,0,0,0,0,6
lamarjackson_bal_2022_6,bal_2022_6,lamarjackson_bal_2022,bal_2022,lamarjackson,46416,qb,bal,1,3.3,2.81,4.8,0,0,0,0,0,0,0,0,0,0,0,0,0,0,0,0,0,0,0,0,0,0,0,0,0,0,0,0,0,0,0,0,0,0,0,0,0,0,0,0,0,0,0,0,0,0,0,0,0,0,0,0,0,0,0,0,0,0,0,0,0,0,0,0,0,0,0,0,0,0,0,0,0,0,0,0,0,0,0,6,2022,0,0,0,0,0,0,6
macjones_ne_2022_6,ne_2022_6,macjones_ne_2022,ne_2022,macjones,60323,qb,ne,1,2.33,2.3,2.0,0,0,0,0,0,0,0,0,0,0,0,0,0,0,0,0,0,0,0,0,0,0,0,0,0,0,0,0,0,0,0,0,0,0,0,0,0,0,0,0,0,0,0,0,0,0,0,0,0,0,0,0,0,0,0,0,0,0,0,0,0,0,0,0,0,0,0,0,0,0,0,0,0,0,0,0,0,0,0,6,2022,0,0,0,0,0,0,6
kirkcousins_min_2022_6,min_2022_6,kirkcousins_min_2022,min_2022,kirkcousins,7102,qb,min,1,2.76,2.76,2.7,0,0,0,0,0,0,0,0,0,0,0,0,0,0,0,0,0,0,0,0,0,0,0,0,0,0,0,0,0,0,0,0,0,0,0,0,0,0,0,0,0,0,0,0,0,0,0,0,0,0,0,0,0,0,0,0,0,0,0,0,0,0,0,0,0,0,0,0,0,0,0,0,0,0,0,0,0,0,0,6,2022,0,0,0,0,0,0,6
genosmith_sea_2022_6,sea_2022_6,genosmith_sea_2022,sea_2022,genosmith,7820,qb,sea,1,2.73,2.65,2.8,0,0,0,0,0,0,0,0,0,0,0,0,0,0,0,0,0,0,0,0,0,0,0,0,0,0,0,0,0,0,0,0,0,0,0,0,0,0,0,0,0,0,0,0,0,0,0,0,0,0,0,0,0,0,0,0,0,0,0,0,0,0,0,0,0,0,0,0,0,0,0,0,0,0,0,0,0,0,0,6,2022,0,0,0,0,0,0,6
tombrady_tb_2022_6,tb_2022_6,tombrady_tb_2022,tb_2022,tombrady,698,qb,tb,1,2.19,2.17,2.4,0,0,0,0,0,0,0,0,0,0,0,0,0,0,0,0,0,0,0,0,0,0,0,0,0,0,0,0,0,0,0,0,0,0,0,0,0,0,0,0,0,0,0,0,0,0,0,0,0,0,0,0,0,0,0,0,0,0,0,0,0,0,0,0,0,0,0,0,0,0,0,0,0,0,0,0,0,0,0,6,2022,0,0,0,0,0,0,6
danieljones_nyg_2022_6,nyg_2022_6,danieljones_nyg_2022,nyg_2022,danieljones,39395,qb,nyg,1,3.03,2.76,3.4,0,0,0,0,0,0,0,0,0,0,0,0,0,0,0,0,0,0,0,0,0,0,0,0,0,0,0,0,0,0,0,0,0,0,0,0,0,0,0,0,0,0,0,0,0,0,0,0,0,0,0,0,0,0,0,0,0,0,0,0,0,0,0,0,0,0,0,0,0,0,0,0,0,0,0,0,0,0,0,6,2022,0,0,0,0,0,0,6
justinfields_chi_2022_6,chi_2022_6,justinfields_chi_2022,chi_2022,justinfields,82118,qb,chi,1,3.64,3.14,3.1,0,0,0,0,0,0,0,0,0,0,0,0,0,0,0,0,0,0,0,0,0,0,0,0,0,0,0,0,0,0,0,0,0,0,0,0,0,0,0,0,0,0,0,0,0,0,0,0,0,0,0,0,0,0,0,0,0,0,0,0,0,0,0,0,0,0,0,0,0,0,0,0,0,0,0,0,0,0,0,6,2022,0,0,0,0,0,0,6
cooperrush_dal_2022_6,dal_2022_6,cooperrush_dal_2022,dal_2022,cooperrush,12324,qb,dal,1,2.55,2.47,3.1,0,0,0,0,0,0,0,0,0,0,0,0,0,0,0,0,0,0,0,0,0,0,0,0,0,0,0,0,0,0,0,0,0,0,0,0,0,0,0,0,0,0,0,0,0,0,0,0,0,0,0,0,0,0,0,0,0,0,0,0,0,0,0,0,0,0,0,0,0,0,0,0,0,0,0,0,0,0,0,6,2022,0,0,0,0,0,0,6
tracemcsorley_ari_2022_6,ari_2022_6,tracemcsorley_ari_2022,ari_2022,tracemcsorley,32819,qb,ari,1,3.56,2.53,4.7,0,0,0,0,0,0,0,0,0,0,0,0,0,0,0,0,0,0,0,0,0,0,0,0,0,0,0,0,0,0,0,0,0,0,0,0,0,0,0,0,0,0,0,0,0,0,0,0,0,0,0,0,0,0,0,0,0,0,0,0,0,0,0,0,0,0,0,0,0,0,0,0,0,0,0,0,0,0,0,6,2022,0,0,0,0,0,0,6
jordanlove_gb_2022_6,gb_2022_6,jordanlove_gb_2022,gb_2022,jordanlove,40306,qb,gb,1,2.23,2.23,,0,0,0,0,0,0,0,0,0,0,0,0,0,0,0,0,0,0,0,0,0,0,0,0,0,0,0,0,0,0,0,0,0,0,0,0,0,0,0,0,0,0,0,0,0,0,0,0,0,0,0,0,0,0,0,0,0,0,0,0,0,0,0,0,0,0,0,0,0,0,0,0,0,0,0,0,0,0,0,6,2022,0,0,0,0,0,0,6
jeffdriskel_hou_2022_6,hou_2022_6,jeffdriskel_hou_2022,hou_2022,jeffdriskel,10841,qb,hou,1,4.9,,,0,0,0,0,0,0,0,0,0,0,0,0,0,0,0,0,0,0,0,0,0,0,0,0,0,0,0,0,0,0,0,0,0,0,0,0,0,0,0,0,0,0,0,0,0,0,0,0,0,0,0,0,0,0,0,0,0,0,0,0,0,0,0,0,0,0,0,0,0,0,0,0,0,0,0,0,0,0,0,6,2022,0,0,0,0,0,0,6
carsonwentz_was_2022_6,was_2022_6,carsonwentz_was_2022,was_2022,carsonwentz,10636,qb,was,1,2.87,2.7,3.84,0,0,0,0,0,0,0,0,0,0,0,0,0,0,0,0,0,0,0,0,0,0,0,0,0,0,0,0,0,0,0,0,0,0,0,0,0,0,0,0,0,0,0,0,0,0,0,0,0,0,0,0,0,0,0,0,0,0,0,0,0,0,0,0,0,0,0,0,0,0,0,0,0,0,0,0,0,0,0,6,2022,0,0,0,0,0,0,6
kylermurray_ari_2022_6,ari_2022_6,kylermurray_ari_2022,ari_2022,kylermurray,38334,qb,ari,1,2.43,2.28,2.8,0,0,0,0,0,0,0,0,0,0,0,0,0,0,0,0,0,0,0,0,0,0,0,0,0,0,0,0,0,0,0,0,0,0,0,0,0,0,0,0,0,0,0,0,0,0,0,0,0,0,0,0,0,0,0,0,0,0,0,0,0,0,0,0,0,0,0,0,0,0,0,0,0,0,0,0,0,0,0,6,2022,0,0,0,0,0,0,6
kirkcousins_min_2022_6,min_2022_6,kirkcousins_min_2022,min_2022,kirkcousins,7102,qb,min,1,2.54,2.44,2.6,0,0,0,0,0,0,0,0,0,0,0,0,0,0,0,0,0,0,0,0,0,0,0,0,0,0,0,0,0,0,0,0,0,0,0,0,0,0,0,0,0,0,0,0,0,0,0,0,0,0,0,0,0,0,0,0,0,0,0,0,0,0,0,0,0,0,0,0,0,0,0,0,0,0,0,0,0,0,0,6,2022,0,0,0,0,0,0,6
justinherbert_lac_2022_6,lac_2022_6,justinherbert_lac_2022,lac_2022,justinherbert,28237,qb,lac,1,2.69,2.58,5.4,0,0,0,0,0,0,0,0,0,0,0,0,0,0,0,0,0,0,0,0,0,0,0,0,0,0,0,0,0,0,0,0,0,0,0,0,0,0,0,0,0,0,0,0,0,0,0,0,0,0,0,0,0,0,0,0,0,0,0,0,0,0,0,0,0,0,0,0,0,0,0,0,0,0,0,0,0,0,0,6,2022,0,0,0,0,0,0,6
jameiswinston_no_2022_6,no_2022_6,jameiswinston_no_2022,no_2022,jameiswinston,9434,qb,no,1,2.76,2.54,3.73,0,0,0,0,0,0,0,0,0,0,0,0,0,0,0,0,0,0,0,0,0,0,0,0,0,0,0,0,0,0,0,0,0,0,0,0,0,0,0,0,0,0,0,0,0,0,0,0,0,0,0,0,0,0,0,0,0,0,0,0,0,0,0,0,0,0,0,0,0,0,0,0,0,0,0,0,0,0,0,6,2022,0,0,0,0,0,0,6
joeflacco_nyj_2022_6,nyj_2022_6,joeflacco_nyj_2022,nyj_2022,joeflacco,4332,qb,nyj,1,2.64,2.62,2.05,0,0,0,0,0,0,0,0,0,0,0,0,0,0,0,0,0,0,0,0,0,0,0,0,0,0,0,0,0,0,0,0,0,0,0,0,0,0,0,0,0,0,0,0,0,0,0,0,0,0,0,0,0,0,0,0,0,0,0,0,0,0,0,0,0,0,0,0,0,0,0,0,0,0,0,0,0,0,0,6,2022,0,0,0,0,0,0,6
joeburrow_cin_2022_6,cin_2022_6,joeburrow_cin_2022,cin_2022,joeburrow,28022,qb,cin,1,2.46,2.17,3.43,0,0,0,0,0,0,0,0,0,0,0,0,0,0,0,0,0,0,0,0,0,0,0,0,0,0,0,0,0,0,0,0,0,0,0,0,0,0,0,0,0,0,0,0,0,0,0,0,0,0,0,0,0,0,0,0,0,0,0,0,0,0,0,0,0,0,0,0,0,0,0,0,0,0,0,0,0,0,0,6,2022,0,0,0,0,0,0,6
danieljones_nyg_2022_6,nyg_2022_6,danieljones_nyg_2022,nyg_2022,danieljones,39395,qb,nyg,1,3.27,3.03,3.57,0,0,0,0,0,0,0,0,0,0,0,0,0,0,0,0,0,0,0,0,0,0,0,0,0,0,0,0,0,0,0,0,0,0,0,0,0,0,0,0,0,0,0,0,0,0,0,0,0,0,0,0,0,0,0,0,0,0,0,0,0,0,0,0,0,0,0,0,0,0,0,0,0,0,0,0,0,0,0,6,2022,0,0,0,0,0,0,6
derekcarr_lv_2022_6,lv_2022_6,derekcarr_lv_2022,lv_2022,derekcarr,8671,qb,lv,1,2.21,2.14,2.4,0,0,0,0,0,0,0,0,0,0,0,0,0,0,0,0,0,0,0,0,0,0,0,0,0,0,0,0,0,0,0,0,0,0,0,0,0,0,0,0,0,0,0,0,0,0,0,0,0,0,0,0,0,0,0,0,0,0,0,0,0,0,0,0,0,0,0,0,0,0,0,0,0,0,0,0,0,0,0,6,2022,0,0,0,0,0,0,6
davismills_hou_2022_6,hou_2022_6,davismills_hou_2022,hou_2022,davismills,52269,qb,hou,1,2.43,2.4,2.77,0,0,0,0,0,0,0,0,0,0,0,0,0,0,0,0,0,0,0,0,0,0,0,0,0,0,0,0,0,0,0,0,0,0,0,0,0,0,0,0,0,0,0,0,0,0,0,0,0,0,0,0,0,0,0,0,0,0,0,0,0,0,0,0,0,0,0,0,0,0,0,0,0,0,0,0,0,0,0,6,2022,0,0,0,0,0,0,6
joshallen_buf_2022_6,buf_2022_6,joshallen_buf_2022,buf_2022,joshallen,46601,qb,buf,1,2.54,2.45,3.2,0,0,0,0,0,0,0,0,0,0,0,0,0,0,0,0,0,0,0,0,0,0,0,0,0,0,0,0,0,0,0,0,0,0,0,0,0,0,0,0,0,0,0,0,0,0,0,0,0,0,0,0,0,0,0,0,0,0,0,0,0,0,0,0,0,0,0,0,0,0,0,0,0,0,0,0,0,0,0,6,2022,0,0,0,0,0,0,6
macjones_ne_2022_6,ne_2022_6,macjones_ne_2022,ne_2022,macjones,60323,qb,ne,1,2.81,2.62,,0,0,0,0,0,0,0,0,0,0,0,0,0,0,0,0,0,0,0,0,0,0,0,0,0,0,0,0,0,0,0,0,0,0,0,0,0,0,0,0,0,0,0,0,0,0,0,0,0,0,0,0,0,0,0,0,0,0,0,0,0,0,0,0,0,0,0,0,0,0,0,0,0,0,0,0,0,0,0,6,2022,0,0,0,0,0,0,6
jalenhurts_phi_2022_6,phi_2022_6,jalenhurts_phi_2022,phi_2022,jalenhurts,40291,qb,phi,1,3.0,2.61,4.0,0,0,0,0,0,0,0,0,0,0,0,0,0,0,0,0,0,0,0,0,0,0,0,0,0,0,0,0,0,0,0,0,0,0,0,0,0,0,0,0,0,0,0,0,0,0,0,0,0,0,0,0,0,0,0,0,0,0,0,0,0,0,0,0,0,0,0,0,0,0,0,0,0,0,0,0,0,0,0,6,2022,0,0,0,0,0,0,6
mitchelltrubisky_pit_2022_6,pit_2022_6,mitchelltrubisky_pit_2022,pit_2022,mitchelltrubisky,11757,qb,pit,1,2.57,2.38,4.2,0,0,0,0,0,0,0,0,0,0,0,0,0,0,0,0,0,0,0,0,0,0,0,0,0,0,0,0,0,0,0,0,0,0,0,0,0,0,0,0,0,0,0,0,0,0,0,0,0,0,0,0,0,0,0,0,0,0,0,0,0,0,0,0,0,0,0,0,0,0,0,0,0,0,0,0,0,0,0,6,2022,0,0,0,0,0,0,6
matthewstafford_lar_2022_6,lar_2022_6,matthewstafford_lar_2022,lar_2022,matthewstafford,4924,qb,lar,1,2.59,2.51,5.4,0,0,0,0,0,0,0,0,0,0,0,0,0,0,0,0,0,0,0,0,0,0,0,0,0,0,0,0,0,0,0,0,0,0,0,0,0,0,0,0,0,0,0,0,0,0,0,0,0,0,0,0,0,0,0,0,0,0,0,0,0,0,0,0,0,0,0,0,0,0,0,0,0,0,0,0,0,0,0,6,2022,0,0,0,0,0,0,6
jaredgoff_det_2022_6,det_2022_6,jaredgoff_det_2022,det_2022,jaredgoff,10635,qb,det,1,2.63,2.57,3.3,0,0,0,0,0,0,0,0,0,0,0,0,0,0,0,0,0,0,0,0,0,0,0,0,0,0,0,0,0,0,0,0,0,0,0,0,0,0,0,0,0,0,0,0,0,0,0,0,0,0,0,0,0,0,0,0,0,0,0,0,0,0,0,0,0,0,0,0,0,0,0,0,0,0,0,0,0,0,0,6,2022,0,0,0,0,0,0,6
patrickmahomes_kc_2022_6,kc_2022_6,patrickmahomes_kc_2022,kc_2022,patrickmahomes,11765,qb,kc,1,2.46,2.44,2.9,0,0,0,0,0,0,0,0,0,0,0,0,0,0,0,0,0,0,0,0,0,0,0,0,0,0,0,0,0,0,0,0,0,0,0,0,0,0,0,0,0,0,0,0,0,0,0,0,0,0,0,0,0,0,0,0,0,0,0,0,0,0,0,0,0,0,0,0,0,0,0,0,0,0,0,0,0,0,0,6,2022,0,0,0,0,0,0,6
tombrady_tb_2022_6,tb_2022_6,tombrady_tb_2022,tb_2022,tombrady,698,qb,tb,1,2.32,2.3,3.1,0,0,0,0,0,0,0,0,0,0,0,0,0,0,0,0,0,0,0,0,0,0,0,0,0,0,0,0,0,0,0,0,0,0,0,0,0,0,0,0,0,0,0,0,0,0,0,0,0,0,0,0,0,0,0,0,0,0,0,0,0,0,0,0,0,0,0,0,0,0,0,0,0,0,0,0,0,0,0,6,2022,0,0,0,0,0,0,6
mattryan_ind_2022_6,ind_2022_6,mattryan_ind_2022,ind_2022,mattryan,4317,qb,ind,1,2.95,2.8,3.86,0,0,0,0,0,0,0,0,0,0,0,0,0,0,0,0,0,0,0,0,0,0,0,0,0,0,0,0,0,0,0,0,0,0,0,0,0,0,0,0,0,0,0,0,0,0,0,0,0,0,0,0,0,0,0,0,0,0,0,0,0,0,0,0,0,0,0,0,0,0,0,0,0,0,0,0,0,0,0,6,2022,0,0,0,0,0,0,6
russellwilson_den_2022_6,den_2022_6,russellwilson_den_2022,den_2022,russellwilson,7077,qb,den,1,2.76,2.63,3.57,0,0,0,0,0,0,0,0,0,0,0,0,0,0,0,0,0,0,0,0,0,0,0,0,0,0,0,0,0,0,0,0,0,0,0,0,0,0,0,0,0,0,0,0,0,0,0,0,0,0,0,0,0,0,0,0,0,0,0,0,0,0,0,0,0,0,0,0,0,0,0,0,0,0,0,0,0,0,0,6,2022,0,0,0,0,0,0,6
cooperrush_dal_2022_6,dal_2022_6,cooperrush_dal_2022,dal_2022,cooperrush,12324,qb,dal,1,2.27,2.22,3.2,0,0,0,0,0,0,0,0,0,0,0,0,0,0,0,0,0,0,0,0,0,0,0,0,0,0,0,0,0,0,0,0,0,0,0,0,0,0,0,0,0,0,0,0,0,0,0,0,0,0,0,0,0,0,0,0,0,0,0,0,0,0,0,0,0,0,0,0,0,0,0,0,0,0,0,0,0,0,0,6,2022,0,0,0,0,0,0,6
genosmith_sea_2022_6,sea_2022_6,genosmith_sea_2022,sea_2022,genosmith,7820,qb,sea,1,2.66,2.61,3.45,0,0,0,0,0,0,0,0,0,0,0,0,0,0,0,0,0,0,0,0,0,0,0,0,0,0,0,0,0,0,0,0,0,0,0,0,0,0,0,0,0,0,0,0,0,0,0,0,0,0,0,0,0,0,0,0,0,0,0,0,0,0,0,0,0,0,0,0,0,0,0,0,0,0,0,0,0,0,0,6,2022,0,0,0,0,0,0,6
jacobybrissett_cle_2022_6,cle_2022_6,jacobybrissett_cle_2022,cle_2022,jacobybrissett,10725,qb,cle,1,2.93,2.61,2.7,0,0,0,0,0,0,0,0,0,0,0,0,0,0,0,0,0,0,0,0,0,0,0,0,0,0,0,0,0,0,0,0,0,0,0,0,0,0,0,0,0,0,0,0,0,0,0,0,0,0,0,0,0,0,0,0,0,0,0,0,0,0,0,0,0,0,0,0,0,0,0,0,0,0,0,0,0,0,0,6,2022,0,0,0,0,0,0,6
marcusmariota_atl_2022_6,atl_2022_6,marcusmariota_atl_2022,atl_2022,marcusmariota,9435,qb,atl,1,3.19,2.79,4.3,0,0,0,0,0,0,0,0,0,0,0,0,0,0,0,0,0,0,0,0,0,0,0,0,0,0,0,0,0,0,0,0,0,0,0,0,0,0,0,0,0,0,0,0,0,0,0,0,0,0,0,0,0,0,0,0,0,0,0,0,0,0,0,0,0,0,0,0,0,0,0,0,0,0,0,0,0,0,0,6,2022,0,0,0,0,0,0,6
trevorlawrence_jax_2022_6,jax_2022_6,trevorlawrence_jax_2022,jax_2022,trevorlawrence,77632,qb,jax,1,2.31,2.38,,0,0,0,0,0,0,0,0,0,0,0,0,0,0,0,0,0,0,0,0,0,0,0,0,0,0,0,0,0,0,0,0,0,0,0,0,0,0,0,0,0,0,0,0,0,0,0,0,0,0,0,0,0,0,0,0,0,0,0,0,0,0,0,0,0,0,0,0,0,0,0,0,0,0,0,0,0,0,0,6,2022,0,0,0,0,0,0,6
lamarjackson_bal_2022_6,bal_2022_6,lamarjackson_bal_2022,bal_2022,lamarjackson,46416,qb,bal,1,2.66,2.53,,0,0,0,0,0,0,0,0,0,0,0,0,0,0,0,0,0,0,0,0,0,0,0,0,0,0,0,0,0,0,0,0,0,0,0,0,0,0,0,0,0,0,0,0,0,0,0,0,0,0,0,0,0,0,0,0,0,0,0,0,0,0,0,0,0,0,0,0,0,0,0,0,0,0,0,0,0,0,0,6,2022,0,0,0,0,0,0,6
aaronrodgers_gb_2022_6,gb_2022_6,aaronrodgers_gb_2022,gb_2022,aaronrodgers,2241,qb,gb,1,2.64,2.39,3.13,0,0,0,0,0,0,0,0,0,0,0,0,0,0,0,0,0,0,0,0,0,0,0,0,0,0,0,0,0,0,0,0,0,0,0,0,0,0,0,0,0,0,0,0,0,0,0,0,0,0,0,0,0,0,0,0,0,0,0,0,0,0,0,0,0,0,0,0,0,0,0,0,0,0,0,0,0,0,0,6,2022,0,0,0,0,0,0,6
jimmygaroppolo_sf_2022_6,sf_2022_6,jimmygaroppolo_sf_2022,sf_2022,jimmygaroppolo,8697,qb,sf,1,2.25,2.19,3.5,0,0,0,0,0,0,0,0,0,0,0,0,0,0,0,0,0,0,0,0,0,0,0,0,0,0,0,0,0,0,0,0,0,0,0,0,0,0,0,0,0,0,0,0,0,0,0,0,0,0,0,0,0,0,0,0,0,0,0,0,0,0,0,0,0,0,0,0,0,0,0,0,0,0,0,0,0,0,0,6,2022,0,0,0,0,0,0,6
ryantannehill_ten_2022_6,ten_2022_6,ryantannehill_ten_2022,ten_2022,ryantannehill,7014,qb,ten,1,2.45,2.45,2.5,0,0,0,0,0,0,0,0,0,0,0,0,0,0,0,0,0,0,0,0,0,0,0,0,0,0,0,0,0,0,0,0,0,0,0,0,0,0,0,0,0,0,0,0,0,0,0,0,0,0,0,0,0,0,0,0,0,0,0,0,0,0,0,0,0,0,0,0,0,0,0,0,0,0,0,0,0,0,0,6,2022,0,0,0,0,0,0,6
justinfields_chi_2022_6,chi_2022_6,justinfields_chi_2022,chi_2022,justinfields,82118,qb,chi,1,3.4,2.95,3.93,0,0,0,0,0,0,0,0,0,0,0,0,0,0,0,0,0,0,0,0,0,0,0,0,0,0,0,0,0,0,0,0,0,0,0,0,0,0,0,0,0,0,0,0,0,0,0,0,0,0,0,0,0,0,0,0,0,0,0,0,0,0,0,0,0,0,0,0,0,0,0,0,0,0,0,0,0,0,0,6,2022,0,0,0,0,0,0,6
malikwillis_ten_2022_6,ten_2022_6,malikwillis_ten_2022,ten_2022,malikwillis,60341,qb,ten,1,3.7,3.18,,0,0,0,0,0,0,0,0,0,0,0,0,0,0,0,0,0,0,0,0,0,0,0,0,0,0,0,0,0,0,0,0,0,0,0,0,0,0,0,0,0,0,0,0,0,0,0,0,0,0,0,0,0,0,0,0,0,0,0,0,0,0,0,0,0,0,0,0,0,0,0,0,0,0,0,0,0,0,0,6,2022,0,0,0,0,0,0,6
casekeenum_buf_2022_6,buf_2022_6,casekeenum_buf_2022,buf_2022,casekeenum,7323,qb,buf,1,1.85,1.85,,0,0,0,0,0,0,0,0,0,0,0,0,0,0,0,0,0,0,0,0,0,0,0,0,0,0,0,0,0,0,0,0,0,0,0,0,0,0,0,0,0,0,0,0,0,0,0,0,0,0,0,0,0,0,0,0,0,0,0,0,0,0,0,0,0,0,0,0,0,0,0,0,0,0,0,0,0,0,0,6,2022,0,0,0,0,0,0,6
joshallen_buf_2022_6,buf_2022_6,joshallen_buf_2022,buf_2022,joshallen,46601,qb,buf,1,2.78,2.68,3.55,0,0,0,0,0,0,0,0,0,0,0,0,0,0,0,0,0,0,0,0,0,0,0,0,0,0,0,0,0,0,0,0,0,0,0,0,0,0,0,0,0,0,0,0,0,0,0,0,0,0,0,0,0,0,0,0,0,0,0,0,0,0,0,0,0,0,0,0,0,0,0,0,0,0,0,0,0,0,0,6,2022,0,0,0,0,0,0,6
kylermurray_ari_2022_6,ari_2022_6,kylermurray_ari_2022,ari_2022,kylermurray,38334,qb,ari,1,2.21,2.06,3.9,0,0,0,0,0,0,0,0,0,0,0,0,0,0,0,0,0,0,0,0,0,0,0,0,0,0,0,0,0,0,0,0,0,0,0,0,0,0,0,0,0,0,0,0,0,0,0,0,0,0,0,0,0,0,0,0,0,0,0,0,0,0,0,0,0,0,0,0,0,0,0,0,0,0,0,0,0,0,0,6,2022,0,0,0,0,0,0,6
joeflacco_nyj_2022_6,nyj_2022_6,joeflacco_nyj_2022,nyj_2022,joeflacco,4332,qb,nyj,1,2.61,2.6,2.75,0,0,0,0,0,0,0,0,0,0,0,0,0,0,0,0,0,0,0,0,0,0,0,0,0,0,0,0,0,0,0,0,0,0,0,0,0,0,0,0,0,0,0,0,0,0,0,0,0,0,0,0,0,0,0,0,0,0,0,0,0,0,0,0,0,0,0,0,0,0,0,0,0,0,0,0,0,0,0,6,2022,0,0,0,0,0,0,6
carsonwentz_was_2022_6,was_2022_6,carsonwentz_was_2022,was_2022,carsonwentz,10636,qb,was,1,2.7,2.45,3.3,0,0,0,0,0,0,0,0,0,0,0,0,0,0,0,0,0,0,0,0,0,0,0,0,0,0,0,0,0,0,0,0,0,0,0,0,0,0,0,0,0,0,0,0,0,0,0,0,0,0,0,0,0,0,0,0,0,0,0,0,0,0,0,0,0,0,0,0,0,0,0,0,0,0,0,0,0,0,0,6,2022,0,0,0,0,0,0,6
danieljones_nyg_2022_6,nyg_2022_6,danieljones_nyg_2022,nyg_2022,danieljones,39395,qb,nyg,1,3.37,3.02,3.34,0,0,0,0,0,0,0,0,0,0,0,0,0,0,0,0,0,0,0,0,0,0,0,0,0,0,0,0,0,0,0,0,0,0,0,0,0,0,0,0,0,0,0,0,0,0,0,0,0,0,0,0,0,0,0,0,0,0,0,0,0,0,0,0,0,0,0,0,0,0,0,0,0,0,0,0,0,0,0,6,2022,0,0,0,0,0,0,6
derekcarr_lv_2022_6,lv_2022_6,derekcarr_lv_2022,lv_2022,derekcarr,8671,qb,lv,1,2.83,2.75,2.8,0,0,0,0,0,0,0,0,0,0,0,0,0,0,0,0,0,0,0,0,0,0,0,0,0,0,0,0,0,0,0,0,0,0,0,0,0,0,0,0,0,0,0,0,0,0,0,0,0,0,0,0,0,0,0,0,0,0,0,0,0,0,0,0,0,0,0,0,0,0,0,0,0,0,0,0,0,0,0,6,2022,0,0,0,0,0,0,6
justinherbert_lac_2022_6,lac_2022_6,justinherbert_lac_2022,lac_2022,justinherbert,28237,qb,lac,1,2.84,2.75,3.7,0,0,0,0,0,0,0,0,0,0,0,0,0,0,0,0,0,0,0,0,0,0,0,0,0,0,0,0,0,0,0,0,0,0,0,0,0,0,0,0,0,0,0,0,0,0,0,0,0,0,0,0,0,0,0,0,0,0,0,0,0,0,0,0,0,0,0,0,0,0,0,0,0,0,0,0,0,0,0,6,2022,0,0,0,0,0,0,6
genosmith_sea_2022_6,sea_2022_6,genosmith_sea_2022,sea_2022,genosmith,7820,qb,sea,1,2.37,2.37,2.45,0,0,0,0,0,0,0,0,0,0,0,0,0,0,0,0,0,0,0,0,0,0,0,0,0,0,0,0,0,0,0,0,0,0,0,0,0,0,0,0,0,0,0,0,0,0,0,0,0,0,0,0,0,0,0,0,0,0,0,0,0,0,0,0,0,0,0,0,0,0,0,0,0,0,0,0,0,0,0,6,2022,0,0,0,0,0,0,6
tombrady_tb_2022_6,tb_2022_6,tombrady_tb_2022,tb_2022,tombrady,698,qb,tb,1,2.17,2.06,3.73,0,0,0,0,0,0,0,0,0,0,0,0,0,0,0,0,0,0,0,0,0,0,0,0,0,0,0,0,0,0,0,0,0,0,0,0,0,0,0,0,0,0,0,0,0,0,0,0,0,0,0,0,0,0,0,0,0,0,0,0,0,0,0,0,0,0,0,0,0,0,0,0,0,0,0,0,0,0,0,6,2022,0,0,0,0,0,0,6
mattryan_ind_2022_6,ind_2022_6,mattryan_ind_2022,ind_2022,mattryan,4317,qb,ind,1,2.48,2.32,3.08,0,0,0,0,0,0,0,0,0,0,0,0,0,0,0,0,0,0,0,0,0,0,0,0,0,0,0,0,0,0,0,0,0,0,0,0,0,0,0,0,0,0,0,0,0,0,0,0,0,0,0,0,0,0,0,0,0,0,0,0,0,0,0,0,0,0,0,0,0,0,0,0,0,0,0,0,0,0,0,6,2022,0,0,0,0,0,0,6
jaredgoff_det_2022_6,det_2022_6,jaredgoff_det_2022,det_2022,jaredgoff,10635,qb,det,1,2.88,2.81,,0,0,0,0,0,0,0,0,0,0,0,0,0,0,0,0,0,0,0,0,0,0,0,0,0,0,0,0,0,0,0,0,0,0,0,0,0,0,0,0,0,0,0,0,0,0,0,0,0,0,0,0,0,0,0,0,0,0,0,0,0,0,0,0,0,0,0,0,0,0,0,0,0,0,0,0,0,0,0,6,2022,0,0,0,0,0,0,6
patrickmahomes_kc_2022_6,kc_2022_6,patrickmahomes_kc_2022,kc_2022,patrickmahomes,11765,qb,kc,1,3.09,2.97,4.0,0,0,0,0,0,0,0,0,0,0,0,0,0,0,0,0,0,0,0,0,0,0,0,0,0,0,0,0,0,0,0,0,0,0,0,0,0,0,0,0,0,0,0,0,0,0,0,0,0,0,0,0,0,0,0,0,0,0,0,0,0,0,0,0,0,0,0,0,0,0,0,0,0,0,0,0,0,0,0,6,2022,0,0,0,0,0,0,6
jameiswinston_no_2022_6,no_2022_6,jameiswinston_no_2022,no_2022,jameiswinston,9434,qb,no,1,2.52,2.53,2.1,0,0,0,0,0,0,0,0,0,0,0,0,0,0,0,0,0,0,0,0,0,0,0,0,0,0,0,0,0,0,0,0,0,0,0,0,0,0,0,0,0,0,0,0,0,0,0,0,0,0,0,0,0,0,0,0,0,0,0,0,0,0,0,0,0,0,0,0,0,0,0,0,0,0,0,0,0,0,0,6,2022,0,0,0,0,0,0,6
kirkcousins_min_2022_6,min_2022_6,kirkcousins_min_2022,min_2022,kirkcousins,7102,qb,min,1,2.86,2.83,3.8,0,0,0,0,0,0,0,0,0,0,0,0,0,0,0,0,0,0,0,0,0,0,0,0,0,0,0,0,0,0,0,0,0,0,0,0,0,0,0,0,0,0,0,0,0,0,0,0,0,0,0,0,0,0,0,0,0,0,0,0,0,0,0,0,0,0,0,0,0,0,0,0,0,0,0,0,0,0,0,6,2022,0,0,0,0,0,0,6
jalenhurts_phi_2022_6,phi_2022_6,jalenhurts_phi_2022,phi_2022,jalenhurts,40291,qb,phi,1,3.01,2.7,4.3,0,0,0,0,0,0,0,0,0,0,0,0,0,0,0,0,0,0,0,0,0,0,0,0,0,0,0,0,0,0,0,0,0,0,0,0,0,0,0,0,0,0,0,0,0,0,0,0,0,0,0,0,0,0,0,0,0,0,0,0,0,0,0,0,0,0,0,0,0,0,0,0,0,0,0,0,0,0,0,6,2022,0,0,0,0,0,0,6
macjones_ne_2022_6,ne_2022_6,macjones_ne_2022,ne_2022,macjones,60323,qb,ne,1,3.1,2.73,3.37,0,0,0,0,0,0,0,0,0,0,0,0,0,0,0,0,0,0,0,0,0,0,0,0,0,0,0,0,0,0,0,0,0,0,0,0,0,0,0,0,0,0,0,0,0,0,0,0,0,0,0,0,0,0,0,0,0,0,0,0,0,0,0,0,0,0,0,0,0,0,0,0,0,0,0,0,0,0,0,6,2022,0,0,0,0,0,0,6
russellwilson_den_2022_6,den_2022_6,russellwilson_den_2022,den_2022,russellwilson,7077,qb,den,1,2.69,2.54,2.93,0,0,0,0,0,0,0,0,0,0,0,0,0,0,0,0,0,0,0,0,0,0,0,0,0,0,0,0,0,0,0,0,0,0,0,0,0,0,0,0,0,0,0,0,0,0,0,0,0,0,0,0,0,0,0,0,0,0,0,0,0,0,0,0,0,0,0,0,0,0,0,0,0,0,0,0,0,0,0,6,2022,0,0,0,0,0,0,6
trevorlawrence_jax_2022_6,jax_2022_6,trevorlawrence_jax_2022,jax_2022,trevorlawrence,77632,qb,jax,1,2.28,2.2,,0,0,0,0,0,0,0,0,0,0,0,0,0,0,0,0,0,0,0,0,0,0,0,0,0,0,0,0,0,0,0,0,0,0,0,0,0,0,0,0,0,0,0,0,0,0,0,0,0,0,0,0,0,0,0,0,0,0,0,0,0,0,0,0,0,0,0,0,0,0,0,0,0,0,0,0,0,0,0,6,2022,0,0,0,0,0,0,6
joeburrow_cin_2022_6,cin_2022_6,joeburrow_cin_2022,cin_2022,joeburrow,28022,qb,cin,1,2.69,2.67,2.5,0,0,0,0,0,0,0,0,0,0,0,0,0,0,0,0,0,0,0,0,0,0,0,0,0,0,0,0,0,0,0,0,0,0,0,0,0,0,0,0,0,0,0,0,0,0,0,0,0,0,0,0,0,0,0,0,0,0,0,0,0,0,0,0,0,0,0,0,0,0,0,0,0,0,0,0,0,0,0,6,2022,0,0,0,0,0,0,6
aaronrodgers_gb_2022_6,gb_2022_6,aaronrodgers_gb_2022,gb_2022,aaronrodgers,2241,qb,gb,1,2.4,2.38,3.1,0,0,0,0,0,0,0,0,0,0,0,0,0,0,0,0,0,0,0,0,0,0,0,0,0,0,0,0,0,0,0,0,0,0,0,0,0,0,0,0,0,0,0,0,0,0,0,0,0,0,0,0,0,0,0,0,0,0,0,0,0,0,0,0,0,0,0,0,0,0,0,0,0,0,0,0,0,0,0,6,2022,0,0,0,0,0,0,6
lamarjackson_bal_2022_6,bal_2022_6,lamarjackson_bal_2022,bal_2022,lamarjackson,46416,qb,bal,1,3.55,3.18,5.88,0,0,0,0,0,0,0,0,0,0,0,0,0,0,0,0,0,0,0,0,0,0,0,0,0,0,0,0,0,0,0,0,0,0,0,0,0,0,0,0,0,0,0,0,0,0,0,0,0,0,0,0,0,0,0,0,0,0,0,0,0,0,0,0,0,0,0,0,0,0,0,0,0,0,0,0,0,0,0,6,2022,0,0,0,0,0,0,6
mitchelltrubisky_pit_2022_6,pit_2022_6,mitchelltrubisky_pit_2022,pit_2022,mitchelltrubisky,11757,qb,pit,1,2.89,2.85,4.2,0,0,0,0,0,0,0,0,0,0,0,0,0,0,0,0,0,0,0,0,0,0,0,0,0,0,0,0,0,0,0,0,0,0,0,0,0,0,0,0,0,0,0,0,0,0,0,0,0,0,0,0,0,0,0,0,0,0,0,0,0,0,0,0,0,0,0,0,0,0,0,0,0,0,0,0,0,0,0,6,2022,0,0,0,0,0,0,6
jimmygaroppolo_sf_2022_6,sf_2022_6,jimmygaroppolo_sf_2022,sf_2022,jimmygaroppolo,8697,qb,sf,1,2.5,2.38,3.38,0,0,0,0,0,0,0,0,0,0,0,0,0,0,0,0,0,0,0,0,0,0,0,0,0,0,0,0,0,0,0,0,0,0,0,0,0,0,0,0,0,0,0,0,0,0,0,0,0,0,0,0,0,0,0,0,0,0,0,0,0,0,0,0,0,0,0,0,0,0,0,0,0,0,0,0,0,0,0,6,2022,0,0,0,0,0,0,6
jacobybrissett_cle_2022_6,cle_2022_6,jacobybrissett_cle_2022,cle_2022,jacobybrissett,10725,qb,cle,1,2.42,2.42,2.55,0,0,0,0,0,0,0,0,0,0,0,0,0,0,0,0,0,0,0,0,0,0,0,0,0,0,0,0,0,0,0,0,0,0,0,0,0,0,0,0,0,0,0,0,0,0,0,0,0,0,0,0,0,0,0,0,0,0,0,0,0,0,0,0,0,0,0,0,0,0,0,0,0,0,0,0,0,0,0,6,2022,0,0,0,0,0,0,6
davismills_hou_2022_6,hou_2022_6,davismills_hou_2022,hou_2022,davismills,52269,qb,hou,1,2.5,2.5,2.6,0,0,0,0,0,0,0,0,0,0,0,0,0,0,0,0,0,0,0,0,0,0,0,0,0,0,0,0,0,0,0,0,0,0,0,0,0,0,0,0,0,0,0,0,0,0,0,0,0,0,0,0,0,0,0,0,0,0,0,0,0,0,0,0,0,0,0,0,0,0,0,0,0,0,0,0,0,0,0,6,2022,0,0,0,0,0,0,6
cooperrush_dal_2022_6,dal_2022_6,cooperrush_dal_2022,dal_2022,cooperrush,12324,qb,dal,1,2.3,2.3,,0,0,0,0,0,0,0,0,0,0,0,0,0,0,0,0,0,0,0,0,0,0,0,0,0,0,0,0,0,0,0,0,0,0,0,0,0,0,0,0,0,0,0,0,0,0,0,0,0,0,0,0,0,0,0,0,0,0,0,0,0,0,0,0,0,0,0,0,0,0,0,0,0,0,0,0,0,0,0,6,2022,0,0,0,0,0,0,6
ryantannehill_ten_2022_6,ten_2022_6,ryantannehill_ten_2022,ten_2022,ryantannehill,7014,qb,ten,1,2.45,2.46,2.2,0,0,0,0,0,0,0,0,0,0,0,0,0,0,0,0,0,0,0,0,0,0,0,0,0,0,0,0,0,0,0,0,0,0,0,0,0,0,0,0,0,0,0,0,0,0,0,0,0,0,0,0,0,0,0,0,0,0,0,0,0,0,0,0,0,0,0,0,0,0,0,0,0,0,0,0,0,0,0,6,2022,0,0,0,0,0,0,6
matthewstafford_lar_2022_6,lar_2022_6,matthewstafford_lar_2022,lar_2022,matthewstafford,4924,qb,lar,1,2.59,2.49,2.8,0,0,0,0,0,0,0,0,0,0,0,0,0,0,0,0,0,0,0,0,0,0,0,0,0,0,0,0,0,0,0,0,0,0,0,0,0,0,0,0,0,0,0,0,0,0,0,0,0,0,0,0,0,0,0,0,0,0,0,0,0,0,0,0,0,0,0,0,0,0,0,0,0,0,0,0,0,0,0,6,2022,0,0,0,0,0,0,6
marcusmariota_atl_2022_6,atl_2022_6,marcusmariota_atl_2022,atl_2022,marcusmariota,9435,qb,atl,1,3.29,3.16,3.17,0,0,0,0,0,0,0,0,0,0,0,0,0,0,0,0,0,0,0,0,0,0,0,0,0,0,0,0,0,0,0,0,0,0,0,0,0,0,0,0,0,0,0,0,0,0,0,0,0,0,0,0,0,0,0,0,0,0,0,0,0,0,0,0,0,0,0,0,0,0,0,0,0,0,0,0,0,0,0,6,2022,0,0,0,0,0,0,6
justinfields_chi_2022_6,chi_2022_6,justinfields_chi_2022,chi_2022,justinfields,82118,qb,chi,1,3.0,2.39,3.36,0,0,0,0,0,0,0,0,0,0,0,0,0,0,0,0,0,0,0,0,0,0,0,0,0,0,0,0,0,0,0,0,0,0,0,0,0,0,0,0,0,0,0,0,0,0,0,0,0,0,0,0,0,0,0,0,0,0,0,0,0,0,0,0,0,0,0,0,0,0,0,0,0,0,0,0,0,0,0,6,2022,0,0,0,0,0,0,6
teddybridgewater_mia_2022_6,mia_2022_6,teddybridgewater_mia_2022,mia_2022,teddybridgewater,8667,qb,mia,1,1.87,1.65,2.3,0,0,0,0,0,0,0,0,0,0,0,0,0,0,0,0,0,0,0,0,0,0,0,0,0,0,0,0,0,0,0,0,0,0,0,0,0,0,0,0,0,0,0,0,0,0,0,0,0,0,0,0,0,0,0,0,0,0,0,0,0,0,0,0,0,0,0,0,0,0,0,0,0,0,0,0,0,0,0,6,2022,0,0,0,0,0,0,6
matthewstafford_lar_2022_6,lar_2022_6,matthewstafford_lar_2022,lar_2022,matthewstafford,4924,qb,lar,1,2.68,2.58,3.09,0,0,0,0,0,0,0,0,0,0,0,0,0,0,0,0,0,0,0,0,0,0,0,0,0,0,0,0,0,0,0,0,0,0,0,0,0,0,0,0,0,0,0,0,0,0,0,0,0,0,0,0,0,0,0,0,0,0,0,0,0,0,0,0,0,0,0,0,0,0,0,0,0,0,0,0,0,0,0,6,2022,0,0,0,0,0,0,6
tombrady_tb_2022_6,tb_2022_6,tombrady_tb_2022,tb_2022,tombrady,698,qb,tb,1,2.14,2.14,2.2,0,0,0,0,0,0,0,0,0,0,0,0,0,0,0,0,0,0,0,0,0,0,0,0,0,0,0,0,0,0,0,0,0,0,0,0,0,0,0,0,0,0,0,0,0,0,0,0,0,0,0,0,0,0,0,0,0,0,0,0,0,0,0,0,0,0,0,0,0,0,0,0,0,0,0,0,0,0,0,6,2022,0,0,0,0,0,0,6
carsonwentz_was_2022_6,was_2022_6,carsonwentz_was_2022,was_2022,carsonwentz,10636,qb,was,1,2.42,2.35,2.35,0,0,0,0,0,0,0,0,0,0,0,0,0,0,0,0,0,0,0,0,0,0,0,0,0,0,0,0,0,0,0,0,0,0,0,0,0,0,0,0,0,0,0,0,0,0,0,0,0,0,0,0,0,0,0,0,0,0,0,0,0,0,0,0,0,0,0,0,0,0,0,0,0,0,0,0,0,0,0,6,2022,0,0,0,0,0,0,6
patrickmahomes_kc_2022_6,kc_2022_6,patrickmahomes_kc_2022,kc_2022,patrickmahomes,11765,qb,kc,1,2.68,2.53,2.63,0,0,0,0,0,0,0,0,0,0,0,0,0,0,0,0,0,0,0,0,0,0,0,0,0,0,0,0,0,0,0,0,0,0,0,0,0,0,0,0,0,0,0,0,0,0,0,0,0,0,0,0,0,0,0,0,0,0,0,0,0,0,0,0,0,0,0,0,0,0,0,0,0,0,0,0,0,0,0,6,2022,0,0,0,0,0,0,6
joshallen_buf_2022_6,buf_2022_6,joshallen_buf_2022,buf_2022,joshallen,46601,qb,buf,1,2.73,2.55,3.0,0,0,0,0,0,0,0,0,0,0,0,0,0,0,0,0,0,0,0,0,0,0,0,0,0,0,0,0,0,0,0,0,0,0,0,0,0,0,0,0,0,0,0,0,0,0,0,0,0,0,0,0,0,0,0,0,0,0,0,0,0,0,0,0,0,0,0,0,0,0,0,0,0,0,0,0,0,0,0,6,2022,0,0,0,0,0,0,6
mattryan_ind_2022_6,ind_2022_6,mattryan_ind_2022,ind_2022,mattryan,4317,qb,ind,1,2.71,2.65,2.97,0,0,0,0,0,0,0,0,0,0,0,0,0,0,0,0,0,0,0,0,0,0,0,0,0,0,0,0,0,0,0,0,0,0,0,0,0,0,0,0,0,0,0,0,0,0,0,0,0,0,0,0,0,0,0,0,0,0,0,0,0,0,0,0,0,0,0,0,0,0,0,0,0,0,0,0,0,0,0,6,2022,0,0,0,0,0,0,6
kirkcousins_min_2022_6,min_2022_6,kirkcousins_min_2022,min_2022,kirkcousins,7102,qb,min,1,2.59,2.57,2.73,0,0,0,0,0,0,0,0,0,0,0,0,0,0,0,0,0,0,0,0,0,0,0,0,0,0,0,0,0,0,0,0,0,0,0,0,0,0,0,0,0,0,0,0,0,0,0,0,0,0,0,0,0,0,0,0,0,0,0,0,0,0,0,0,0,0,0,0,0,0,0,0,0,0,0,0,0,0,0,6,2022,0,0,0,0,0,0,6
jaredgoff_det_2022_6,det_2022_6,jaredgoff_det_2022,det_2022,jaredgoff,10635,qb,det,1,2.66,2.59,2.5,0,0,0,0,0,0,0,0,0,0,0,0,0,0,0,0,0,0,0,0,0,0,0,0,0,0,0,0,0,0,0,0,0,0,0,0,0,0,0,0,0,0,0,0,0,0,0,0,0,0,0,0,0,0,0,0,0,0,0,0,0,0,0,0,0,0,0,0,0,0,0,0,0,0,0,0,0,0,0,6,2022,0,0,0,0,0,0,6
justinherbert_lac_2022_6,lac_2022_6,justinherbert_lac_2022,lac_2022,justinherbert,28237,qb,lac,1,2.71,2.67,4.0,0,0,0,0,0,0,0,0,0,0,0,0,0,0,0,0,0,0,0,0,0,0,0,0,0,0,0,0,0,0,0,0,0,0,0,0,0,0,0,0,0,0,0,0,0,0,0,0,0,0,0,0,0,0,0,0,0,0,0,0,0,0,0,0,0,0,0,0,0,0,0,0,0,0,0,0,0,0,0,6,2022,0,0,0,0,0,0,6
zachwilson_nyj_2022_6,nyj_2022_6,zachwilson_nyj_2022,nyj_2022,zachwilson,82096,qb,nyj,1,3.31,3.31,2.7,0,0,0,0,0,0,0,0,0,0,0,0,0,0,0,0,0,0,0,0,0,0,0,0,0,0,0,0,0,0,0,0,0,0,0,0,0,0,0,0,0,0,0,0,0,0,0,0,0,0,0,0,0,0,0,0,0,0,0,0,0,0,0,0,0,0,0,0,0,0,0,0,0,0,0,0,0,0,0,6,2022,0,0,0,0,0,0,6
derekcarr_lv_2022_6,lv_2022_6,derekcarr_lv_2022,lv_2022,derekcarr,8671,qb,lv,1,2.55,2.29,2.95,0,0,0,0,0,0,0,0,0,0,0,0,0,0,0,0,0,0,0,0,0,0,0,0,0,0,0,0,0,0,0,0,0,0,0,0,0,0,0,0,0,0,0,0,0,0,0,0,0,0,0,0,0,0,0,0,0,0,0,0,0,0,0,0,0,0,0,0,0,0,0,0,0,0,0,0,0,0,0,6,2022,0,0,0,0,0,0,6
davismills_hou_2022_6,hou_2022_6,davismills_hou_2022,hou_2022,davismills,52269,qb,hou,1,2.53,2.47,3.08,0,0,0,0,0,0,0,0,0,0,0,0,0,0,0,0,0,0,0,0,0,0,0,0,0,0,0,0,0,0,0,0,0,0,0,0,0,0,0,0,0,0,0,0,0,0,0,0,0,0,0,0,0,0,0,0,0,0,0,0,0,0,0,0,0,0,0,0,0,0,0,0,0,0,0,0,0,0,0,6,2022,0,0,0,0,0,0,6
lamarjackson_bal_2022_6,bal_2022_6,lamarjackson_bal_2022,bal_2022,lamarjackson,46416,qb,bal,1,3.34,2.89,3.35,0,0,0,0,0,0,0,0,0,0,0,0,0,0,0,0,0,0,0,0,0,0,0,0,0,0,0,0,0,0,0,0,0,0,0,0,0,0,0,0,0,0,0,0,0,0,0,0,0,0,0,0,0,0,0,0,0,0,0,0,0,0,0,0,0,0,0,0,0,0,0,0,0,0,0,0,0,0,0,6,2022,0,0,0,0,0,0,6
jacobybrissett_cle_2022_6,cle_2022_6,jacobybrissett_cle_2022,cle_2022,jacobybrissett,10725,qb,cle,1,3.18,3.03,2.9,0,0,0,0,0,0,0,0,0,0,0,0,0,0,0,0,0,0,0,0,0,0,0,0,0,0,0,0,0,0,0,0,0,0,0,0,0,0,0,0,0,0,0,0,0,0,0,0,0,0,0,0,0,0,0,0,0,0,0,0,0,0,0,0,0,0,0,0,0,0,0,0,0,0,0,0,0,0,0,6,2022,0,0,0,0,0,0,6
aaronrodgers_gb_2022_6,gb_2022_6,aaronrodgers_gb_2022,gb_2022,aaronrodgers,2241,qb,gb,1,2.26,2.17,2.9,0,0,0,0,0,0,0,0,0,0,0,0,0,0,0,0,0,0,0,0,0,0,0,0,0,0,0,0,0,0,0,0,0,0,0,0,0,0,0,0,0,0,0,0,0,0,0,0,0,0,0,0,0,0,0,0,0,0,0,0,0,0,0,0,0,0,0,0,0,0,0,0,0,0,0,0,0,0,0,6,2022,0,0,0,0,0,0,6
justinfields_chi_2022_6,chi_2022_6,justinfields_chi_2022,chi_2022,justinfields,82118,qb,chi,1,3.54,2.92,3.58,0,0,0,0,0,0,0,0,0,0,0,0,0,0,0,0,0,0,0,0,0,0,0,0,0,0,0,0,0,0,0,0,0,0,0,0,0,0,0,0,0,0,0,0,0,0,0,0,0,0,0,0,0,0,0,0,0,0,0,0,0,0,0,0,0,0,0,0,0,0,0,0,0,0,0,0,0,0,0,6,2022,0,0,0,0,0,0,6
joeburrow_cin_2022_6,cin_2022_6,joeburrow_cin_2022,cin_2022,joeburrow,28022,qb,cin,1,2.45,2.32,3.4,0,0,0,0,0,0,0,0,0,0,0,0,0,0,0,0,0,0,0,0,0,0,0,0,0,0,0,0,0,0,0,0,0,0,0,0,0,0,0,0,0,0,0,0,0,0,0,0,0,0,0,0,0,0,0,0,0,0,0,0,0,0,0,0,0,0,0,0,0,0,0,0,0,0,0,0,0,0,0,6,2022,0,0,0,0,0,0,6
kylermurray_ari_2022_6,ari_2022_6,kylermurray_ari_2022,ari_2022,kylermurray,38334,qb,ari,1,2.82,2.54,6.3,0,0,0,0,0,0,0,0,0,0,0,0,0,0,0,0,0,0,0,0,0,0,0,0,0,0,0,0,0,0,0,0,0,0,0,0,0,0,0,0,0,0,0,0,0,0,0,0,0,0,0,0,0,0,0,0,0,0,0,0,0,0,0,0,0,0,0,0,0,0,0,0,0,0,0,0,0,0,0,6,2022,0,0,0,0,0,0,6
genosmith_sea_2022_6,sea_2022_6,genosmith_sea_2022,sea_2022,genosmith,7820,qb,sea,1,2.93,2.81,,0,0,0,0,0,0,0,0,0,0,0,0,0,0,0,0,0,0,0,0,0,0,0,0,0,0,0,0,0,0,0,0,0,0,0,0,0,0,0,0,0,0,0,0,0,0,0,0,0,0,0,0,0,0,0,0,0,0,0,0,0,0,0,0,0,0,0,0,0,0,0,0,0,0,0,0,0,0,0,6,2022,0,0,0,0,0,0,6
russellwilson_den_2022_6,den_2022_6,russellwilson_den_2022,den_2022,russellwilson,7077,qb,den,1,2.63,2.45,2.37,0,0,0,0,0,0,0,0,0,0,0,0,0,0,0,0,0,0,0,0,0,0,0,0,0,0,0,0,0,0,0,0,0,0,0,0,0,0,0,0,0,0,0,0,0,0,0,0,0,0,0,0,0,0,0,0,0,0,0,0,0,0,0,0,0,0,0,0,0,0,0,0,0,0,0,0,0,0,0,6,2022,0,0,0,0,0,0,6
jalenhurts_phi_2022_6,phi_2022_6,jalenhurts_phi_2022,phi_2022,jalenhurts,40291,qb,phi,1,2.75,2.45,3.75,0,0,0,0,0,0,0,0,0,0,0,0,0,0,0,0,0,0,0,0,0,0,0,0,0,0,0,0,0,0,0,0,0,0,0,0,0,0,0,0,0,0,0,0,0,0,0,0,0,0,0,0,0,0,0,0,0,0,0,0,0,0,0,0,0,0,0,0,0,0,0,0,0,0,0,0,0,0,0,6,2022,0,0,0,0,0,0,6
andydalton_no_2022_6,no_2022_6,andydalton_no_2022,no_2022,andydalton,6187,qb,no,1,2.58,2.5,3.75,0,0,0,0,0,0,0,0,0,0,0,0,0,0,0,0,0,0,0,0,0,0,0,0,0,0,0,0,0,0,0,0,0,0,0,0,0,0,0,0,0,0,0,0,0,0,0,0,0,0,0,0,0,0,0,0,0,0,0,0,0,0,0,0,0,0,0,0,0,0,0,0,0,0,0,0,0,0,0,6,2022,0,0,0,0,0,0,6
cooperrush_dal_2022_6,dal_2022_6,cooperrush_dal_2022,dal_2022,cooperrush,12324,qb,dal,1,2.99,2.9,3.0,0,0,0,0,0,0,0,0,0,0,0,0,0,0,0,0,0,0,0,0,0,0,0,0,0,0,0,0,0,0,0,0,0,0,0,0,0,0,0,0,0,0,0,0,0,0,0,0,0,0,0,0,0,0,0,0,0,0,0,0,0,0,0,0,0,0,0,0,0,0,0,0,0,0,0,0,0,0,0,6,2022,0,0,0,0,0,0,6
jimmygaroppolo_sf_2022_6,sf_2022_6,jimmygaroppolo_sf_2022,sf_2022,jimmygaroppolo,8697,qb,sf,1,2.23,2.18,,0,0,0,0,0,0,0,0,0,0,0,0,0,0,0,0,0,0,0,0,0,0,0,0,0,0,0,0,0,0,0,0,0,0,0,0,0,0,0,0,0,0,0,0,0,0,0,0,0,0,0,0,0,0,0,0,0,0,0,0,0,0,0,0,0,0,0,0,0,0,0,0,0,0,0,0,0,0,0,6,2022,0,0,0,0,0,0,6
trevorlawrence_jax_2022_6,jax_2022_6,trevorlawrence_jax_2022,jax_2022,trevorlawrence,77632,qb,jax,1,2.51,2.33,3.53,0,0,0,0,0,0,0,0,0,0,0,0,0,0,0,0,0,0,0,0,0,0,0,0,0,0,0,0,0,0,0,0,0,0,0,0,0,0,0,0,0,0,0,0,0,0,0,0,0,0,0,0,0,0,0,0,0,0,0,0,0,0,0,0,0,0,0,0,0,0,0,0,0,0,0,0,0,0,0,6,2022,0,0,0,0,0,0,6
ryantannehill_ten_2022_6,ten_2022_6,ryantannehill_ten_2022,ten_2022,ryantannehill,7014,qb,ten,1,2.77,2.56,3.6,0,0,0,0,0,0,0,0,0,0,0,0,0,0,0,0,0,0,0,0,0,0,0,0,0,0,0,0,0,0,0,0,0,0,0,0,0,0,0,0,0,0,0,0,0,0,0,0,0,0,0,0,0,0,0,0,0,0,0,0,0,0,0,0,0,0,0,0,0,0,0,0,0,0,0,0,0,0,0,6,2022,0,0,0,0,0,0,6
teddybridgewater_mia_2022_6,mia_2022_6,teddybridgewater_mia_2022,mia_2022,teddybridgewater,8667,qb,mia,1,3.56,3.27,,0,0,0,0,0,0,0,0,0,0,0,0,0,0,0,0,0,0,0,0,0,0,0,0,0,0,0,0,0,0,0,0,0,0,0,0,0,0,0,0,0,0,0,0,0,0,0,0,0,0,0,0,0,0,0,0,0,0,0,0,0,0,0,0,0,0,0,0,0,0,0,0,0,0,0,0,0,0,0,6,2022,0,0,0,0,0,0,6
marcusmariota_atl_2022_6,atl_2022_6,marcusmariota_atl_2022,atl_2022,marcusmariota,9435,qb,atl,1,3.69,3.74,2.7,0,0,0,0,0,0,0,0,0,0,0,0,0,0,0,0,0,0,0,0,0,0,0,0,0,0,0,0,0,0,0,0,0,0,0,0,0,0,0,0,0,0,0,0,0,0,0,0,0,0,0,0,0,0,0,0,0,0,0,0,0,0,0,0,0,0,0,0,0,0,0,0,0,0,0,0,0,0,0,6,2022,0,0,0,0,0,0,6
baileyzappe_ne_2022_6,ne_2022_6,baileyzappe_ne_2022,ne_2022,baileyzappe,60396,qb,ne,1,3.21,3.05,4.0,0,0,0,0,0,0,0,0,0,0,0,0,0,0,0,0,0,0,0,0,0,0,0,0,0,0,0,0,0,0,0,0,0,0,0,0,0,0,0,0,0,0,0,0,0,0,0,0,0,0,0,0,0,0,0,0,0,0,0,0,0,0,0,0,0,0,0,0,0,0,0,0,0,0,0,0,0,0,0,6,2022,0,0,0,0,0,0,6
mitchelltrubisky_pit_2022_6,pit_2022_6,mitchelltrubisky_pit_2022,pit_2022,mitchelltrubisky,11757,qb,pit,1,3.09,2.84,3.87,0,0,0,0,0,0,0,0,0,0,0,0,0,0,0,0,0,0,0,0,0,0,0,0,0,0,0,0,0,0,0,0,0,0,0,0,0,0,0,0,0,0,0,0,0,0,0,0,0,0,0,0,0,0,0,0,0,0,0,0,0,0,0,0,0,0,0,0,0,0,0,0,0,0,0,0,0,0,0,6,2022,0,0,0,0,0,0,6
danieljones_nyg_2022_6,nyg_2022_6,danieljones_nyg_2022,nyg_2022,danieljones,39395,qb,nyg,1,3.52,3.28,2.4,0,0,0,0,0,0,0,0,0,0,0,0,0,0,0,0,0,0,0,0,0,0,0,0,0,0,0,0,0,0,0,0,0,0,0,0,0,0,0,0,0,0,0,0,0,0,0,0,0,0,0,0,0,0,0,0,0,0,0,0,0,0,0,0,0,0,0,0,0,0,0,0,0,0,0,0,0,0,0,6,2022,0,0,0,0,0,0,6
kennypickett_pit_2022_6,pit_2022_6,kennypickett_pit_2022,pit_2022,kennypickett,60515,qb,pit,1,3.03,2.48,,0,0,0,0,0,0,0,0,0,0,0,0,0,0,0,0,0,0,0,0,0,0,0,0,0,0,0,0,0,0,0,0,0,0,0,0,0,0,0,0,0,0,0,0,0,0,0,0,0,0,0,0,0,0,0,0,0,0,0,0,0,0,0,0,0,0,0,0,0,0,0,0,0,0,0,0,0,0,0,6,2022,0,0,0,0,0,0,6
tyrodtaylor_nyg_2022_6,nyg_2022_6,tyrodtaylor_nyg_2022,nyg_2022,tyrodtaylor,6332,qb,nyg,1,3.3,2.27,,0,0,0,0,0,0,0,0,0,0,0,0,0,0,0,0,0,0,0,0,0,0,0,0,0,0,0,0,0,0,0,0,0,0,0,0,0,0,0,0,0,0,0,0,0,0,0,0,0,0,0,0,0,0,0,0,0,0,0,0,0,0,0,0,0,0,0,0,0,0,0,0,0,0,0,0,0,0,0,6,2022,0,0,0,0,0,0,6
kennypickett_pit_2022_6,pit_2022_6,kennypickett_pit_2022,pit_2022,kennypickett,60515,qb,pit,1,2.79,2.66,4.03,0,0,0,0,0,0,0,0,0,0,0,0,0,0,0,0,0,0,0,0,0,0,0,0,0,0,0,0,0,0,0,0,0,0,0,0,0,0,0,0,0,0,0,0,0,0,0,0,0,0,0,0,0,0,0,0,0,0,0,0,0,0,0,0,0,0,0,0,0,0,0,0,0,0,0,0,0,0,0,6,2022,0,0,0,0,0,0,6
tombrady_tb_2022_6,tb_2022_6,tombrady_tb_2022,tb_2022,tombrady,698,qb,tb,1,2.24,2.28,,0,0,0,0,0,0,0,0,0,0,0,0,0,0,0,0,0,0,0,0,0,0,0,0,0,0,0,0,0,0,0,0,0,0,0,0,0,0,0,0,0,0,0,0,0,0,0,0,0,0,0,0,0,0,0,0,0,0,0,0,0,0,0,0,0,0,0,0,0,0,0,0,0,0,0,0,0,0,0,6,2022,0,0,0,0,0,0,6
trevorlawrence_jax_2022_6,jax_2022_6,trevorlawrence_jax_2022,jax_2022,trevorlawrence,77632,qb,jax,1,2.88,2.68,,0,0,0,0,0,0,0,0,0,0,0,0,0,0,0,0,0,0,0,0,0,0,0,0,0,0,0,0,0,0,0,0,0,0,0,0,0,0,0,0,0,0,0,0,0,0,0,0,0,0,0,0,0,0,0,0,0,0,0,0,0,0,0,0,0,0,0,0,0,0,0,0,0,0,0,0,0,0,0,6,2022,0,0,0,0,0,0,6
patrickmahomes_kc_2022_6,kc_2022_6,patrickmahomes_kc_2022,kc_2022,patrickmahomes,11765,qb,kc,1,2.56,2.43,3.13,0,0,0,0,0,0,0,0,0,0,0,0,0,0,0,0,0,0,0,0,0,0,0,0,0,0,0,0,0,0,0,0,0,0,0,0,0,0,0,0,0,0,0,0,0,0,0,0,0,0,0,0,0,0,0,0,0,0,0,0,0,0,0,0,0,0,0,0,0,0,0,0,0,0,0,0,0,0,0,6,2022,0,0,0,0,0,0,6
matthewstafford_lar_2022_6,lar_2022_6,matthewstafford_lar_2022,lar_2022,matthewstafford,4924,qb,lar,1,2.65,2.51,3.8,0,0,0,0,0,0,0,0,0,0,0,0,0,0,0,0,0,0,0,0,0,0,0,0,0,0,0,0,0,0,0,0,0,0,0,0,0,0,0,0,0,0,0,0,0,0,0,0,0,0,0,0,0,0,0,0,0,0,0,0,0,0,0,0,0,0,0,0,0,0,0,0,0,0,0,0,0,0,0,6,2022,0,0,0,0,0,0,6
mattryan_ind_2022_6,ind_2022_6,mattryan_ind_2022,ind_2022,mattryan,4317,qb,ind,1,2.85,2.76,3.2,0,0,0,0,0,0,0,0,0,0,0,0,0,0,0,0,0,0,0,0,0,0,0,0,0,0,0,0,0,0,0,0,0,0,0,0,0,0,0,0,0,0,0,0,0,0,0,0,0,0,0,0,0,0,0,0,0,0,0,0,0,0,0,0,0,0,0,0,0,0,0,0,0,0,0,0,0,0,0,6,2022,0,0,0,0,0,0,6
russellwilson_den_2022_6,den_2022_6,russellwilson_den_2022,den_2022,russellwilson,7077,qb,den,1,2.69,2.54,2.98,0,0,0,0,0,0,0,0,0,0,0,0,0,0,0,0,0,0,0,0,0,0,0,0,0,0,0,0,0,0,0,0,0,0,0,0,0,0,0,0,0,0,0,0,0,0,0,0,0,0,0,0,0,0,0,0,0,0,0,0,0,0,0,0,0,0,0,0,0,0,0,0,0,0,0,0,0,0,0,6,2022,0,0,0,0,0,0,6
kylermurray_ari_2022_6,ari_2022_6,kylermurray_ari_2022,ari_2022,kylermurray,38334,qb,ari,1,2.35,2.32,2.9,0,0,0,0,0,0,0,0,0,0,0,0,0,0,0,0,0,0,0,0,0,0,0,0,0,0,0,0,0,0,0,0,0,0,0,0,0,0,0,0,0,0,0,0,0,0,0,0,0,0,0,0,0,0,0,0,0,0,0,0,0,0,0,0,0,0,0,0,0,0,0,0,0,0,0,0,0,0,0,6,2022,0,0,0,0,0,0,6
carsonwentz_was_2022_6,was_2022_6,carsonwentz_was_2022,was_2022,carsonwentz,10636,qb,was,1,2.61,2.43,3.7,0,0,0,0,0,0,0,0,0,0,0,0,0,0,0,0,0,0,0,0,0,0,0,0,0,0,0,0,0,0,0,0,0,0,0,0,0,0,0,0,0,0,0,0,0,0,0,0,0,0,0,0,0,0,0,0,0,0,0,0,0,0,0,0,0,0,0,0,0,0,0,0,0,0,0,0,0,0,0,6,2022,0,0,0,0,0,0,6
kirkcousins_min_2022_6,min_2022_6,kirkcousins_min_2022,min_2022,kirkcousins,7102,qb,min,1,2.57,2.5,2.9,0,0,0,0,0,0,0,0,0,0,0,0,0,0,0,0,0,0,0,0,0,0,0,0,0,0,0,0,0,0,0,0,0,0,0,0,0,0,0,0,0,0,0,0,0,0,0,0,0,0,0,0,0,0,0,0,0,0,0,0,0,0,0,0,0,0,0,0,0,0,0,0,0,0,0,0,0,0,0,6,2022,0,0,0,0,0,0,6
aaronrodgers_gb_2022_6,gb_2022_6,aaronrodgers_gb_2022,gb_2022,aaronrodgers,2241,qb,gb,1,2.36,2.24,4.7,0,0,0,0,0,0,0,0,0,0,0,0,0,0,0,0,0,0,0,0,0,0,0,0,0,0,0,0,0,0,0,0,0,0,0,0,0,0,0,0,0,0,0,0,0,0,0,0,0,0,0,0,0,0,0,0,0,0,0,0,0,0,0,0,0,0,0,0,0,0,0,0,0,0,0,0,0,0,0,6,2022,0,0,0,0,0,0,6
jalenhurts_phi_2022_6,phi_2022_6,jalenhurts_phi_2022,phi_2022,jalenhurts,40291,qb,phi,1,2.59,2.33,4.8,0,0,0,0,0,0,0,0,0,0,0,0,0,0,0,0,0,0,0,0,0,0,0,0,0,0,0,0,0,0,0,0,0,0,0,0,0,0,0,0,0,0,0,0,0,0,0,0,0,0,0,0,0,0,0,0,0,0,0,0,0,0,0,0,0,0,0,0,0,0,0,0,0,0,0,0,0,0,0,6,2022,0,0,0,0,0,0,6
jaredgoff_det_2022_6,det_2022_6,jaredgoff_det_2022,det_2022,jaredgoff,10635,qb,det,1,3.06,2.91,3.1,0,0,0,0,0,0,0,0,0,0,0,0,0,0,0,0,0,0,0,0,0,0,0,0,0,0,0,0,0,0,0,0,0,0,0,0,0,0,0,0,0,0,0,0,0,0,0,0,0,0,0,0,0,0,0,0,0,0,0,0,0,0,0,0,0,0,0,0,0,0,0,0,0,0,0,0,0,0,0,6,2022,0,0,0,0,0,0,6
justinherbert_lac_2022_6,lac_2022_6,justinherbert_lac_2022,lac_2022,justinherbert,28237,qb,lac,1,2.79,2.48,6.4,0,0,0,0,0,0,0,0,0,0,0,0,0,0,0,0,0,0,0,0,0,0,0,0,0,0,0,0,0,0,0,0,0,0,0,0,0,0,0,0,0,0,0,0,0,0,0,0,0,0,0,0,0,0,0,0,0,0,0,0,0,0,0,0,0,0,0,0,0,0,0,0,0,0,0,0,0,0,0,6,2022,0,0,0,0,0,0,6
joeburrow_cin_2022_6,cin_2022_6,joeburrow_cin_2022,cin_2022,joeburrow,28022,qb,cin,1,2.28,2.23,3.2,0,0,0,0,0,0,0,0,0,0,0,0,0,0,0,0,0,0,0,0,0,0,0,0,0,0,0,0,0,0,0,0,0,0,0,0,0,0,0,0,0,0,0,0,0,0,0,0,0,0,0,0,0,0,0,0,0,0,0,0,0,0,0,0,0,0,0,0,0,0,0,0,0,0,0,0,0,0,0,6,2022,0,0,0,0,0,0,6
jacobybrissett_cle_2022_6,cle_2022_6,jacobybrissett_cle_2022,cle_2022,jacobybrissett,10725,qb,cle,1,2.89,2.68,,0,0,0,0,0,0,0,0,0,0,0,0,0,0,0,0,0,0,0,0,0,0,0,0,0,0,0,0,0,0,0,0,0,0,0,0,0,0,0,0,0,0,0,0,0,0,0,0,0,0,0,0,0,0,0,0,0,0,0,0,0,0,0,0,0,0,0,0,0,0,0,0,0,0,0,0,0,0,0,6,2022,0,0,0,0,0,0,6
skylarthompson_mia_2022_6,mia_2022_6,skylarthompson_mia_2022,mia_2022,skylarthompson,60417,qb,mia,1,2.67,2.65,3.15,0,0,0,0,0,0,0,0,0,0,0,0,0,0,0,0,0,0,0,0,0,0,0,0,0,0,0,0,0,0,0,0,0,0,0,0,0,0,0,0,0,0,0,0,0,0,0,0,0,0,0,0,0,0,0,0,0,0,0,0,0,0,0,0,0,0,0,0,0,0,0,0,0,0,0,0,0,0,0,6,2022,0,0,0,0,0,0,6
lamarjackson_bal_2022_6,bal_2022_6,lamarjackson_bal_2022,bal_2022,lamarjackson,46416,qb,bal,1,3.07,2.9,5.6,0,0,0,0,0,0,0,0,0,0,0,0,0,0,0,0,0,0,0,0,0,0,0,0,0,0,0,0,0,0,0,0,0,0,0,0,0,0,0,0,0,0,0,0,0,0,0,0,0,0,0,0,0,0,0,0,0,0,0,0,0,0,0,0,0,0,0,0,0,0,0,0,0,0,0,0,0,0,0,6,2022,0,0,0,0,0,0,6
marcusmariota_atl_2022_6,atl_2022_6,marcusmariota_atl_2022,atl_2022,marcusmariota,9435,qb,atl,1,2.68,2.31,3.04,0,0,0,0,0,0,0,0,0,0,0,0,0,0,0,0,0,0,0,0,0,0,0,0,0,0,0,0,0,0,0,0,0,0,0,0,0,0,0,0,0,0,0,0,0,0,0,0,0,0,0,0,0,0,0,0,0,0,0,0,0,0,0,0,0,0,0,0,0,0,0,0,0,0,0,0,0,0,0,6,2022,0,0,0,0,0,0,6
joshallen_buf_2022_6,buf_2022_6,joshallen_buf_2022,buf_2022,joshallen,46601,qb,buf,1,2.53,2.41,,0,0,0,0,0,0,0,0,0,0,0,0,0,0,0,0,0,0,0,0,0,0,0,0,0,0,0,0,0,0,0,0,0,0,0,0,0,0,0,0,0,0,0,0,0,0,0,0,0,0,0,0,0,0,0,0,0,0,0,0,0,0,0,0,0,0,0,0,0,0,0,0,0,0,0,0,0,0,0,6,2022,0,0,0,0,0,0,6
derekcarr_lv_2022_6,lv_2022_6,derekcarr_lv_2022,lv_2022,derekcarr,8671,qb,lv,1,3.1,2.97,3.7,0,0,0,0,0,0,0,0,0,0,0,0,0,0,0,0,0,0,0,0,0,0,0,0,0,0,0,0,0,0,0,0,0,0,0,0,0,0,0,0,0,0,0,0,0,0,0,0,0,0,0,0,0,0,0,0,0,0,0,0,0,0,0,0,0,0,0,0,0,0,0,0,0,0,0,0,0,0,0,6,2022,0,0,0,0,0,0,6
jimmygaroppolo_sf_2022_6,sf_2022_6,jimmygaroppolo_sf_2022,sf_2022,jimmygaroppolo,8697,qb,sf,1,2.54,2.48,3.35,0,0,0,0,0,0,0,0,0,0,0,0,0,0,0,0,0,0,0,0,0,0,0,0,0,0,0,0,0,0,0,0,0,0,0,0,0,0,0,0,0,0,0,0,0,0,0,0,0,0,0,0,0,0,0,0,0,0,0,0,0,0,0,0,0,0,0,0,0,0,0,0,0,0,0,0,0,0,0,6,2022,0,0,0,0,0,0,6
ryantannehill_ten_2022_6,ten_2022_6,ryantannehill_ten_2022,ten_2022,ryantannehill,7014,qb,ten,1,2.9,2.74,3.38,0,0,0,0,0,0,0,0,0,0,0,0,0,0,0,0,0,0,0,0,0,0,0,0,0,0,0,0,0,0,0,0,0,0,0,0,0,0,0,0,0,0,0,0,0,0,0,0,0,0,0,0,0,0,0,0,0,0,0,0,0,0,0,0,0,0,0,0,0,0,0,0,0,0,0,0,0,0,0,6,2022,0,0,0,0,0,0,6
danieljones_nyg_2022_6,nyg_2022_6,danieljones_nyg_2022,nyg_2022,danieljones,39395,qb,nyg,1,2.7,2.44,3.1,0,0,0,0,0,0,0,0,0,0,0,0,0,0,0,0,0,0,0,0,0,0,0,0,0,0,0,0,0,0,0,0,0,0,0,0,0,0,0,0,0,0,0,0,0,0,0,0,0,0,0,0,0,0,0,0,0,0,0,0,0,0,0,0,0,0,0,0,0,0,0,0,0,0,0,0,0,0,0,6,2022,0,0,0,0,0,0,6
genosmith_sea_2022_6,sea_2022_6,genosmith_sea_2022,sea_2022,genosmith,7820,qb,sea,1,3.24,2.71,6.73,0,0,0,0,0,0,0,0,0,0,0,0,0,0,0,0,0,0,0,0,0,0,0,0,0,0,0,0,0,0,0,0,0,0,0,0,0,0,0,0,0,0,0,0,0,0,0,0,0,0,0,0,0,0,0,0,0,0,0,0,0,0,0,0,0,0,0,0,0,0,0,0,0,0,0,0,0,0,0,6,2022,0,0,0,0,0,0,6
justinfields_chi_2022_6,chi_2022_6,justinfields_chi_2022,chi_2022,justinfields,82118,qb,chi,1,3.18,2.61,4.2,0,0,0,0,0,0,0,0,0,0,0,0,0,0,0,0,0,0,0,0,0,0,0,0,0,0,0,0,0,0,0,0,0,0,0,0,0,0,0,0,0,0,0,0,0,0,0,0,0,0,0,0,0,0,0,0,0,0,0,0,0,0,0,0,0,0,0,0,0,0,0,0,0,0,0,0,0,0,0,6,2022,0,0,0,0,0,0,6
andydalton_no_2022_6,no_2022_6,andydalton_no_2022,no_2022,andydalton,6187,qb,no,1,2.68,2.49,4.8,0,0,0,0,0,0,0,0,0,0,0,0,0,0,0,0,0,0,0,0,0,0,0,0,0,0,0,0,0,0,0,0,0,0,0,0,0,0,0,0,0,0,0,0,0,0,0,0,0,0,0,0,0,0,0,0,0,0,0,0,0,0,0,0,0,0,0,0,0,0,0,0,0,0,0,0,0,0,0,6,2022,0,0,0,0,0,0,6
davismills_hou_2022_6,hou_2022_6,davismills_hou_2022,hou_2022,davismills,52269,qb,hou,1,2.16,2.16,2.3,0,0,0,0,0,0,0,0,0,0,0,0,0,0,0,0,0,0,0,0,0,0,0,0,0,0,0,0,0,0,0,0,0,0,0,0,0,0,0,0,0,0,0,0,0,0,0,0,0,0,0,0,0,0,0,0,0,0,0,0,0,0,0,0,0,0,0,0,0,0,0,0,0,0,0,0,0,0,0,6,2022,0,0,0,0,0,0,6
zachwilson_nyj_2022_6,nyj_2022_6,zachwilson_nyj_2022,nyj_2022,zachwilson,82096,qb,nyj,1,2.73,2.6,3.5,0,0,0,0,0,0,0,0,0,0,0,0,0,0,0,0,0,0,0,0,0,0,0,0,0,0,0,0,0,0,0,0,0,0,0,0,0,0,0,0,0,0,0,0,0,0,0,0,0,0,0,0,0,0,0,0,0,0,0,0,0,0,0,0,0,0,0,0,0,0,0,0,0,0,0,0,0,0,0,6,2022,0,0,0,0,0,0,6
baileyzappe_ne_2022_6,ne_2022_6,baileyzappe_ne_2022,ne_2022,baileyzappe,60396,qb,ne,1,2.8,2.6,,0,0,0,0,0,0,0,0,0,0,0,0,0,0,0,0,0,0,0,0,0,0,0,0,0,0,0,0,0,0,0,0,0,0,0,0,0,0,0,0,0,0,0,0,0,0,0,0,0,0,0,0,0,0,0,0,0,0,0,0,0,0,0,0,0,0,0,0,0,0,0,0,0,0,0,0,0,0,0,6,2022,0,0,0,0,0,0,6
cooperrush_dal_2022_6,dal_2022_6,cooperrush_dal_2022,dal_2022,cooperrush,12324,qb,dal,1,2.07,2.0,2.43,0,0,0,0,0,0,0,0,0,0,0,0,0,0,0,0,0,0,0,0,0,0,0,0,0,0,0,0,0,0,0,0,0,0,0,0,0,0,0,0,0,0,0,0,0,0,0,0,0,0,0,0,0,0,0,0,0,0,0,0,0,0,0,0,0,0,0,0,0,0,0,0,0,0,0,0,0,0,0,6,2022,0,0,0,0,0,0,6
phillipwalker_car_2022_6,car_2022_6,phillipwalker_car_2022,car_2022,phillipwalker,12134,qb,car,1,2.2,1.88,3.15,0,0,0,0,0,0,0,0,0,0,0,0,0,0,0,0,0,0,0,0,0,0,0,0,0,0,0,0,0,0,0,0,0,0,0,0,0,0,0,0,0,0,0,0,0,0,0,0,0,0,0,0,0,0,0,0,0,0,0,0,0,0,0,0,0,0,0,0,0,0,0,0,0,0,0,0,0,0,0,6,2022,0,0,0,0,0,0,6
casekeenum_buf_2022_6,buf_2022_6,casekeenum_buf_2022,buf_2022,casekeenum,7323,qb,buf,1,1.88,1.88,,0,0,0,0,0,0,0,0,0,0,0,0,0,0,0,0,0,0,0,0,0,0,0,0,0,0,0,0,0,0,0,0,0,0,0,0,0,0,0,0,0,0,0,0,0,0,0,0,0,0,0,0,0,0,0,0,0,0,0,0,0,0,0,0,0,0,0,0,0,0,0,0,0,0,0,0,0,0,0,6,2022,0,0,0,0,0,0,6
teddybridgewater_mia_2022_6,mia_2022_6,teddybridgewater_mia_2022,mia_2022,teddybridgewater,8667,qb,mia,1,2.0,2.0,,0,0,0,0,0,0,0,0,0,0,0,0,0,0,0,0,0,0,0,0,0,0,0,0,0,0,0,0,0,0,0,0,0,0,0,0,0,0,0,0,0,0,0,0,0,0,0,0,0,0,0,0,0,0,0,0,0,0,0,0,0,0,0,0,0,0,0,0,0,0,0,0,0,0,0,0,0,0,0,6,2022,0,0,0,0,0,0,6
