p_id,unique_team_id,player_team_id,team_id_impute,player,numeric_id,position,team_name,player_game_count,base_snap_counts_coverage,declined_penalties,franchise_id,man_assists,man_avg_depth_of_target,man_catch_rate,man_coverage_percent,man_coverage_snaps_per_reception,man_coverage_snaps_per_target,man_dropped_ints,man_forced_incompletes,man_forced_incompletion_rate,man_grades_coverage_defense,man_interceptions,man_longest,man_missed_tackle_rate,man_missed_tackles,man_pass_break_ups,man_qb_rating_against,man_receptions,man_snap_counts_coverage,man_snap_counts_coverage_percent,man_snap_counts_pass_play,man_stops,man_tackles,man_targets,man_touchdowns,man_yards,man_yards_after_catch,man_yards_per_coverage_snap,man_yards_per_reception,penalties,zone_assists,zone_avg_depth_of_target,zone_catch_rate,zone_coverage_percent,zone_coverage_snaps_per_reception,zone_coverage_snaps_per_target,zone_dropped_ints,zone_forced_incompletes,zone_forced_incompletion_rate,zone_grades_coverage_defense,zone_interceptions,zone_longest,zone_missed_tackle_rate,zone_missed_tackles,zone_pass_break_ups,zone_qb_rating_against,zone_receptions,zone_snap_counts_coverage,zone_snap_counts_coverage_percent,zone_snap_counts_pass_play,zone_stops,zone_tackles,zone_targets,zone_touchdowns,zone_yards,zone_yards_after_catch,zone_yards_per_coverage_snap,zone_yards_per_reception,week,year,plyr_number
joshbynes_bal_2022_9,bal_2022_9,joshbynes_bal_2022,bal_2022,joshbynes,6503,lb,bal,1,14,0,3,0,0,0,0,0,0,0,0,0,0,0,0,0,0,0,0,0,0,0,0,0,0,0,0,0,0,0,0,0,0,0,0,0,0,0,0,0,0,0,0,0,0,0,0,0,0,0,0,0,0,0,0,0,0,0,0,0,9,2022,9
jamiecollinssr_ne_2022_9,ne_2022_9,jamiecollinssr_ne_2022,ne_2022,jamiecollinssr,7833,lb,ne,1,4,0,19,0,0,0,0,0,0,0,0,0,0,0,0,0,0,0,0,0,0,0,0,0,0,0,0,0,0,0,0,0,0,0,0,0,0,0,0,0,0,0,0,0,0,0,0,0,0,0,0,0,0,0,0,0,0,0,0,0,9,2022,9
ericrowe_mia_2022_9,mia_2022_9,ericrowe_mia_2022,mia_2022,ericrowe,9480,s,mia,1,17,0,17,0,0,0,0,0,0,0,0,0,0,0,0,0,0,0,0,0,0,0,0,0,0,0,0,0,0,0,0,0,0,0,0,0,0,0,0,0,0,0,0,0,0,0,0,0,0,0,0,0,0,0,0,0,0,0,0,0,9,2022,9
brycecallahan_lac_2022_9,lac_2022_9,brycecallahan_lac_2022,lac_2022,brycecallahan,10000,cb,lac,1,28,0,27,0,0,0,0,0,0,0,0,0,0,0,0,0,0,0,0,0,0,0,0,0,0,0,0,0,0,0,0,0,0,0,0,0,0,0,0,0,0,0,0,0,0,0,0,0,0,0,0,0,0,0,0,0,0,0,0,0,9,2022,9
eliapple_cin_2022_9,cin_2022_9,eliapple_cin_2022,cin_2022,eliapple,10644,cb,cin,1,8,0,7,0,0,0,0,0,0,0,0,0,0,0,0,0,0,0,0,0,0,0,0,0,0,0,0,0,0,0,0,0,0,0,0,0,0,0,0,0,0,0,0,0,0,0,0,0,0,0,0,0,0,0,0,0,0,0,0,0,9,2022,9
joeschobert_ten_2022_9,ten_2022_9,joeschobert_ten_2022,ten_2022,joeschobert,10733,lb,ten,1,7,0,31,0,0,0,0,0,0,0,0,0,0,0,0,0,0,0,0,0,0,0,0,0,0,0,0,0,0,0,0,0,0,0,0,0,0,0,0,0,0,0,0,0,0,0,0,0,0,0,0,0,0,0,0,0,0,0,0,0,9,2022,9
deonbush_kc_2022_9,kc_2022_9,deonbush_kc_2022,kc_2022,deonbush,10758,s,kc,1,8,0,16,0,0,0,0,0,0,0,0,0,0,0,0,0,0,0,0,0,0,0,0,0,0,0,0,0,0,0,0,0,0,0,0,0,0,0,0,0,0,0,0,0,0,0,0,0,0,0,0,0,0,0,0,0,0,0,0,0,9,2022,9
deandrehoustoncarson_chi_2022_9,chi_2022_9,deandrehoustoncarson_chi_2022,chi_2022,deandrehoustoncarson,10819,s,chi,1,1,0,6,0,0,0,0,0,0,0,0,0,0,0,0,0,0,0,0,0,0,0,0,0,0,0,0,0,0,0,0,0,0,0,0,0,0,0,0,0,0,0,0,0,0,0,0,0,0,0,0,0,0,0,0,0,0,0,0,0,9,2022,9
kamugrugierhill_hou_2022_9,hou_2022_9,kamugrugierhill_hou_2022,hou_2022,kamugrugierhill,10842,lb,hou,1,5,0,13,0,0,0,0,0,0,0,0,0,0,0,0,0,0,0,0,0,0,0,0,0,0,0,0,0,0,0,0,0,0,0,0,0,0,0,0,0,0,0,0,0,0,0,0,0,0,0,0,0,0,0,0,0,0,0,0,0,9,2022,9
claytonfejedelem_mia_2022_9,mia_2022_9,claytonfejedelem_mia_2022,mia_2022,claytonfejedelem,10879,s,mia,1,10,0,17,0,0,0,0,0,0,0,0,0,0,0,0,0,0,0,0,0,0,0,0,0,0,0,0,0,0,0,0,0,0,0,0,0,0,0,0,0,0,0,0,0,0,0,0,0,0,0,0,0,0,0,0,0,0,0,0,0,9,2022,9
malikhooker_dal_2022_9,dal_2022_9,malikhooker_dal_2022,dal_2022,malikhooker,11770,s,dal,1,16,0,9,0,0,0,0,0,0,0,0,0,0,0,0,0,0,0,0,0,0,0,0,0,0,0,0,0,0,0,0,0,0,0,0,0,0,0,0,0,0,0,0,0,0,0,0,0,0,0,0,0,0,0,0,0,0,0,0,0,9,2022,9
michaeldavis_lac_2022_9,lac_2022_9,michaeldavis_lac_2022,lac_2022,michaeldavis,12040,cb,lac,1,13,0,27,0,0,0,0,0,0,0,0,0,0,0,0,0,0,0,0,0,0,0,0,0,0,0,0,0,0,0,0,0,0,0,0,0,0,0,0,0,0,0,0,0,0,0,0,0,0,0,0,0,0,0,0,0,0,0,0,0,9,2022,9
leviwallace_pit_2022_9,pit_2022_9,leviwallace_pit_2022,pit_2022,leviwallace,25445,cb,pit,1,38,0,25,0,0,0,0,0,0,0,0,0,0,0,0,0,0,0,0,0,0,0,0,0,0,0,0,0,0,0,0,0,0,0,0,0,0,0,0,0,0,0,0,0,0,0,0,0,0,0,0,0,0,0,0,0,0,0,0,0,9,2022,9
deshonelliott_det_2022_9,det_2022_9,deshonelliott_det_2022,det_2022,deshonelliott,28854,s,det,1,23,0,11,0,0,0,0,0,0,0,0,0,0,0,0,0,0,0,0,0,0,0,0,0,0,0,0,0,0,0,0,0,0,0,0,0,0,0,0,0,0,0,0,0,0,0,0,0,0,0,0,0,0,0,0,0,0,0,0,0,9,2022,9
dariusharris_kc_2022_9,kc_2022_9,dariusharris_kc_2022,kc_2022,dariusharris,29188,lb,kc,1,13,0,16,0,0,0,0,0,0,0,0,0,0,0,0,0,0,0,0,0,0,0,0,0,0,0,0,0,0,0,0,0,0,0,0,0,0,0,0,0,0,0,0,0,0,0,0,0,0,0,0,0,0,0,0,0,0,0,0,0,9,2022,9
nasiradderley_lac_2022_9,lac_2022_9,nasiradderley_lac_2022,lac_2022,nasiradderley,33880,s,lac,1,37,0,27,0,0,0,0,0,0,0,0,0,0,0,0,0,0,0,0,0,0,0,0,0,0,0,0,0,0,0,0,0,0,0,0,0,0,0,0,0,0,0,0,0,0,0,0,0,0,0,0,0,0,0,0,0,0,0,0,0,9,2022,9
ljariussneed_kc_2022_9,kc_2022_9,ljariussneed_kc_2022,kc_2022,ljariussneed,40588,cb,kc,1,40,0,16,0,0,0,0,0,0,0,0,0,0,0,0,0,0,0,0,0,0,0,0,0,0,0,0,0,0,0,0,0,0,0,0,0,0,0,0,0,0,0,0,0,0,0,0,0,0,0,0,0,0,0,0,0,0,0,0,0,9,2022,9
alohigilman_lac_2022_9,lac_2022_9,alohigilman_lac_2022,lac_2022,alohigilman,41662,s,lac,1,2,0,27,0,0,0,0,0,0,0,0,0,0,0,0,0,0,0,0,0,0,0,0,0,0,0,0,0,0,0,0,0,0,0,0,0,0,0,0,0,0,0,0,0,0,0,0,0,0,0,0,0,0,0,0,0,0,0,0,0,9,2022,9
antoinewinfieldjr_tb_2022_9,tb_2022_9,antoinewinfieldjr_tb_2022,tb_2022,antoinewinfieldjr,42475,s,tb,1,17,0,30,0,0,0,0,0,0,0,0,0,0,0,0,0,0,0,0,0,0,0,0,0,0,0,0,0,0,0,0,0,0,0,0,0,0,0,0,0,0,0,0,0,0,0,0,0,0,0,0,0,0,0,0,0,0,0,0,0,9,2022,9
dicapriobootle_kc_2022_9,kc_2022_9,dicapriobootle_kc_2022,kc_2022,dicapriobootle,42913,cb,kc,1,10,0,16,0,0,0,0,0,0,0,0,0,0,0,0,0,0,0,0,0,0,0,0,0,0,0,0,0,0,0,0,0,0,0,0,0,0,0,0,0,0,0,0,0,0,0,0,0,0,0,0,0,0,0,0,0,0,0,0,0,9,2022,9
justinreid_kc_2022_9,kc_2022_9,justinreid_kc_2022,kc_2022,justinreid,49048,s,kc,1,44,0,16,0,0,0,0,0,0,0,0,0,0,0,0,0,0,0,0,0,0,0,0,0,0,0,0,0,0,0,0,0,0,0,0,0,0,0,0,0,0,0,0,0,0,0,0,0,0,0,0,0,0,0,0,0,0,0,0,0,9,2022,9
demetriusflanniganfowles_sf_2022_9,sf_2022_9,demetriusflanniganfowles_sf_2022,sf_2022,demetriusflanniganfowles,49231,lb,sf,1,17,0,28,0,0,0,0,0,0,0,0,0,0,0,0,0,0,0,0,0,0,0,0,0,0,0,0,0,0,0,0,0,0,0,0,0,0,0,0,0,0,0,0,0,0,0,0,0,0,0,0,0,0,0,0,0,0,0,0,0,9,2022,9
chrislammons_kc_2022_9,kc_2022_9,chrislammons_kc_2022,kc_2022,chrislammons,49368,cb,kc,1,10,0,16,0,0,0,0,0,0,0,0,0,0,0,0,0,0,0,0,0,0,0,0,0,0,0,0,0,0,0,0,0,0,0,0,0,0,0,0,0,0,0,0,0,0,0,0,0,0,0,0,0,0,0,0,0,0,0,0,0,9,2022,9
markusbailey_cin_2022_9,cin_2022_9,markusbailey_cin_2022,cin_2022,markusbailey,49681,lb,cin,1,4,0,7,0,0,0,0,0,0,0,0,0,0,0,0,0,0,0,0,0,0,0,0,0,0,0,0,0,0,0,0,0,0,0,0,0,0,0,0,0,0,0,0,0,0,0,0,0,0,0,0,0,0,0,0,0,0,0,0,0,9,2022,9
juanthornhill_kc_2022_9,kc_2022_9,juanthornhill_kc_2022,kc_2022,juanthornhill,50426,s,kc,1,53,0,16,0,0,0,0,0,0,0,0,0,0,0,0,0,0,0,0,0,0,0,0,0,0,0,0,0,0,0,0,0,0,0,0,0,0,0,0,0,0,0,0,0,0,0,0,0,0,0,0,0,0,0,0,0,0,0,0,0,9,2022,9
druetranquill_lac_2022_9,lac_2022_9,druetranquill_lac_2022,lac_2022,druetranquill,51276,lb,lac,1,30,0,27,0,0,0,0,0,0,0,0,0,0,0,0,0,0,0,0,0,0,0,0,0,0,0,0,0,0,0,0,0,0,0,0,0,0,0,0,0,0,0,0,0,0,0,0,0,0,0,0,0,0,0,0,0,0,0,0,0,9,2022,9
derwinjames_lac_2022_9,lac_2022_9,derwinjames_lac_2022,lac_2022,derwinjames,51368,s,lac,1,37,0,27,0,0,0,0,0,0,0,0,0,0,0,0,0,0,0,0,0,0,0,0,0,0,0,0,0,0,0,0,0,0,0,0,0,0,0,0,0,0,0,0,0,0,0,0,0,0,0,0,0,0,0,0,0,0,0,0,0,9,2022,9
marcellharris_nyj_2022_9,nyj_2022_9,marcellharris_nyj_2022,nyj_2022,marcellharris,51408,lb,nyj,1,3,0,22,0,0,0,0,0,0,0,0,0,0,0,0,0,0,0,0,0,0,0,0,0,0,0,0,0,0,0,0,0,0,0,0,0,0,0,0,0,0,0,0,0,0,0,0,0,0,0,0,0,0,0,0,0,0,0,0,0,9,2022,9
jaylinnhawkins_atl_2022_9,atl_2022_9,jaylinnhawkins_atl_2022,atl_2022,jaylinnhawkins,51423,s,atl,1,40,0,2,0,0,0,0,0,0,0,0,0,0,0,0,0,0,0,0,0,0,0,0,0,0,0,0,0,0,0,0,0,0,0,0,0,0,0,0,0,0,0,0,0,0,0,0,0,0,0,0,0,0,0,0,0,0,0,0,0,9,2022,9
dregreenlaw_sf_2022_9,sf_2022_9,dregreenlaw_sf_2022,sf_2022,dregreenlaw,51503,lb,sf,1,22,0,28,0,0,0,0,0,0,0,0,0,0,0,0,0,0,0,0,0,0,0,0,0,0,0,0,0,0,0,0,0,0,0,0,0,0,0,0,0,0,0,0,0,0,0,0,0,0,0,0,0,0,0,0,0,0,0,0,0,9,2022,9
bryancook_kc_2022_9,kc_2022_9,bryancook_kc_2022,kc_2022,bryancook,55940,s,kc,1,22,0,16,0,0,0,0,0,0,0,0,0,0,0,0,0,0,0,0,0,0,0,0,0,0,0,0,0,0,0,0,0,0,0,0,0,0,0,0,0,0,0,0,0,0,0,0,0,0,0,0,0,0,0,0,0,0,0,0,0,9,2022,9
williegayjr_kc_2022_9,kc_2022_9,williegayjr_kc_2022,kc_2022,williegayjr,57987,lb,kc,1,20,0,16,0,0,0,0,0,0,0,0,0,0,0,0,0,0,0,0,0,0,0,0,0,0,0,0,0,0,0,0,0,0,0,0,0,0,0,0,0,0,0,0,0,0,0,0,0,0,0,0,0,0,0,0,0,0,0,0,0,9,2022,9
jeremiahowusukoramoah_cle_2022_9,cle_2022_9,jeremiahowusukoramoah_cle_2022,cle_2022,jeremiahowusukoramoah,58089,lb,cle,1,12,0,8,0,0,0,0,0,0,0,0,0,0,0,0,0,0,0,0,0,0,0,0,0,0,0,0,0,0,0,0,0,0,0,0,0,0,0,0,0,0,0,0,0,0,0,0,0,0,0,0,0,0,0,0,0,0,0,0,0,9,2022,9
kennethmurray_lac_2022_9,lac_2022_9,kennethmurray_lac_2022,lac_2022,kennethmurray,58099,lb,lac,1,30,0,27,0,0,0,0,0,0,0,0,0,0,0,0,0,0,0,0,0,0,0,0,0,0,0,0,0,0,0,0,0,0,0,0,0,0,0,0,0,0,0,0,0,0,0,0,0,0,0,0,0,0,0,0,0,0,0,0,0,9,2022,9
chadmuma_jax_2022_9,jax_2022_9,chadmuma_jax_2022,jax_2022,chadmuma,75818,lb,jax,1,1,0,15,0,0,0,0,0,0,0,0,0,0,0,0,0,0,0,0,0,0,0,0,0,0,0,0,0,0,0,0,0,0,0,0,0,0,0,0,0,0,0,0,0,0,0,0,0,0,0,0,0,0,0,0,0,0,0,0,0,9,2022,9
asantesamueljr_lac_2022_9,lac_2022_9,asantesamueljr_lac_2022,lac_2022,asantesamueljr,76625,cb,lac,1,37,0,27,0,0,0,0,0,0,0,0,0,0,0,0,0,0,0,0,0,0,0,0,0,0,0,0,0,0,0,0,0,0,0,0,0,0,0,0,0,0,0,0,0,0,0,0,0,0,0,0,0,0,0,0,0,0,0,0,0,9,2022,9
nickbolton_kc_2022_9,kc_2022_9,nickbolton_kc_2022,kc_2022,nickbolton,81322,lb,kc,1,38,0,16,0,0,0,0,0,0,0,0,0,0,0,0,0,0,0,0,0,0,0,0,0,0,0,0,0,0,0,0,0,0,0,0,0,0,0,0,0,0,0,0,0,0,0,0,0,0,0,0,0,0,0,0,0,0,0,0,0,9,2022,9
brycethompson_no_2022_9,no_2022_9,brycethompson_no_2022,no_2022,brycethompson,83392,s,no,1,5,0,20,0,0,0,0,0,0,0,0,0,0,0,0,0,0,0,0,0,0,0,0,0,0,0,0,0,0,0,0,0,0,0,0,0,0,0,0,0,0,0,0,0,0,0,0,0,0,0,0,0,0,0,0,0,0,0,0,0,9,2022,9
kyledugger_ne_2022_9,ne_2022_9,kyledugger_ne_2022,ne_2022,kyledugger,90621,s,ne,1,13,0,19,0,0,0,0,0,0,0,0,0,0,0,0,0,0,0,0,0,0,0,0,0,0,0,0,0,0,0,0,0,0,0,0,0,0,0,0,0,0,0,0,0,0,0,0,0,0,0,0,0,0,0,0,0,0,0,0,0,9,2022,9
ejspeed_ind_2022_9,ind_2022_9,ejspeed_ind_2022,ind_2022,ejspeed,94351,lb,ind,1,4,0,14,0,0,0,0,0,0,0,0,0,0,0,0,0,0,0,0,0,0,0,0,0,0,0,0,0,0,0,0,0,0,0,0,0,0,0,0,0,0,0,0,0,0,0,0,0,0,0,0,0,0,0,0,0,0,0,0,0,9,2022,9
leochenal_kc_2022_9,kc_2022_9,leochenal_kc_2022,kc_2022,leochenal,101463,lb,kc,1,5,0,16,0,0,0,0,0,0,0,0,0,0,0,0,0,0,0,0,0,0,0,0,0,0,0,0,0,0,0,0,0,0,0,0,0,0,0,0,0,0,0,0,0,0,0,0,0,0,0,0,0,0,0,0,0,0,0,0,0,9,2022,9
jaylenwatson_kc_2022_9,kc_2022_9,jaylenwatson_kc_2022,kc_2022,jaylenwatson,131960,cb,kc,1,46,0,16,0,0,0,0,0,0,0,0,0,0,0,0,0,0,0,0,0,0,0,0,0,0,0,0,0,0,0,0,0,0,0,0,0,0,0,0,0,0,0,0,0,0,0,0,0,0,0,0,0,0,0,0,0,0,0,0,0,9,2022,9
joshuawilliams_kc_2022_9,kc_2022_9,joshuawilliams_kc_2022,kc_2022,joshuawilliams,156083,cb,kc,1,49,0,16,0,0,0,0,0,0,0,0,0,0,0,0,0,0,0,0,0,0,0,0,0,0,0,0,0,0,0,0,0,0,0,0,0,0,0,0,0,0,0,0,0,0,0,0,0,0,0,0,0,0,0,0,0,0,0,0,0,9,2022,9
kareemjackson_den_2022_9,den_2022_9,kareemjackson_den_2022,den_2022,kareemjackson,5545,s,den,1,39,0,10,0,0,0,0,0,0,0,0,0,0,0,0,0,0,0,0,0,0,0,0,0,0,0,0,0,0,0,0,0,0,0,0,0,0,0,0,0,0,0,0,0,0,0,0,0,0,0,0,0,0,0,0,0,0,0,0,0,9,2022,9
devinmccourty_ne_2022_9,ne_2022_9,devinmccourty_ne_2022,ne_2022,devinmccourty,5552,s,ne,1,43,0,19,0,0,0,0,0,0,0,0,0,0,0,0,0,0,0,0,0,0,0,0,0,0,0,0,0,0,0,0,0,0,0,0,0,0,0,0,0,0,0,0,0,0,0,0,0,0,0,0,0,0,0,0,0,0,0,0,0,9,2022,9
patrickpeterson_min_2022_9,min_2022_9,patrickpeterson_min_2022,min_2022,patrickpeterson,6157,cb,min,1,61,0,18,0,0,0,0,0,0,0,0,0,0,0,0,0,0,0,0,0,0,0,0,0,0,0,0,0,0,0,0,0,0,0,0,0,0,0,0,0,0,0,0,0,0,0,0,0,0,0,0,0,0,0,0,0,0,0,0,0,9,2022,9
chrisharrisjr_no_2022_9,no_2022_9,chrisharrisjr_no_2022,no_2022,chrisharrisjr,6457,cb,no,1,35,0,20,0,0,0,0,0,0,0,0,0,0,0,0,0,0,0,0,0,0,0,0,0,0,0,0,0,0,0,0,0,0,0,0,0,0,0,0,0,0,0,0,0,0,0,0,0,0,0,0,0,0,0,0,0,0,0,0,0,9,2022,9
stephongilmore_ind_2022_9,ind_2022_9,stephongilmore_ind_2022,ind_2022,stephongilmore,7016,cb,ind,1,39,0,14,0,0,0,0,0,0,0,0,0,0,0,0,0,0,0,0,0,0,0,0,0,0,0,0,0,0,0,0,0,0,0,0,0,0,0,0,0,0,0,0,0,0,0,0,0,0,0,0,0,0,0,0,0,0,0,0,0,9,2022,9
bobbywagner_lar_2022_9,lar_2022_9,bobbywagner_lar_2022,lar_2022,bobbywagner,7050,lb,lar,1,21,0,26,0,0,0,0,0,0,0,0,0,0,0,0,0,0,0,0,0,0,0,0,0,0,0,0,0,0,0,0,0,0,0,0,0,0,0,0,0,0,0,0,0,0,0,0,0,0,0,0,0,0,0,0,0,0,0,0,0,9,2022,9
lavontedavid_tb_2022_9,tb_2022_9,lavontedavid_tb_2022,tb_2022,lavontedavid,7060,lb,tb,1,43,0,30,0,0,0,0,0,0,0,0,0,0,0,0,0,0,0,0,0,0,0,0,0,0,0,0,0,0,0,0,0,0,0,0,0,0,0,0,0,0,0,0,0,0,0,0,0,0,0,0,0,0,0,0,0,0,0,0,0,9,2022,9
demariodavis_no_2022_9,no_2022_9,demariodavis_no_2022,no_2022,demariodavis,7079,lb,no,1,39,0,20,0,0,0,0,0,0,0,0,0,0,0,0,0,0,0,0,0,0,0,0,0,0,0,0,0,0,0,0,0,0,0,0,0,0,0,0,0,0,0,0,0,0,0,0,0,0,0,0,0,0,0,0,0,0,0,0,0,9,2022,9
rodneymcleod_ind_2022_9,ind_2022_9,rodneymcleod_ind_2022,ind_2022,rodneymcleod,7271,s,ind,1,37,0,14,0,0,0,0,0,0,0,0,0,0,0,0,0,0,0,0,0,0,0,0,0,0,0,0,0,0,0,0,0,0,0,0,0,0,0,0,0,0,0,0,0,0,0,0,0,0,0,0,0,0,0,0,0,0,0,0,0,9,2022,9
tashaungipsonsr_sf_2022_9,sf_2022_9,tashaungipsonsr_sf_2022,sf_2022,tashaungipsonsr,7288,s,sf,1,37,0,28,0,0,0,0,0,0,0,0,0,0,0,0,0,0,0,0,0,0,0,0,0,0,0,0,0,0,0,0,0,0,0,0,0,0,0,0,0,0,0,0,0,0,0,0,0,0,0,0,0,0,0,0,0,0,0,0,0,9,2022,9
harrisonsmith_min_2022_9,min_2022_9,harrisonsmith_min_2022,min_2022,harrisonsmith,7641,s,min,1,61,0,18,0,0,0,0,0,0,0,0,0,0,0,0,0,0,0,0,0,0,0,0,0,0,0,0,0,0,0,0,0,0,0,0,0,0,0,0,0,0,0,0,0,0,0,0,0,0,0,0,0,0,0,0,0,0,0,0,0,9,2022,9
justinbethel_mia_2022_9,mia_2022_9,justinbethel_mia_2022,mia_2022,justinbethel,7654,cb,mia,1,10,0,17,0,0,0,0,0,0,0,0,0,0,0,0,0,0,0,0,0,0,0,0,0,0,0,0,0,0,0,0,0,0,0,0,0,0,0,0,0,0,0,0,0,0,0,0,0,0,0,0,0,0,0,0,0,0,0,0,0,9,2022,9
dariusslay_phi_2022_9,phi_2022_9,dariusslay_phi_2022,phi_2022,dariusslay,7817,cb,phi,1,57,0,24,0,0,0,0,0,0,0,0,0,0,0,0,0,0,0,0,0,0,0,0,0,0,0,0,0,0,0,0,0,0,0,0,0,0,0,0,0,0,0,0,0,0,0,0,0,0,0,0,0,0,0,0,0,0,0,0,0,9,2022,9
jonbostic_was_2022_9,was_2022_9,jonbostic_was_2022,was_2022,jonbostic,7831,lb,was,1,5,0,32,0,0,0,0,0,0,0,0,0,0,0,0,0,0,0,0,0,0,0,0,0,0,0,0,0,0,0,0,0,0,0,0,0,0,0,0,0,0,0,0,0,0,0,0,0,0,0,0,0,0,0,0,0,0,0,0,0,9,2022,9
tyrannmathieu_no_2022_9,no_2022_9,tyrannmathieu_no_2022,no_2022,tyrannmathieu,7850,s,no,1,43,0,20,0,0,0,0,0,0,0,0,0,0,0,0,0,0,0,0,0,0,0,0,0,0,0,0,0,0,0,0,0,0,0,0,0,0,0,0,0,0,0,0,0,0,0,0,0,0,0,0,0,0,0,0,0,0,0,0,0,9,2022,9
duronharmon_lv_2022_9,lv_2022_9,duronharmon_lv_2022,lv_2022,duronharmon,7872,s,lv,1,28,0,23,0,0,0,0,0,0,0,0,0,0,0,0,0,0,0,0,0,0,0,0,0,0,0,0,0,0,0,0,0,0,0,0,0,0,0,0,0,0,0,0,0,0,0,0,0,0,0,0,0,0,0,0,0,0,0,0,0,9,2022,9
ajklein_bal_2022_9,bal_2022_9,ajklein_bal_2022,bal_2022,ajklein,7930,lb,bal,1,9,0,3,0,0,0,0,0,0,0,0,0,0,0,0,0,0,0,0,0,0,0,0,0,0,0,0,0,0,0,0,0,0,0,0,0,0,0,0,0,0,0,0,0,0,0,0,0,0,0,0,0,0,0,0,0,0,0,0,0,9,2022,9
chrisbanjo_ari_2022_9,ari_2022_9,chrisbanjo_ari_2022,ari_2022,chrisbanjo,8419,s,ari,1,1,0,1,0,0,0,0,0,0,0,0,0,0,0,0,0,0,0,0,0,0,0,0,0,0,0,0,0,0,0,0,0,0,0,0,0,0,0,0,0,0,0,0,0,0,0,0,0,0,0,0,0,0,0,0,0,0,0,0,0,9,2022,9
anthonybarr_dal_2022_9,dal_2022_9,anthonybarr_dal_2022,dal_2022,anthonybarr,8644,lb,dal,1,11,0,9,0,0,0,0,0,0,0,0,0,0,0,0,0,0,0,0,0,0,0,0,0,0,0,0,0,0,0,0,0,0,0,0,0,0,0,0,0,0,0,0,0,0,0,0,0,0,0,0,0,0,0,0,0,0,0,0,0,9,2022,9
cjmosley_nyj_2022_9,nyj_2022_9,cjmosley_nyj_2022,nyj_2022,cjmosley,8652,lb,nyj,1,41,0,22,0,0,0,0,0,0,0,0,0,0,0,0,0,0,0,0,0,0,0,0,0,0,0,0,0,0,0,0,0,0,0,0,0,0,0,0,0,0,0,0,0,0,0,0,0,0,0,0,0,0,0,0,0,0,0,0,0,9,2022,9
jimmieward_sf_2022_9,sf_2022_9,jimmieward_sf_2022,sf_2022,jimmieward,8665,s,sf,1,36,0,28,0,0,0,0,0,0,0,0,0,0,0,0,0,0,0,0,0,0,0,0,0,0,0,0,0,0,0,0,0,0,0,0,0,0,0,0,0,0,0,0,0,0,0,0,0,0,0,0,0,0,0,0,0,0,0,0,0,9,2022,9
lamarcusjoyner_nyj_2022_9,nyj_2022_9,lamarcusjoyner_nyj_2022,nyj_2022,lamarcusjoyner,8676,s,nyj,1,45,0,22,0,0,0,0,0,0,0,0,0,0,0,0,0,0,0,0,0,0,0,0,0,0,0,0,0,0,0,0,0,0,0,0,0,0,0,0,0,0,0,0,0,0,0,0,0,0,0,0,0,0,0,0,0,0,0,0,0,9,2022,9
christiankirksey_hou_2022_9,hou_2022_9,christiankirksey_hou_2022,hou_2022,christiankirksey,8706,lb,hou,1,11,0,13,0,0,0,0,0,0,0,0,0,0,0,0,0,0,0,0,0,0,0,0,0,0,0,0,0,0,0,0,0,0,0,0,0,0,0,0,0,0,0,0,0,0,0,0,0,0,0,0,0,0,0,0,0,0,0,0,0,9,2022,9
terrancemitchell_ten_2022_9,ten_2022_9,terrancemitchell_ten_2022,ten_2022,terrancemitchell,8888,cb,ten,1,26,0,31,0,0,0,0,0,0,0,0,0,0,0,0,0,0,0,0,0,0,0,0,0,0,0,0,0,0,0,0,0,0,0,0,0,0,0,0,0,0,0,0,0,0,0,0,0,0,0,0,0,0,0,0,0,0,0,0,0,9,2022,9
adrianphillips_ne_2022_9,ne_2022_9,adrianphillips_ne_2022,ne_2022,adrianphillips,9177,s,ne,1,32,0,19,0,0,0,0,0,0,0,0,0,0,0,0,0,0,0,0,0,0,0,0,0,0,0,0,0,0,0,0,0,0,0,0,0,0,0,0,0,0,0,0,0,0,0,0,0,0,0,0,0,0,0,0,0,0,0,0,0,9,2022,9
danielsorensen_no_2022_9,no_2022_9,danielsorensen_no_2022,no_2022,danielsorensen,9253,s,no,1,1,0,20,0,0,0,0,0,0,0,0,0,0,0,0,0,0,0,0,0,0,0,0,0,0,0,0,0,0,0,0,0,0,0,0,0,0,0,0,0,0,0,0,0,0,0,0,0,0,0,0,0,0,0,0,0,0,0,0,0,9,2022,9
joethomas_chi_2022_9,chi_2022_9,joethomas_chi_2022,chi_2022,joethomas,9272,lb,chi,1,2,0,6,0,0,0,0,0,0,0,0,0,0,0,0,0,0,0,0,0,0,0,0,0,0,0,0,0,0,0,0,0,0,0,0,0,0,0,0,0,0,0,0,0,0,0,0,0,0,0,0,0,0,0,0,0,0,0,0,0,9,2022,9
kwaunwilliams_den_2022_9,den_2022_9,kwaunwilliams_den_2022,den_2022,kwaunwilliams,9332,cb,den,1,32,0,10,0,0,0,0,0,0,0,0,0,0,0,0,0,0,0,0,0,0,0,0,0,0,0,0,0,0,0,0,0,0,0,0,0,0,0,0,0,0,0,0,0,0,0,0,0,0,0,0,0,0,0,0,0,0,0,0,0,9,2022,9
marcuspeters_bal_2022_9,bal_2022_9,marcuspeters_bal_2022,bal_2022,marcuspeters,9451,cb,bal,1,52,0,3,0,0,0,0,0,0,0,0,0,0,0,0,0,0,0,0,0,0,0,0,0,0,0,0,0,0,0,0,0,0,0,0,0,0,0,0,0,0,0,0,0,0,0,0,0,0,0,0,0,0,0,0,0,0,0,0,0,9,2022,9
shaqthompson_car_2022_9,car_2022_9,shaqthompson_car_2022,car_2022,shaqthompson,9458,lb,car,1,30,0,5,0,0,0,0,0,0,0,0,0,0,0,0,0,0,0,0,0,0,0,0,0,0,0,0,0,0,0,0,0,0,0,0,0,0,0,0,0,0,0,0,0,0,0,0,0,0,0,0,0,0,0,0,0,0,0,0,0,9,2022,9
landoncollins_nyg_2022_9,nyg_2022_9,landoncollins_nyg_2022,nyg_2022,landoncollins,9466,s,nyg,1,4,0,21,0,0,0,0,0,0,0,0,0,0,0,0,0,0,0,0,0,0,0,0,0,0,0,0,0,0,0,0,0,0,0,0,0,0,0,0,0,0,0,0,0,0,0,0,0,0,0,0,0,0,0,0,0,0,0,0,0,9,2022,9
erickendricks_min_2022_9,min_2022_9,erickendricks_min_2022,min_2022,erickendricks,9478,lb,min,1,59,0,18,0,0,0,0,0,0,0,0,0,0,0,0,0,0,0,0,0,0,0,0,0,0,0,0,0,0,0,0,0,0,0,0,0,0,0,0,0,0,0,0,0,0,0,0,0,0,0,0,0,0,0,0,0,0,0,0,0,9,2022,9
denzelperryman_lv_2022_9,lv_2022_9,denzelperryman_lv_2022,lv_2022,denzelperryman,9481,lb,lv,1,22,0,23,0,0,0,0,0,0,0,0,0,0,0,0,0,0,0,0,0,0,0,0,0,0,0,0,0,0,0,0,0,0,0,0,0,0,0,0,0,0,0,0,0,0,0,0,0,0,0,0,0,0,0,0,0,0,0,0,0,9,2022,9
jordanhicks_min_2022_9,min_2022_9,jordanhicks_min_2022,min_2022,jordanhicks,9517,lb,min,1,54,0,18,0,0,0,0,0,0,0,0,0,0,0,0,0,0,0,0,0,0,0,0,0,0,0,0,0,0,0,0,0,0,0,0,0,0,0,0,0,0,0,0,0,0,0,0,0,0,0,0,0,0,0,0,0,0,0,0,0,9,2022,9
stevennelson_hou_2022_9,hou_2022_9,stevennelson_hou_2022,hou_2022,stevennelson,9531,cb,hou,1,14,0,13,0,0,0,0,0,0,0,0,0,0,0,0,0,0,0,0,0,0,0,0,0,0,0,0,0,0,0,0,0,0,0,0,0,0,0,0,0,0,0,0,0,0,0,0,0,0,0,0,0,0,0,0,0,0,0,0,0,9,2022,9
kwonalexander_nyj_2022_9,nyj_2022_9,kwonalexander_nyj_2022,nyj_2022,kwonalexander,9557,lb,nyj,1,11,0,22,0,0,0,0,0,0,0,0,0,0,0,0,0,0,0,0,0,0,0,0,0,0,0,0,0,0,0,0,0,0,0,0,0,0,0,0,0,0,0,0,0,0,0,0,0,0,0,0,0,0,0,0,0,0,0,0,0,9,2022,9
damienwilson_car_2022_9,car_2022_9,damienwilson_car_2022,car_2022,damienwilson,9560,lb,car,1,4,0,5,0,0,0,0,0,0,0,0,0,0,0,0,0,0,0,0,0,0,0,0,0,0,0,0,0,0,0,0,0,0,0,0,0,0,0,0,0,0,0,0,0,0,0,0,0,0,0,0,0,0,0,0,0,0,0,0,0,9,2022,9
adrianamos_gb_2022_9,gb_2022_9,adrianamos_gb_2022,gb_2022,adrianamos,9575,s,gb,1,34,0,12,0,0,0,0,0,0,0,0,0,0,0,0,0,0,0,0,0,0,0,0,0,0,0,0,0,0,0,0,0,0,0,0,0,0,0,0,0,0,0,0,0,0,0,0,0,0,0,0,0,0,0,0,0,0,0,0,0,9,2022,9
bobbymccain_was_2022_9,was_2022_9,bobbymccain_was_2022,was_2022,bobbymccain,9578,s,was,1,31,0,32,0,0,0,0,0,0,0,0,0,0,0,0,0,0,0,0,0,0,0,0,0,0,0,0,0,0,0,0,0,0,0,0,0,0,0,0,0,0,0,0,0,0,0,0,0,0,0,0,0,0,0,0,0,0,0,0,0,9,2022,9
quandrediggs_sea_2022_9,sea_2022_9,quandrediggs_sea_2022,sea_2022,quandrediggs,9633,s,sea,1,40,0,29,0,0,0,0,0,0,0,0,0,0,0,0,0,0,0,0,0,0,0,0,0,0,0,0,0,0,0,0,0,0,0,0,0,0,0,0,0,0,0,0,0,0,0,0,0,0,0,0,0,0,0,0,0,0,0,0,0,9,2022,9
troyhill_lar_2022_9,lar_2022_9,troyhill_lar_2022,lar_2022,troyhill,9881,cb,lar,1,18,0,26,0,0,0,0,0,0,0,0,0,0,0,0,0,0,0,0,0,0,0,0,0,0,0,0,0,0,0,0,0,0,0,0,0,0,0,0,0,0,0,0,0,0,0,0,0,0,0,0,0,0,0,0,0,0,0,0,0,9,2022,9
deanmarlowe_atl_2022_9,atl_2022_9,deanmarlowe_atl_2022,atl_2022,deanmarlowe,9966,s,atl,1,42,0,2,0,0,0,0,0,0,0,0,0,0,0,0,0,0,0,0,0,0,0,0,0,0,0,0,0,0,0,0,0,0,0,0,0,0,0,0,0,0,0,0,0,0,0,0,0,0,0,0,0,0,0,0,0,0,0,0,0,9,2022,9
alexsingleton_den_2022_9,den_2022_9,alexsingleton_den_2022,den_2022,alexsingleton,9994,lb,den,1,4,0,10,0,0,0,0,0,0,0,0,0,0,0,0,0,0,0,0,0,0,0,0,0,0,0,0,0,0,0,0,0,0,0,0,0,0,0,0,0,0,0,0,0,0,0,0,0,0,0,0,0,0,0,0,0,0,0,0,0,9,2022,9
jalenramsey_lar_2022_9,lar_2022_9,jalenramsey_lar_2022,lar_2022,jalenramsey,10639,cb,lar,1,29,0,26,0,0,0,0,0,0,0,0,0,0,0,0,0,0,0,0,0,0,0,0,0,0,0,0,0,0,0,0,0,0,0,0,0,0,0,0,0,0,0,0,0,0,0,0,0,0,0,0,0,0,0,0,0,0,0,0,0,9,2022,9
keanuneal_tb_2022_9,tb_2022_9,keanuneal_tb_2022,tb_2022,keanuneal,10651,s,tb,1,44,0,30,0,0,0,0,0,0,0,0,0,0,0,0,0,0,0,0,0,0,0,0,0,0,0,0,0,0,0,0,0,0,0,0,0,0,0,0,0,0,0,0,0,0,0,0,0,0,0,0,0,0,0,0,0,0,0,0,0,9,2022,9
jaylonsmith_nyg_2022_9,nyg_2022_9,jaylonsmith_nyg_2022,nyg_2022,jaylonsmith,10668,lb,nyg,1,28,0,21,0,0,0,0,0,0,0,0,0,0,0,0,0,0,0,0,0,0,0,0,0,0,0,0,0,0,0,0,0,0,0,0,0,0,0,0,0,0,0,0,0,0,0,0,0,0,0,0,0,0,0,0,0,0,0,0,0,9,2022,9
mylesjack_pit_2022_9,pit_2022_9,mylesjack_pit_2022,pit_2022,mylesjack,10670,lb,pit,1,24,0,25,0,0,0,0,0,0,0,0,0,0,0,0,0,0,0,0,0,0,0,0,0,0,0,0,0,0,0,0,0,0,0,0,0,0,0,0,0,0,0,0,0,0,0,0,0,0,0,0,0,0,0,0,0,0,0,0,0,9,2022,9
xavienhoward_mia_2022_9,mia_2022_9,xavienhoward_mia_2022,mia_2022,xavienhoward,10672,cb,mia,1,42,0,17,0,0,0,0,0,0,0,0,0,0,0,0,0,0,0,0,0,0,0,0,0,0,0,0,0,0,0,0,0,0,0,0,0,0,0,0,0,0,0,0,0,0,0,0,0,0,0,0,0,0,0,0,0,0,0,0,0,9,2022,9
deionjones_cle_2022_9,cle_2022_9,deionjones_cle_2022,cle_2022,deionjones,10686,lb,cle,1,32,0,8,0,0,0,0,0,0,0,0,0,0,0,0,0,0,0,0,0,0,0,0,0,0,0,0,0,0,0,0,0,0,0,0,0,0,0,0,0,0,0,0,0,0,0,0,0,0,0,0,0,0,0,0,0,0,0,0,0,9,2022,9
vonnbell_cin_2022_9,cin_2022_9,vonnbell_cin_2022,cin_2022,vonnbell,10695,s,cin,1,22,0,7,0,0,0,0,0,0,0,0,0,0,0,0,0,0,0,0,0,0,0,0,0,0,0,0,0,0,0,0,0,0,0,0,0,0,0,0,0,0,0,0,0,0,0,0,0,0,0,0,0,0,0,0,0,0,0,0,0,9,2022,9
jamesbradberry_phi_2022_9,phi_2022_9,jamesbradberry_phi_2022,phi_2022,jamesbradberry,10696,cb,phi,1,57,0,24,0,0,0,0,0,0,0,0,0,0,0,0,0,0,0,0,0,0,0,0,0,0,0,0,0,0,0,0,0,0,0,0,0,0,0,0,0,0,0,0,0,0,0,0,0,0,0,0,0,0,0,0,0,0,0,0,0,9,2022,9
kevinbyard_ten_2022_9,ten_2022_9,kevinbyard_ten_2022,ten_2022,kevinbyard,10698,s,ten,1,36,0,31,0,0,0,0,0,0,0,0,0,0,0,0,0,0,0,0,0,0,0,0,0,0,0,0,0,0,0,0,0,0,0,0,0,0,0,0,0,0,0,0,0,0,0,0,0,0,0,0,0,0,0,0,0,0,0,0,0,9,2022,9
kendallfuller_was_2022_9,was_2022_9,kendallfuller_was_2022,was_2022,kendallfuller,10718,cb,was,1,31,0,32,0,0,0,0,0,0,0,0,0,0,0,0,0,0,0,0,0,0,0,0,0,0,0,0,0,0,0,0,0,0,0,0,0,0,0,0,0,0,0,0,0,0,0,0,0,0,0,0,0,0,0,0,0,0,0,0,0,9,2022,9
justinsimmons_den_2022_9,den_2022_9,justinsimmons_den_2022,den_2022,justinsimmons,10732,s,den,1,39,0,10,0,0,0,0,0,0,0,0,0,0,0,0,0,0,0,0,0,0,0,0,0,0,0,0,0,0,0,0,0,0,0,0,0,0,0,0,0,0,0,0,0,0,0,0,0,0,0,0,0,0,0,0,0,0,0,0,0,9,2022,9
ericmurray_hou_2022_9,hou_2022_9,ericmurray_hou_2022,hou_2022,ericmurray,10740,s,hou,1,9,0,13,0,0,0,0,0,0,0,0,0,0,0,0,0,0,0,0,0,0,0,0,0,0,0,0,0,0,0,0,0,0,0,0,0,0,0,0,0,0,0,0,0,0,0,0,0,0,0,0,0,0,0,0,0,0,0,0,0,9,2022,9
blakemartinez_lv_2022_9,lv_2022_9,blakemartinez_lv_2022,lv_2022,blakemartinez,10765,lb,lv,1,5,0,23,0,0,0,0,0,0,0,0,0,0,0,0,0,0,0,0,0,0,0,0,0,0,0,0,0,0,0,0,0,0,0,0,0,0,0,0,0,0,0,0,0,0,0,0,0,0,0,0,0,0,0,0,0,0,0,0,0,9,2022,9
anthonybrown_dal_2022_9,dal_2022_9,anthonybrown_dal_2022,dal_2022,anthonybrown,10823,cb,dal,1,33,0,9,0,0,0,0,0,0,0,0,0,0,0,0,0,0,0,0,0,0,0,0,0,0,0,0,0,0,0,0,0,0,0,0,0,0,0,0,0,0,0,0,0,0,0,0,0,0,0,0,0,0,0,0,0,0,0,0,0,9,2022,9
elandonroberts_mia_2022_9,mia_2022_9,elandonroberts_mia_2022,mia_2022,elandonroberts,10848,lb,mia,1,19,0,17,0,0,0,0,0,0,0,0,0,0,0,0,0,0,0,0,0,0,0,0,0,0,0,0,0,0,0,0,0,0,0,0,0,0,0,0,0,0,0,0,0,0,0,0,0,0,0,0,0,0,0,0,0,0,0,0,0,9,2022,9
jalenmills_ne_2022_9,ne_2022_9,jalenmills_ne_2022,ne_2022,jalenmills,10867,cb,ne,1,26,0,19,0,0,0,0,0,0,0,0,0,0,0,0,0,0,0,0,0,0,0,0,0,0,0,0,0,0,0,0,0,0,0,0,0,0,0,0,0,0,0,0,0,0,0,0,0,0,0,0,0,0,0,0,0,0,0,0,0,9,2022,9
jayronkearse_dal_2022_9,dal_2022_9,jayronkearse_dal_2022,dal_2022,jayronkearse,10878,s,dal,1,33,0,9,0,0,0,0,0,0,0,0,0,0,0,0,0,0,0,0,0,0,0,0,0,0,0,0,0,0,0,0,0,0,0,0,0,0,0,0,0,0,0,0,0,0,0,0,0,0,0,0,0,0,0,0,0,0,0,0,0,9,2022,9
corylittleton_car_2022_9,car_2022_9,corylittleton_car_2022,car_2022,corylittleton,11190,lb,car,1,3,0,5,0,0,0,0,0,0,0,0,0,0,0,0,0,0,0,0,0,0,0,0,0,0,0,0,0,0,0,0,0,0,0,0,0,0,0,0,0,0,0,0,0,0,0,0,0,0,0,0,0,0,0,0,0,0,0,0,0,9,2022,9
jonathanjones_ne_2022_9,ne_2022_9,jonathanjones_ne_2022,ne_2022,jonathanjones,11217,cb,ne,1,36,0,19,0,0,0,0,0,0,0,0,0,0,0,0,0,0,0,0,0,0,0,0,0,0,0,0,0,0,0,0,0,0,0,0,0,0,0,0,0,0,0,0,0,0,0,0,0,0,0,0,0,0,0,0,0,0,0,0,0,9,2022,9
andrewadams_ten_2022_9,ten_2022_9,andrewadams_ten_2022,ten_2022,andrewadams,11240,s,ten,1,32,0,31,0,0,0,0,0,0,0,0,0,0,0,0,0,0,0,0,0,0,0,0,0,0,0,0,0,0,0,0,0,0,0,0,0,0,0,0,0,0,0,0,0,0,0,0,0,0,0,0,0,0,0,0,0,0,0,0,0,9,2022,9
antoniohamilton_ari_2022_9,ari_2022_9,antoniohamilton_ari_2022,ari_2022,antoniohamilton,11353,cb,ari,1,16,0,1,0,0,0,0,0,0,0,0,0,0,0,0,0,0,0,0,0,0,0,0,0,0,0,0,0,0,0,0,0,0,0,0,0,0,0,0,0,0,0,0,0,0,0,0,0,0,0,0,0,0,0,0,0,0,0,0,0,9,2022,9
marlonhumphrey_bal_2022_9,bal_2022_9,marlonhumphrey_bal_2022,bal_2022,marlonhumphrey,11771,cb,bal,1,37,0,3,0,0,0,0,0,0,0,0,0,0,0,0,0,0,0,0,0,0,0,0,0,0,0,0,0,0,0,0,0,0,0,0,0,0,0,0,0,0,0,0,0,0,0,0,0,0,0,0,0,0,0,0,0,0,0,0,0,9,2022,9
adoreejackson_nyg_2022_9,nyg_2022_9,adoreejackson_nyg_2022,nyg_2022,adoreejackson,11773,cb,nyg,1,40,0,21,0,0,0,0,0,0,0,0,0,0,0,0,0,0,0,0,0,0,0,0,0,0,0,0,0,0,0,0,0,0,0,0,0,0,0,0,0,0,0,0,0,0,0,0,0,0,0,0,0,0,0,0,0,0,0,0,0,9,2022,9
jabrillpeppers_ne_2022_9,ne_2022_9,jabrillpeppers_ne_2022,ne_2022,jabrillpeppers,11780,s,ne,1,24,0,19,0,0,0,0,0,0,0,0,0,0,0,0,0,0,0,0,0,0,0,0,0,0,0,0,0,0,0,0,0,0,0,0,0,0,0,0,0,0,0,0,0,0,0,0,0,0,0,0,0,0,0,0,0,0,0,0,0,9,2022,9
buddabaker_ari_2022_9,ari_2022_9,buddabaker_ari_2022,ari_2022,buddabaker,11791,s,ari,1,38,0,1,0,0,0,0,0,0,0,0,0,0,0,0,0,0,0,0,0,0,0,0,0,0,0,0,0,0,0,0,0,0,0,0,0,0,0,0,0,0,0,0,0,0,0,0,0,0,0,0,0,0,0,0,0,0,0,0,0,9,2022,9
marcusmaye_no_2022_9,no_2022_9,marcusmaye_no_2022,no_2022,marcusmaye,11794,s,no,1,41,0,20,0,0,0,0,0,0,0,0,0,0,0,0,0,0,0,0,0,0,0,0,0,0,0,0,0,0,0,0,0,0,0,0,0,0,0,0,0,0,0,0,0,0,0,0,0,0,0,0,0,0,0,0,0,0,0,0,0,9,2022,9
justinevans_no_2022_9,no_2022_9,justinevans_no_2022,no_2022,justinevans,11805,s,no,1,19,0,20,0,0,0,0,0,0,0,0,0,0,0,0,0,0,0,0,0,0,0,0,0,0,0,0,0,0,0,0,0,0,0,0,0,0,0,0,0,0,0,0,0,0,0,0,0,0,0,0,0,0,0,0,0,0,0,0,0,9,2022,9
raekwonmcmillan_ne_2022_9,ne_2022_9,raekwonmcmillan_ne_2022,ne_2022,raekwonmcmillan,11809,lb,ne,1,8,0,19,0,0,0,0,0,0,0,0,0,0,0,0,0,0,0,0,0,0,0,0,0,0,0,0,0,0,0,0,0,0,0,0,0,0,0,0,0,0,0,0,0,0,0,0,0,0,0,0,0,0,0,0,0,0,0,0,0,9,2022,9
zachcunningham_ten_2022_9,ten_2022_9,zachcunningham_ten_2022,ten_2022,zachcunningham,11812,lb,ten,1,16,0,31,0,0,0,0,0,0,0,0,0,0,0,0,0,0,0,0,0,0,0,0,0,0,0,0,0,0,0,0,0,0,0,0,0,0,0,0,0,0,0,0,0,0,0,0,0,0,0,0,0,0,0,0,0,0,0,0,0,9,2022,9
joshjones_sea_2022_9,sea_2022_9,joshjones_sea_2022,sea_2022,joshjones,11816,s,sea,1,24,0,29,0,0,0,0,0,0,0,0,0,0,0,0,0,0,0,0,0,0,0,0,0,0,0,0,0,0,0,0,0,0,0,0,0,0,0,0,0,0,0,0,0,0,0,0,0,0,0,0,0,0,0,0,0,0,0,0,0,9,2022,9
ahkellowitherspoon_pit_2022_9,pit_2022_9,ahkellowitherspoon_pit_2022,pit_2022,ahkellowitherspoon,11821,cb,pit,1,21,0,25,0,0,0,0,0,0,0,0,0,0,0,0,0,0,0,0,0,0,0,0,0,0,0,0,0,0,0,0,0,0,0,0,0,0,0,0,0,0,0,0,0,0,0,0,0,0,0,0,0,0,0,0,0,0,0,0,0,9,2022,9
dukeriley_mia_2022_9,mia_2022_9,dukeriley_mia_2022,mia_2022,dukeriley,11830,lb,mia,1,18,0,17,0,0,0,0,0,0,0,0,0,0,0,0,0,0,0,0,0,0,0,0,0,0,0,0,0,0,0,0,0,0,0,0,0,0,0,0,0,0,0,0,0,0,0,0,0,0,0,0,0,0,0,0,0,0,0,0,0,9,2022,9
alexanzalone_det_2022_9,det_2022_9,alexanzalone_det_2022,det_2022,alexanzalone,11831,lb,det,1,38,0,11,0,0,0,0,0,0,0,0,0,0,0,0,0,0,0,0,0,0,0,0,0,0,0,0,0,0,0,0,0,0,0,0,0,0,0,0,0,0,0,0,0,0,0,0,0,0,0,0,0,0,0,0,0,0,0,0,0,9,2022,9
fabianmoreau_nyg_2022_9,nyg_2022_9,fabianmoreau_nyg_2022,nyg_2022,fabianmoreau,11836,cb,nyg,1,32,0,21,0,0,0,0,0,0,0,0,0,0,0,0,0,0,0,0,0,0,0,0,0,0,0,0,0,0,0,0,0,0,0,0,0,0,0,0,0,0,0,0,0,0,0,0,0,0,0,0,0,0,0,0,0,0,0,0,0,9,2022,9
johnjohnsoniii_cle_2022_9,cle_2022_9,johnjohnsoniii_cle_2022,cle_2022,johnjohnsoniii,11847,s,cle,1,43,0,8,0,0,0,0,0,0,0,0,0,0,0,0,0,0,0,0,0,0,0,0,0,0,0,0,0,0,0,0,0,0,0,0,0,0,0,0,0,0,0,0,0,0,0,0,0,0,0,0,0,0,0,0,0,0,0,0,0,9,2022,9
cameronsutton_pit_2022_9,pit_2022_9,cameronsutton_pit_2022,pit_2022,cameronsutton,11850,cb,pit,1,36,0,25,0,0,0,0,0,0,0,0,0,0,0,0,0,0,0,0,0,0,0,0,0,0,0,0,0,0,0,0,0,0,0,0,0,0,0,0,0,0,0,0,0,0,0,0,0,0,0,0,0,0,0,0,0,0,0,0,0,9,2022,9
rasuldouglas_gb_2022_9,gb_2022_9,rasuldouglas_gb_2022,gb_2022,rasuldouglas,11854,cb,gb,1,30,0,12,0,0,0,0,0,0,0,0,0,0,0,0,0,0,0,0,0,0,0,0,0,0,0,0,0,0,0,0,0,0,0,0,0,0,0,0,0,0,0,0,0,0,0,0,0,0,0,0,0,0,0,0,0,0,0,0,0,9,2022,9
eddiejackson_chi_2022_9,chi_2022_9,eddiejackson_chi_2022,chi_2022,eddiejackson,11867,s,chi,1,27,0,6,0,0,0,0,0,0,0,0,0,0,0,0,0,0,0,0,0,0,0,0,0,0,0,0,0,0,0,0,0,0,0,0,0,0,0,0,0,0,0,0,0,0,0,0,0,0,0,0,0,0,0,0,0,0,0,0,0,9,2022,9
rayshawnjenkins_jax_2022_9,jax_2022_9,rayshawnjenkins_jax_2022,jax_2022,rayshawnjenkins,11868,s,jax,1,34,0,15,0,0,0,0,0,0,0,0,0,0,0,0,0,0,0,0,0,0,0,0,0,0,0,0,0,0,0,0,0,0,0,0,0,0,0,0,0,0,0,0,0,0,0,0,0,0,0,0,0,0,0,0,0,0,0,0,0,9,2022,9
desmondkingii_hou_2022_9,hou_2022_9,desmondkingii_hou_2022,hou_2022,desmondkingii,11906,cb,hou,1,8,0,13,0,0,0,0,0,0,0,0,0,0,0,0,0,0,0,0,0,0,0,0,0,0,0,0,0,0,0,0,0,0,0,0,0,0,0,0,0,0,0,0,0,0,0,0,0,0,0,0,0,0,0,0,0,0,0,0,0,9,2022,9
mattmilano_buf_2022_9,buf_2022_9,mattmilano_buf_2022,buf_2022,mattmilano,11918,lb,buf,1,36,0,4,0,0,0,0,0,0,0,0,0,0,0,0,0,0,0,0,0,0,0,0,0,0,0,0,0,0,0,0,0,0,0,0,0,0,0,0,0,0,0,0,0,0,0,0,0,0,0,0,0,0,0,0,0,0,0,0,0,9,2022,9
chuckclark_bal_2022_9,bal_2022_9,chuckclark_bal_2022,bal_2022,chuckclark,11941,s,bal,1,53,0,3,0,0,0,0,0,0,0,0,0,0,0,0,0,0,0,0,0,0,0,0,0,0,0,0,0,0,0,0,0,0,0,0,0,0,0,0,0,0,0,0,0,0,0,0,0,0,0,0,0,0,0,0,0,0,0,0,0,9,2022,9
xavierwoods_car_2022_9,car_2022_9,xavierwoods_car_2022,car_2022,xavierwoods,11946,s,car,1,29,0,5,0,0,0,0,0,0,0,0,0,0,0,0,0,0,0,0,0,0,0,0,0,0,0,0,0,0,0,0,0,0,0,0,0,0,0,0,0,0,0,0,0,0,0,0,0,0,0,0,0,0,0,0,0,0,0,0,0,9,2022,9
tannervallejo_ari_2022_9,ari_2022_9,tannervallejo_ari_2022,ari_2022,tannervallejo,11950,lb,ari,1,6,0,1,0,0,0,0,0,0,0,0,0,0,0,0,0,0,0,0,0,0,0,0,0,0,0,0,0,0,0,0,0,0,0,0,0,0,0,0,0,0,0,0,0,0,0,0,0,0,0,0,0,0,0,0,0,0,0,0,0,9,2022,9
rudyford_gb_2022_9,gb_2022_9,rudyford_gb_2022,gb_2022,rudyford,11963,s,gb,1,6,0,12,0,0,0,0,0,0,0,0,0,0,0,0,0,0,0,0,0,0,0,0,0,0,0,0,0,0,0,0,0,0,0,0,0,0,0,0,0,0,0,0,0,0,0,0,0,0,0,0,0,0,0,0,0,0,0,0,0,9,2022,9
arthurmaulet_pit_2022_9,pit_2022_9,arthurmaulet_pit_2022,pit_2022,arthurmaulet,12224,cb,pit,1,22,0,25,0,0,0,0,0,0,0,0,0,0,0,0,0,0,0,0,0,0,0,0,0,0,0,0,0,0,0,0,0,0,0,0,0,0,0,0,0,0,0,0,0,0,0,0,0,0,0,0,0,0,0,0,0,0,0,0,0,9,2022,9
sionetakitaki_cle_2022_9,cle_2022_9,sionetakitaki_cle_2022,cle_2022,sionetakitaki,12666,lb,cle,1,32,0,8,0,0,0,0,0,0,0,0,0,0,0,0,0,0,0,0,0,0,0,0,0,0,0,0,0,0,0,0,0,0,0,0,0,0,0,0,0,0,0,0,0,0,0,0,0,0,0,0,0,0,0,0,0,0,0,0,0,9,2022,9
dylancole_ten_2022_9,ten_2022_9,dylancole_ten_2022,ten_2022,dylancole,24304,lb,ten,1,4,0,31,0,0,0,0,0,0,0,0,0,0,0,0,0,0,0,0,0,0,0,0,0,0,0,0,0,0,0,0,0,0,0,0,0,0,0,0,0,0,0,0,0,0,0,0,0,0,0,0,0,0,0,0,0,0,0,0,0,9,2022,9
foyesadeoluokun_jax_2022_9,jax_2022_9,foyesadeoluokun_jax_2022,jax_2022,foyesadeoluokun,24904,lb,jax,1,31,0,15,0,0,0,0,0,0,0,0,0,0,0,0,0,0,0,0,0,0,0,0,0,0,0,0,0,0,0,0,0,0,0,0,0,0,0,0,0,0,0,0,0,0,0,0,0,0,0,0,0,0,0,0,0,0,0,0,0,9,2022,9
cjmoore_det_2022_9,det_2022_9,cjmoore_det_2022,det_2022,cjmoore,26617,s,det,1,2,0,11,0,0,0,0,0,0,0,0,0,0,0,0,0,0,0,0,0,0,0,0,0,0,0,0,0,0,0,0,0,0,0,0,0,0,0,0,0,0,0,0,0,0,0,0,0,0,0,0,0,0,0,0,0,0,0,0,0,9,2022,9
djreedjr_nyj_2022_9,nyj_2022_9,djreedjr_nyj_2022,nyj_2022,djreedjr,26940,cb,nyj,1,45,0,22,0,0,0,0,0,0,0,0,0,0,0,0,0,0,0,0,0,0,0,0,0,0,0,0,0,0,0,0,0,0,0,0,0,0,0,0,0,0,0,0,0,0,0,0,0,0,0,0,0,0,0,0,0,0,0,0,0,9,2022,9
isaiahrodgers_ind_2022_9,ind_2022_9,isaiahrodgers_ind_2022,ind_2022,isaiahrodgers,27069,cb,ind,1,30,0,14,0,0,0,0,0,0,0,0,0,0,0,0,0,0,0,0,0,0,0,0,0,0,0,0,0,0,0,0,0,0,0,0,0,0,0,0,0,0,0,0,0,0,0,0,0,0,0,0,0,0,0,0,0,0,0,0,0,9,2022,9
devinbush_pit_2022_9,pit_2022_9,devinbush_pit_2022,pit_2022,devinbush,27375,lb,pit,1,21,0,25,0,0,0,0,0,0,0,0,0,0,0,0,0,0,0,0,0,0,0,0,0,0,0,0,0,0,0,0,0,0,0,0,0,0,0,0,0,0,0,0,0,0,0,0,0,0,0,0,0,0,0,0,0,0,0,0,0,9,2022,9
davidlongjr_lar_2022_9,lar_2022_9,davidlongjr_lar_2022,lar_2022,davidlongjr,27377,cb,lar,1,3,0,26,0,0,0,0,0,0,0,0,0,0,0,0,0,0,0,0,0,0,0,0,0,0,0,0,0,0,0,0,0,0,0,0,0,0,0,0,0,0,0,0,0,0,0,0,0,0,0,0,0,0,0,0,0,0,0,0,0,9,2022,9
malikharrison_bal_2022_9,bal_2022_9,malikharrison_bal_2022,bal_2022,malikharrison,28081,lb,bal,1,20,0,3,0,0,0,0,0,0,0,0,0,0,0,0,0,0,0,0,0,0,0,0,0,0,0,0,0,0,0,0,0,0,0,0,0,0,0,0,0,0,0,0,0,0,0,0,0,0,0,0,0,0,0,0,0,0,0,0,0,9,2022,9
jeromebaker_mia_2022_9,mia_2022_9,jeromebaker_mia_2022,mia_2022,jeromebaker,28091,lb,mia,1,36,0,17,0,0,0,0,0,0,0,0,0,0,0,0,0,0,0,0,0,0,0,0,0,0,0,0,0,0,0,0,0,0,0,0,0,0,0,0,0,0,0,0,0,0,0,0,0,0,0,0,0,0,0,0,0,0,0,0,0,9,2022,9
jackjones_ne_2022_9,ne_2022_9,jackjones_ne_2022,ne_2022,jackjones,29050,cb,ne,1,20,0,19,0,0,0,0,0,0,0,0,0,0,0,0,0,0,0,0,0,0,0,0,0,0,0,0,0,0,0,0,0,0,0,0,0,0,0,0,0,0,0,0,0,0,0,0,0,0,0,0,0,0,0,0,0,0,0,0,0,9,2022,9
davidlong_ten_2022_9,ten_2022_9,davidlong_ten_2022,ten_2022,davidlong,29367,lb,ten,1,37,0,31,0,0,0,0,0,0,0,0,0,0,0,0,0,0,0,0,0,0,0,0,0,0,0,0,0,0,0,0,0,0,0,0,0,0,0,0,0,0,0,0,0,0,0,0,0,0,0,0,0,0,0,0,0,0,0,0,0,9,2022,9
germainepratt_cin_2022_9,cin_2022_9,germainepratt_cin_2022,cin_2022,germainepratt,29407,lb,cin,1,11,0,7,0,0,0,0,0,0,0,0,0,0,0,0,0,0,0,0,0,0,0,0,0,0,0,0,0,0,0,0,0,0,0,0,0,0,0,0,0,0,0,0,0,0,0,0,0,0,0,0,0,0,0,0,0,0,0,0,0,9,2022,9
chrisboard_det_2022_9,det_2022_9,chrisboard_det_2022,det_2022,chrisboard,29456,lb,det,1,2,0,11,0,0,0,0,0,0,0,0,0,0,0,0,0,0,0,0,0,0,0,0,0,0,0,0,0,0,0,0,0,0,0,0,0,0,0,0,0,0,0,0,0,0,0,0,0,0,0,0,0,0,0,0,0,0,0,0,0,9,2022,9
loganwilson_cin_2022_9,cin_2022_9,loganwilson_cin_2022,cin_2022,loganwilson,29623,lb,cin,1,24,0,7,0,0,0,0,0,0,0,0,0,0,0,0,0,0,0,0,0,0,0,0,0,0,0,0,0,0,0,0,0,0,0,0,0,0,0,0,0,0,0,0,0,0,0,0,0,0,0,0,0,0,0,0,0,0,0,0,0,9,2022,9
tjedwards_phi_2022_9,phi_2022_9,tjedwards_phi_2022,phi_2022,tjedwards,30737,lb,phi,1,55,0,24,0,0,0,0,0,0,0,0,0,0,0,0,0,0,0,0,0,0,0,0,0,0,0,0,0,0,0,0,0,0,0,0,0,0,0,0,0,0,0,0,0,0,0,0,0,0,0,0,0,0,0,0,0,0,0,0,0,9,2022,9
deedelaney_tb_2022_9,tb_2022_9,deedelaney_tb_2022,tb_2022,deedelaney,31078,s,tb,1,19,0,30,0,0,0,0,0,0,0,0,0,0,0,0,0,0,0,0,0,0,0,0,0,0,0,0,0,0,0,0,0,0,0,0,0,0,0,0,0,0,0,0,0,0,0,0,0,0,0,0,0,0,0,0,0,0,0,0,0,9,2022,9
danejackson_buf_2022_9,buf_2022_9,danejackson_buf_2022,buf_2022,danejackson,32989,cb,buf,1,37,0,4,0,0,0,0,0,0,0,0,0,0,0,0,0,0,0,0,0,0,0,0,0,0,0,0,0,0,0,0,0,0,0,0,0,0,0,0,0,0,0,0,0,0,0,0,0,0,0,0,0,0,0,0,0,0,0,0,0,9,2022,9
darnellsavage_gb_2022_9,gb_2022_9,darnellsavage_gb_2022,gb_2022,darnellsavage,34247,s,gb,1,32,0,12,0,0,0,0,0,0,0,0,0,0,0,0,0,0,0,0,0,0,0,0,0,0,0,0,0,0,0,0,0,0,0,0,0,0,0,0,0,0,0,0,0,0,0,0,0,0,0,0,0,0,0,0,0,0,0,0,0,9,2022,9
johnathanabram_lv_2022_9,lv_2022_9,johnathanabram_lv_2022,lv_2022,johnathanabram,34646,s,lv,1,10,0,23,0,0,0,0,0,0,0,0,0,0,0,0,0,0,0,0,0,0,0,0,0,0,0,0,0,0,0,0,0,0,0,0,0,0,0,0,0,0,0,0,0,0,0,0,0,0,0,0,0,0,0,0,0,0,0,0,0,9,2022,9
akeemdavisgaither_cin_2022_9,cin_2022_9,akeemdavisgaither_cin_2022,cin_2022,akeemdavisgaither,34788,lb,cin,1,4,0,7,0,0,0,0,0,0,0,0,0,0,0,0,0,0,0,0,0,0,0,0,0,0,0,0,0,0,0,0,0,0,0,0,0,0,0,0,0,0,0,0,0,0,0,0,0,0,0,0,0,0,0,0,0,0,0,0,0,9,2022,9
jameldean_tb_2022_9,tb_2022_9,jameldean_tb_2022,tb_2022,jameldean,34918,cb,tb,1,44,0,30,0,0,0,0,0,0,0,0,0,0,0,0,0,0,0,0,0,0,0,0,0,0,0,0,0,0,0,0,0,0,0,0,0,0,0,0,0,0,0,0,0,0,0,0,0,0,0,0,0,0,0,0,0,0,0,0,0,9,2022,9
taehayes_car_2022_9,car_2022_9,taehayes_car_2022,car_2022,taehayes,35173,cb,car,1,1,0,5,0,0,0,0,0,0,0,0,0,0,0,0,0,0,0,0,0,0,0,0,0,0,0,0,0,0,0,0,0,0,0,0,0,0,0,0,0,0,0,0,0,0,0,0,0,0,0,0,0,0,0,0,0,0,0,0,0,9,2022,9
blakecashman_hou_2022_9,hou_2022_9,blakecashman_hou_2022,hou_2022,blakecashman,35413,lb,hou,1,1,0,13,0,0,0,0,0,0,0,0,0,0,0,0,0,0,0,0,0,0,0,0,0,0,0,0,0,0,0,0,0,0,0,0,0,0,0,0,0,0,0,0,0,0,0,0,0,0,0,0,0,0,0,0,0,0,0,0,0,9,2022,9
taecrowder_nyg_2022_9,nyg_2022_9,taecrowder_nyg_2022,nyg_2022,taecrowder,35774,lb,nyg,1,11,0,21,0,0,0,0,0,0,0,0,0,0,0,0,0,0,0,0,0,0,0,0,0,0,0,0,0,0,0,0,0,0,0,0,0,0,0,0,0,0,0,0,0,0,0,0,0,0,0,0,0,0,0,0,0,0,0,0,0,9,2022,9
jonasgriffith_den_2022_9,den_2022_9,jonasgriffith_den_2022,den_2022,jonasgriffith,35858,lb,den,1,22,0,10,0,0,0,0,0,0,0,0,0,0,0,0,0,0,0,0,0,0,0,0,0,0,0,0,0,0,0,0,0,0,0,0,0,0,0,0,0,0,0,0,0,0,0,0,0,0,0,0,0,0,0,0,0,0,0,0,0,9,2022,9
camrynbynum_min_2022_9,min_2022_9,camrynbynum_min_2022,min_2022,camrynbynum,38408,s,min,1,61,0,18,0,0,0,0,0,0,0,0,0,0,0,0,0,0,0,0,0,0,0,0,0,0,0,0,0,0,0,0,0,0,0,0,0,0,0,0,0,0,0,0,0,0,0,0,0,0,0,0,0,0,0,0,0,0,0,0,0,9,2022,9
jordankunaszyk_cle_2022_9,cle_2022_9,jordankunaszyk_cle_2022,cle_2022,jordankunaszyk,38548,lb,cle,1,9,0,8,0,0,0,0,0,0,0,0,0,0,0,0,0,0,0,0,0,0,0,0,0,0,0,0,0,0,0,0,0,0,0,0,0,0,0,0,0,0,0,0,0,0,0,0,0,0,0,0,0,0,0,0,0,0,0,0,0,9,2022,9
ericwilson_gb_2022_9,gb_2022_9,ericwilson_gb_2022,gb_2022,ericwilson,38587,lb,gb,1,12,0,12,0,0,0,0,0,0,0,0,0,0,0,0,0,0,0,0,0,0,0,0,0,0,0,0,0,0,0,0,0,0,0,0,0,0,0,0,0,0,0,0,0,0,0,0,0,0,0,0,0,0,0,0,0,0,0,0,0,9,2022,9
trevondiggs_dal_2022_9,dal_2022_9,trevondiggs_dal_2022,dal_2022,trevondiggs,41817,cb,dal,1,38,0,9,0,0,0,0,0,0,0,0,0,0,0,0,0,0,0,0,0,0,0,0,0,0,0,0,0,0,0,0,0,0,0,0,0,0,0,0,0,0,0,0,0,0,0,0,0,0,0,0,0,0,0,0,0,0,0,0,0,9,2022,9
divinedeablo_lv_2022_9,lv_2022_9,divinedeablo_lv_2022,lv_2022,divinedeablo,42208,lb,lv,1,28,0,23,0,0,0,0,0,0,0,0,0,0,0,0,0,0,0,0,0,0,0,0,0,0,0,0,0,0,0,0,0,0,0,0,0,0,0,0,0,0,0,0,0,0,0,0,0,0,0,0,0,0,0,0,0,0,0,0,0,9,2022,9
isaiahsimmons_ari_2022_9,ari_2022_9,isaiahsimmons_ari_2022,ari_2022,isaiahsimmons,42451,lb,ari,1,32,0,1,0,0,0,0,0,0,0,0,0,0,0,0,0,0,0,0,0,0,0,0,0,0,0,0,0,0,0,0,0,0,0,0,0,0,0,0,0,0,0,0,0,0,0,0,0,0,0,0,0,0,0,0,0,0,0,0,0,9,2022,9
kvonwallace_phi_2022_9,phi_2022_9,kvonwallace_phi_2022,phi_2022,kvonwallace,42467,s,phi,1,1,0,24,0,0,0,0,0,0,0,0,0,0,0,0,0,0,0,0,0,0,0,0,0,0,0,0,0,0,0,0,0,0,0,0,0,0,0,0,0,0,0,0,0,0,0,0,0,0,0,0,0,0,0,0,0,0,0,0,0,9,2022,9
camerondantzler_min_2022_9,min_2022_9,camerondantzler_min_2022,min_2022,camerondantzler,42472,cb,min,1,61,0,18,0,0,0,0,0,0,0,0,0,0,0,0,0,0,0,0,0,0,0,0,0,0,0,0,0,0,0,0,0,0,0,0,0,0,0,0,0,0,0,0,0,0,0,0,0,0,0,0,0,0,0,0,0,0,0,0,0,9,2022,9
kristianfulton_ten_2022_9,ten_2022_9,kristianfulton_ten_2022,ten_2022,kristianfulton,42894,cb,ten,1,37,0,31,0,0,0,0,0,0,0,0,0,0,0,0,0,0,0,0,0,0,0,0,0,0,0,0,0,0,0,0,0,0,0,0,0,0,0,0,0,0,0,0,0,0,0,0,0,0,0,0,0,0,0,0,0,0,0,0,0,9,2022,9
charvariusward_sf_2022_9,sf_2022_9,charvariusward_sf_2022,sf_2022,charvariusward,43034,cb,sf,1,32,0,28,0,0,0,0,0,0,0,0,0,0,0,0,0,0,0,0,0,0,0,0,0,0,0,0,0,0,0,0,0,0,0,0,0,0,0,0,0,0,0,0,0,0,0,0,0,0,0,0,0,0,0,0,0,0,0,0,0,9,2022,9
devinwhite_tb_2022_9,tb_2022_9,devinwhite_tb_2022,tb_2022,devinwhite,43089,lb,tb,1,41,0,30,0,0,0,0,0,0,0,0,0,0,0,0,0,0,0,0,0,0,0,0,0,0,0,0,0,0,0,0,0,0,0,0,0,0,0,0,0,0,0,0,0,0,0,0,0,0,0,0,0,0,0,0,0,0,0,0,0,9,2022,9
mackwilson_ne_2022_9,ne_2022_9,mackwilson_ne_2022,ne_2022,mackwilson,43190,lb,ne,1,13,0,19,0,0,0,0,0,0,0,0,0,0,0,0,0,0,0,0,0,0,0,0,0,0,0,0,0,0,0,0,0,0,0,0,0,0,0,0,0,0,0,0,0,0,0,0,0,0,0,0,0,0,0,0,0,0,0,0,0,9,2022,9
richiegrant_atl_2022_9,atl_2022_9,richiegrant_atl_2022,atl_2022,richiegrant,43196,s,atl,1,40,0,2,0,0,0,0,0,0,0,0,0,0,0,0,0,0,0,0,0,0,0,0,0,0,0,0,0,0,0,0,0,0,0,0,0,0,0,0,0,0,0,0,0,0,0,0,0,0,0,0,0,0,0,0,0,0,0,0,0,9,2022,9
greedywilliams_cle_2022_9,cle_2022_9,greedywilliams_cle_2022,cle_2022,greedywilliams,43254,cb,cle,1,20,0,8,0,0,0,0,0,0,0,0,0,0,0,0,0,0,0,0,0,0,0,0,0,0,0,0,0,0,0,0,0,0,0,0,0,0,0,0,0,0,0,0,0,0,0,0,0,0,0,0,0,0,0,0,0,0,0,0,0,9,2022,9
damarhamlin_buf_2022_9,buf_2022_9,damarhamlin_buf_2022,buf_2022,damarhamlin,43291,s,buf,1,37,0,4,0,0,0,0,0,0,0,0,0,0,0,0,0,0,0,0,0,0,0,0,0,0,0,0,0,0,0,0,0,0,0,0,0,0,0,0,0,0,0,0,0,0,0,0,0,0,0,0,0,0,0,0,0,0,0,0,0,9,2022,9
mylesbryant_ne_2022_9,ne_2022_9,mylesbryant_ne_2022,ne_2022,mylesbryant,43336,cb,ne,1,28,0,19,0,0,0,0,0,0,0,0,0,0,0,0,0,0,0,0,0,0,0,0,0,0,0,0,0,0,0,0,0,0,0,0,0,0,0,0,0,0,0,0,0,0,0,0,0,0,0,0,0,0,0,0,0,0,0,0,0,9,2022,9
byronmurphyjr_ari_2022_9,ari_2022_9,byronmurphyjr_ari_2022,ari_2022,byronmurphyjr,44027,cb,ari,1,41,0,1,0,0,0,0,0,0,0,0,0,0,0,0,0,0,0,0,0,0,0,0,0,0,0,0,0,0,0,0,0,0,0,0,0,0,0,0,0,0,0,0,0,0,0,0,0,0,0,0,0,0,0,0,0,0,0,0,0,9,2022,9
kyzirwhite_phi_2022_9,phi_2022_9,kyzirwhite_phi_2022,phi_2022,kyzirwhite,44485,lb,phi,1,45,0,24,0,0,0,0,0,0,0,0,0,0,0,0,0,0,0,0,0,0,0,0,0,0,0,0,0,0,0,0,0,0,0,0,0,0,0,0,0,0,0,0,0,0,0,0,0,0,0,0,0,0,0,0,0,0,0,0,0,9,2022,9
brandonstephens_bal_2022_9,bal_2022_9,brandonstephens_bal_2022,bal_2022,brandonstephens,45644,cb,bal,1,31,0,3,0,0,0,0,0,0,0,0,0,0,0,0,0,0,0,0,0,0,0,0,0,0,0,0,0,0,0,0,0,0,0,0,0,0,0,0,0,0,0,0,0,0,0,0,0,0,0,0,0,0,0,0,0,0,0,0,0,9,2022,9
nickscott_lar_2022_9,lar_2022_9,nickscott_lar_2022,lar_2022,nickscott,49012,s,lar,1,28,0,26,0,0,0,0,0,0,0,0,0,0,0,0,0,0,0,0,0,0,0,0,0,0,0,0,0,0,0,0,0,0,0,0,0,0,0,0,0,0,0,0,0,0,0,0,0,0,0,0,0,0,0,0,0,0,0,0,0,9,2022,9
treflowers_cin_2022_9,cin_2022_9,treflowers_cin_2022,cin_2022,treflowers,49059,cb,cin,1,12,0,7,0,0,0,0,0,0,0,0,0,0,0,0,0,0,0,0,0,0,0,0,0,0,0,0,0,0,0,0,0,0,0,0,0,0,0,0,0,0,0,0,0,0,0,0,0,0,0,0,0,0,0,0,0,0,0,0,0,9,2022,9
jalenthompson_ari_2022_9,ari_2022_9,jalenthompson_ari_2022,ari_2022,jalenthompson,49116,s,ari,1,44,0,1,0,0,0,0,0,0,0,0,0,0,0,0,0,0,0,0,0,0,0,0,0,0,0,0,0,0,0,0,0,0,0,0,0,0,0,0,0,0,0,0,0,0,0,0,0,0,0,0,0,0,0,0,0,0,0,0,0,9,2022,9
ryanneal_sea_2022_9,sea_2022_9,ryanneal_sea_2022,sea_2022,ryanneal,49132,s,sea,1,29,0,29,0,0,0,0,0,0,0,0,0,0,0,0,0,0,0,0,0,0,0,0,0,0,0,0,0,0,0,0,0,0,0,0,0,0,0,0,0,0,0,0,0,0,0,0,0,0,0,0,0,0,0,0,0,0,0,0,0,9,2022,9
myleshartsfield_car_2022_9,car_2022_9,myleshartsfield_car_2022,car_2022,myleshartsfield,49159,s,car,1,27,0,5,0,0,0,0,0,0,0,0,0,0,0,0,0,0,0,0,0,0,0,0,0,0,0,0,0,0,0,0,0,0,0,0,0,0,0,0,0,0,0,0,0,0,0,0,0,0,0,0,0,0,0,0,0,0,0,0,0,9,2022,9
jessiebatesiii_cin_2022_9,cin_2022_9,jessiebatesiii_cin_2022,cin_2022,jessiebatesiii,49162,s,cin,1,24,0,7,0,0,0,0,0,0,0,0,0,0,0,0,0,0,0,0,0,0,0,0,0,0,0,0,0,0,0,0,0,0,0,0,0,0,0,0,0,0,0,0,0,0,0,0,0,0,0,0,0,0,0,0,0,0,0,0,0,9,2022,9
ezekielturner_ari_2022_9,ari_2022_9,ezekielturner_ari_2022,ari_2022,ezekielturner,49167,lb,ari,1,3,0,1,0,0,0,0,0,0,0,0,0,0,0,0,0,0,0,0,0,0,0,0,0,0,0,0,0,0,0,0,0,0,0,0,0,0,0,0,0,0,0,0,0,0,0,0,0,0,0,0,0,0,0,0,0,0,0,0,0,9,2022,9
tarvariusmoore_sf_2022_9,sf_2022_9,tarvariusmoore_sf_2022,sf_2022,tarvariusmoore,49178,s,sf,1,3,0,28,0,0,0,0,0,0,0,0,0,0,0,0,0,0,0,0,0,0,0,0,0,0,0,0,0,0,0,0,0,0,0,0,0,0,0,0,0,0,0,0,0,0,0,0,0,0,0,0,0,0,0,0,0,0,0,0,0,9,2022,9
jordanwhitehead_nyj_2022_9,nyj_2022_9,jordanwhitehead_nyj_2022,nyj_2022,jordanwhitehead,49196,s,nyj,1,45,0,22,0,0,0,0,0,0,0,0,0,0,0,0,0,0,0,0,0,0,0,0,0,0,0,0,0,0,0,0,0,0,0,0,0,0,0,0,0,0,0,0,0,0,0,0,0,0,0,0,0,0,0,0,0,0,0,0,0,9,2022,9
ronnieharrison_cle_2022_9,cle_2022_9,ronnieharrison_cle_2022,cle_2022,ronnieharrison,49206,s,cle,1,9,0,8,0,0,0,0,0,0,0,0,0,0,0,0,0,0,0,0,0,0,0,0,0,0,0,0,0,0,0,0,0,0,0,0,0,0,0,0,0,0,0,0,0,0,0,0,0,0,0,0,0,0,0,0,0,0,0,0,0,9,2022,9
kindlevildor_chi_2022_9,chi_2022_9,kindlevildor_chi_2022,chi_2022,kindlevildor,49346,cb,chi,1,20,0,6,0,0,0,0,0,0,0,0,0,0,0,0,0,0,0,0,0,0,0,0,0,0,0,0,0,0,0,0,0,0,0,0,0,0,0,0,0,0,0,0,0,0,0,0,0,0,0,0,0,0,0,0,0,0,0,0,0,9,2022,9
chandonsullivan_min_2022_9,min_2022_9,chandonsullivan_min_2022,min_2022,chandonsullivan,49349,cb,min,1,60,0,18,0,0,0,0,0,0,0,0,0,0,0,0,0,0,0,0,0,0,0,0,0,0,0,0,0,0,0,0,0,0,0,0,0,0,0,0,0,0,0,0,0,0,0,0,0,0,0,0,0,0,0,0,0,0,0,0,0,9,2022,9
jairealexander_gb_2022_9,gb_2022_9,jairealexander_gb_2022,gb_2022,jairealexander,49350,cb,gb,1,34,0,12,0,0,0,0,0,0,0,0,0,0,0,0,0,0,0,0,0,0,0,0,0,0,0,0,0,0,0,0,0,0,0,0,0,0,0,0,0,0,0,0,0,0,0,0,0,0,0,0,0,0,0,0,0,0,0,0,0,9,2022,9
chaunceygardnerjohnson_phi_2022_9,phi_2022_9,chaunceygardnerjohnson_phi_2022,phi_2022,chaunceygardnerjohnson,49371,s,phi,1,56,0,24,0,0,0,0,0,0,0,0,0,0,0,0,0,0,0,0,0,0,0,0,0,0,0,0,0,0,0,0,0,0,0,0,0,0,0,0,0,0,0,0,0,0,0,0,0,0,0,0,0,0,0,0,0,0,0,0,0,9,2022,9
dontejackson_car_2022_9,car_2022_9,dontejackson_car_2022,car_2022,dontejackson,49377,cb,car,1,21,0,5,0,0,0,0,0,0,0,0,0,0,0,0,0,0,0,0,0,0,0,0,0,0,0,0,0,0,0,0,0,0,0,0,0,0,0,0,0,0,0,0,0,0,0,0,0,0,0,0,0,0,0,0,0,0,0,0,0,9,2022,9
dannyjohnson_was_2022_9,was_2022_9,dannyjohnson_was_2022,was_2022,dannyjohnson,49379,cb,was,1,2,0,32,0,0,0,0,0,0,0,0,0,0,0,0,0,0,0,0,0,0,0,0,0,0,0,0,0,0,0,0,0,0,0,0,0,0,0,0,0,0,0,0,0,0,0,0,0,0,0,0,0,0,0,0,0,0,0,0,0,9,2022,9
mjstewart_hou_2022_9,hou_2022_9,mjstewart_hou_2022,hou_2022,mjstewart,49397,s,hou,1,1,0,13,0,0,0,0,0,0,0,0,0,0,0,0,0,0,0,0,0,0,0,0,0,0,0,0,0,0,0,0,0,0,0,0,0,0,0,0,0,0,0,0,0,0,0,0,0,0,0,0,0,0,0,0,0,0,0,0,0,9,2022,9
donovanwilson_dal_2022_9,dal_2022_9,donovanwilson_dal_2022,dal_2022,donovanwilson,49408,s,dal,1,23,0,9,0,0,0,0,0,0,0,0,0,0,0,0,0,0,0,0,0,0,0,0,0,0,0,0,0,0,0,0,0,0,0,0,0,0,0,0,0,0,0,0,0,0,0,0,0,0,0,0,0,0,0,0,0,0,0,0,0,9,2022,9
julianblackmon_ind_2022_9,ind_2022_9,julianblackmon_ind_2022,ind_2022,julianblackmon,49434,s,ind,1,15,0,14,0,0,0,0,0,0,0,0,0,0,0,0,0,0,0,0,0,0,0,0,0,0,0,0,0,0,0,0,0,0,0,0,0,0,0,0,0,0,0,0,0,0,0,0,0,0,0,0,0,0,0,0,0,0,0,0,0,9,2022,9
keioncrossen_mia_2022_9,mia_2022_9,keioncrossen_mia_2022,mia_2022,keioncrossen,49454,cb,mia,1,9,0,17,0,0,0,0,0,0,0,0,0,0,0,0,0,0,0,0,0,0,0,0,0,0,0,0,0,0,0,0,0,0,0,0,0,0,0,0,0,0,0,0,0,0,0,0,0,0,0,0,0,0,0,0,0,0,0,0,0,9,2022,9
taronjohnson_buf_2022_9,buf_2022_9,taronjohnson_buf_2022,buf_2022,taronjohnson,49511,cb,buf,1,37,0,4,0,0,0,0,0,0,0,0,0,0,0,0,0,0,0,0,0,0,0,0,0,0,0,0,0,0,0,0,0,0,0,0,0,0,0,0,0,0,0,0,0,0,0,0,0,0,0,0,0,0,0,0,0,0,0,0,0,9,2022,9
nickmccloud_nyg_2022_9,nyg_2022_9,nickmccloud_nyg_2022,nyg_2022,nickmccloud,49535,cb,nyg,1,16,0,21,0,0,0,0,0,0,0,0,0,0,0,0,0,0,0,0,0,0,0,0,0,0,0,0,0,0,0,0,0,0,0,0,0,0,0,0,0,0,0,0,0,0,0,0,0,0,0,0,0,0,0,0,0,0,0,0,0,9,2022,9
jujuhughes_det_2022_9,det_2022_9,jujuhughes_det_2022,det_2022,jujuhughes,49545,s,det,1,39,0,11,0,0,0,0,0,0,0,0,0,0,0,0,0,0,0,0,0,0,0,0,0,0,0,0,0,0,0,0,0,0,0,0,0,0,0,0,0,0,0,0,0,0,0,0,0,0,0,0,0,0,0,0,0,0,0,0,0,9,2022,9
rockyasin_lv_2022_9,lv_2022_9,rockyasin_lv_2022,lv_2022,rockyasin,49564,cb,lv,1,32,0,23,0,0,0,0,0,0,0,0,0,0,0,0,0,0,0,0,0,0,0,0,0,0,0,0,0,0,0,0,0,0,0,0,0,0,0,0,0,0,0,0,0,0,0,0,0,0,0,0,0,0,0,0,0,0,0,0,0,9,2022,9
shaquilleleonard_ind_2022_9,ind_2022_9,shaquilleleonard_ind_2022,ind_2022,shaquilleleonard,49684,lb,ind,1,13,0,14,0,0,0,0,0,0,0,0,0,0,0,0,0,0,0,0,0,0,0,0,0,0,0,0,0,0,0,0,0,0,0,0,0,0,0,0,0,0,0,0,0,0,0,0,0,0,0,0,0,0,0,0,0,0,0,0,0,9,2022,9
quincywilliams_nyj_2022_9,nyj_2022_9,quincywilliams_nyj_2022,nyj_2022,quincywilliams,49779,lb,nyj,1,26,0,22,0,0,0,0,0,0,0,0,0,0,0,0,0,0,0,0,0,0,0,0,0,0,0,0,0,0,0,0,0,0,0,0,0,0,0,0,0,0,0,0,0,0,0,0,0,0,0,0,0,0,0,0,0,0,0,0,0,9,2022,9
zairefranklin_ind_2022_9,ind_2022_9,zairefranklin_ind_2022,ind_2022,zairefranklin,49834,lb,ind,1,35,0,14,0,0,0,0,0,0,0,0,0,0,0,0,0,0,0,0,0,0,0,0,0,0,0,0,0,0,0,0,0,0,0,0,0,0,0,0,0,0,0,0,0,0,0,0,0,0,0,0,0,0,0,0,0,0,0,0,0,9,2022,9
orenburks_sf_2022_9,sf_2022_9,orenburks_sf_2022,sf_2022,orenburks,50203,lb,sf,1,35,0,28,0,0,0,0,0,0,0,0,0,0,0,0,0,0,0,0,0,0,0,0,0,0,0,0,0,0,0,0,0,0,0,0,0,0,0,0,0,0,0,0,0,0,0,0,0,0,0,0,0,0,0,0,0,0,0,0,0,9,2022,9
rashaanevans_atl_2022_9,atl_2022_9,rashaanevans_atl_2022,atl_2022,rashaanevans,50213,lb,atl,1,36,0,2,0,0,0,0,0,0,0,0,0,0,0,0,0,0,0,0,0,0,0,0,0,0,0,0,0,0,0,0,0,0,0,0,0,0,0,0,0,0,0,0,0,0,0,0,0,0,0,0,0,0,0,0,0,0,0,0,0,9,2022,9
cornellarmstrong_atl_2022_9,atl_2022_9,cornellarmstrong_atl_2022,atl_2022,cornellarmstrong,50351,cb,atl,1,40,0,2,0,0,0,0,0,0,0,0,0,0,0,0,0,0,0,0,0,0,0,0,0,0,0,0,0,0,0,0,0,0,0,0,0,0,0,0,0,0,0,0,0,0,0,0,0,0,0,0,0,0,0,0,0,0,0,0,0,9,2022,9
anthonyaverett_lv_2022_9,lv_2022_9,anthonyaverett_lv_2022,lv_2022,anthonyaverett,50365,cb,lv,1,32,0,23,0,0,0,0,0,0,0,0,0,0,0,0,0,0,0,0,0,0,0,0,0,0,0,0,0,0,0,0,0,0,0,0,0,0,0,0,0,0,0,0,0,0,0,0,0,0,0,0,0,0,0,0,0,0,0,0,0,9,2022,9
treherndon_jax_2022_9,jax_2022_9,treherndon_jax_2022,jax_2022,treherndon,50380,cb,jax,1,29,0,15,0,0,0,0,0,0,0,0,0,0,0,0,0,0,0,0,0,0,0,0,0,0,0,0,0,0,0,0,0,0,0,0,0,0,0,0,0,0,0,0,0,0,0,0,0,0,0,0,0,0,0,0,0,0,0,0,0,9,2022,9
isaiaholiver_atl_2022_9,atl_2022_9,isaiaholiver_atl_2022,atl_2022,isaiaholiver,50393,cb,atl,1,19,0,2,0,0,0,0,0,0,0,0,0,0,0,0,0,0,0,0,0,0,0,0,0,0,0,0,0,0,0,0,0,0,0,0,0,0,0,0,0,0,0,0,0,0,0,0,0,0,0,0,0,0,0,0,0,0,0,0,0,9,2022,9
ajgreen_cle_2022_9,cle_2022_9,ajgreen_cle_2022,cle_2022,ajgreen,50394,cb,cle,1,23,0,8,0,0,0,0,0,0,0,0,0,0,0,0,0,0,0,0,0,0,0,0,0,0,0,0,0,0,0,0,0,0,0,0,0,0,0,0,0,0,0,0,0,0,0,0,0,0,0,0,0,0,0,0,0,0,0,0,0,9,2022,9
jeremyreaves_was_2022_9,was_2022_9,jeremyreaves_was_2022,was_2022,jeremyreaves,50406,s,was,1,3,0,32,0,0,0,0,0,0,0,0,0,0,0,0,0,0,0,0,0,0,0,0,0,0,0,0,0,0,0,0,0,0,0,0,0,0,0,0,0,0,0,0,0,0,0,0,0,0,0,0,0,0,0,0,0,0,0,0,0,9,2022,9
michaeljackson_sea_2022_9,sea_2022_9,michaeljackson_sea_2022,sea_2022,michaeljackson,50437,cb,sea,1,40,0,29,0,0,0,0,0,0,0,0,0,0,0,0,0,0,0,0,0,0,0,0,0,0,0,0,0,0,0,0,0,0,0,0,0,0,0,0,0,0,0,0,0,0,0,0,0,0,0,0,0,0,0,0,0,0,0,0,0,9,2022,9
amanioruwariye_det_2022_9,det_2022_9,amanioruwariye_det_2022,det_2022,amanioruwariye,50533,cb,det,1,42,0,11,0,0,0,0,0,0,0,0,0,0,0,0,0,0,0,0,0,0,0,0,0,0,0,0,0,0,0,0,0,0,0,0,0,0,0,0,0,0,0,0,0,0,0,0,0,0,0,0,0,0,0,0,0,0,0,0,0,9,2022,9
mikeford_atl_2022_9,atl_2022_9,mikeford_atl_2022,atl_2022,mikeford,50535,cb,atl,1,2,0,2,0,0,0,0,0,0,0,0,0,0,0,0,0,0,0,0,0,0,0,0,0,0,0,0,0,0,0,0,0,0,0,0,0,0,0,0,0,0,0,0,0,0,0,0,0,0,0,0,0,0,0,0,0,0,0,0,0,9,2022,9
avontemaddox_phi_2022_9,phi_2022_9,avontemaddox_phi_2022,phi_2022,avontemaddox,50543,cb,phi,1,49,0,24,0,0,0,0,0,0,0,0,0,0,0,0,0,0,0,0,0,0,0,0,0,0,0,0,0,0,0,0,0,0,0,0,0,0,0,0,0,0,0,0,0,0,0,0,0,0,0,0,0,0,0,0,0,0,0,0,0,9,2022,9
brandonfacyson_ind_2022_9,ind_2022_9,brandonfacyson_ind_2022,ind_2022,brandonfacyson,50564,cb,ind,1,8,0,14,0,0,0,0,0,0,0,0,0,0,0,0,0,0,0,0,0,0,0,0,0,0,0,0,0,0,0,0,0,0,0,0,0,0,0,0,0,0,0,0,0,0,0,0,0,0,0,0,0,0,0,0,0,0,0,0,0,9,2022,9
lukegifford_dal_2022_9,dal_2022_9,lukegifford_dal_2022,dal_2022,lukegifford,50675,lb,dal,1,1,0,9,0,0,0,0,0,0,0,0,0,0,0,0,0,0,0,0,0,0,0,0,0,0,0,0,0,0,0,0,0,0,0,0,0,0,0,0,0,0,0,0,0,0,0,0,0,0,0,0,0,0,0,0,0,0,0,0,0,9,2022,9
joseyjewell_den_2022_9,den_2022_9,joseyjewell_den_2022,den_2022,joseyjewell,50720,lb,den,1,33,0,10,0,0,0,0,0,0,0,0,0,0,0,0,0,0,0,0,0,0,0,0,0,0,0,0,0,0,0,0,0,0,0,0,0,0,0,0,0,0,0,0,0,0,0,0,0,0,0,0,0,0,0,0,0,0,0,0,0,9,2022,9
codybarton_sea_2022_9,sea_2022_9,codybarton_sea_2022,sea_2022,codybarton,50727,lb,sea,1,20,0,29,0,0,0,0,0,0,0,0,0,0,0,0,0,0,0,0,0,0,0,0,0,0,0,0,0,0,0,0,0,0,0,0,0,0,0,0,0,0,0,0,0,0,0,0,0,0,0,0,0,0,0,0,0,0,0,0,0,9,2022,9
jordynbrooks_sea_2022_9,sea_2022_9,jordynbrooks_sea_2022,sea_2022,jordynbrooks,50851,lb,sea,1,39,0,29,0,0,0,0,0,0,0,0,0,0,0,0,0,0,0,0,0,0,0,0,0,0,0,0,0,0,0,0,0,0,0,0,0,0,0,0,0,0,0,0,0,0,0,0,0,0,0,0,0,0,0,0,0,0,0,0,0,9,2022,9
roquansmith_chi_2022_9,chi_2022_9,roquansmith_chi_2022,chi_2022,roquansmith,50892,lb,chi,1,26,0,6,0,0,0,0,0,0,0,0,0,0,0,0,0,0,0,0,0,0,0,0,0,0,0,0,0,0,0,0,0,0,0,0,0,0,0,0,0,0,0,0,0,0,0,0,0,0,0,0,0,0,0,0,0,0,0,0,0,9,2022,9
tremaineedmunds_buf_2022_9,buf_2022_9,tremaineedmunds_buf_2022,buf_2022,tremaineedmunds,50905,lb,buf,1,36,0,4,0,0,0,0,0,0,0,0,0,0,0,0,0,0,0,0,0,0,0,0,0,0,0,0,0,0,0,0,0,0,0,0,0,0,0,0,0,0,0,0,0,0,0,0,0,0,0,0,0,0,0,0,0,0,0,0,0,9,2022,9
robertspillane_pit_2022_9,pit_2022_9,robertspillane_pit_2022,pit_2022,robertspillane,50918,lb,pit,1,10,0,25,0,0,0,0,0,0,0,0,0,0,0,0,0,0,0,0,0,0,0,0,0,0,0,0,0,0,0,0,0,0,0,0,0,0,0,0,0,0,0,0,0,0,0,0,0,0,0,0,0,0,0,0,0,0,0,0,0,9,2022,9
leightonvanderesch_dal_2022_9,dal_2022_9,leightonvanderesch_dal_2022,dal_2022,leightonvanderesch,50950,lb,dal,1,31,0,9,0,0,0,0,0,0,0,0,0,0,0,0,0,0,0,0,0,0,0,0,0,0,0,0,0,0,0,0,0,0,0,0,0,0,0,0,0,0,0,0,0,0,0,0,0,0,0,0,0,0,0,0,0,0,0,0,0,9,2022,9
bobbyokereke_ind_2022_9,ind_2022_9,bobbyokereke_ind_2022,ind_2022,bobbyokereke,50954,lb,ind,1,22,0,14,0,0,0,0,0,0,0,0,0,0,0,0,0,0,0,0,0,0,0,0,0,0,0,0,0,0,0,0,0,0,0,0,0,0,0,0,0,0,0,0,0,0,0,0,0,0,0,0,0,0,0,0,0,0,0,0,0,9,2022,9
jawhaunbentley_ne_2022_9,ne_2022_9,jawhaunbentley_ne_2022,ne_2022,jawhaunbentley,50966,lb,ne,1,19,0,19,0,0,0,0,0,0,0,0,0,0,0,0,0,0,0,0,0,0,0,0,0,0,0,0,0,0,0,0,0,0,0,0,0,0,0,0,0,0,0,0,0,0,0,0,0,0,0,0,0,0,0,0,0,0,0,0,0,9,2022,9
frankieluvu_car_2022_9,car_2022_9,frankieluvu_car_2022,car_2022,frankieluvu,51028,lb,car,1,16,0,5,0,0,0,0,0,0,0,0,0,0,0,0,0,0,0,0,0,0,0,0,0,0,0,0,0,0,0,0,0,0,0,0,0,0,0,0,0,0,0,0,0,0,0,0,0,0,0,0,0,0,0,0,0,0,0,0,0,9,2022,9
jahlanitavai_ne_2022_9,ne_2022_9,jahlanitavai_ne_2022,ne_2022,jahlanitavai,51055,lb,ne,1,12,0,19,0,0,0,0,0,0,0,0,0,0,0,0,0,0,0,0,0,0,0,0,0,0,0,0,0,0,0,0,0,0,0,0,0,0,0,0,0,0,0,0,0,0,0,0,0,0,0,0,0,0,0,0,0,0,0,0,0,9,2022,9
julianlove_nyg_2022_9,nyg_2022_9,julianlove_nyg_2022,nyg_2022,julianlove,51081,s,nyg,1,40,0,21,0,0,0,0,0,0,0,0,0,0,0,0,0,0,0,0,0,0,0,0,0,0,0,0,0,0,0,0,0,0,0,0,0,0,0,0,0,0,0,0,0,0,0,0,0,0,0,0,0,0,0,0,0,0,0,0,0,9,2022,9
benniemann_ari_2022_9,ari_2022_9,benniemann_ari_2022,ari_2022,benniemann,51099,lb,ari,1,16,0,1,0,0,0,0,0,0,0,0,0,0,0,0,0,0,0,0,0,0,0,0,0,0,0,0,0,0,0,0,0,0,0,0,0,0,0,0,0,0,0,0,0,0,0,0,0,0,0,0,0,0,0,0,0,0,0,0,0,9,2022,9
taylorrapp_lar_2022_9,lar_2022_9,taylorrapp_lar_2022,lar_2022,taylorrapp,51172,s,lar,1,29,0,26,0,0,0,0,0,0,0,0,0,0,0,0,0,0,0,0,0,0,0,0,0,0,0,0,0,0,0,0,0,0,0,0,0,0,0,0,0,0,0,0,0,0,0,0,0,0,0,0,0,0,0,0,0,0,0,0,0,9,2022,9
pjlocke_den_2022_9,den_2022_9,pjlocke_den_2022,den_2022,pjlocke,51189,s,den,1,1,0,10,0,0,0,0,0,0,0,0,0,0,0,0,0,0,0,0,0,0,0,0,0,0,0,0,0,0,0,0,0,0,0,0,0,0,0,0,0,0,0,0,0,0,0,0,0,0,0,0,0,0,0,0,0,0,0,0,0,9,2022,9
minkahfitzpatrick_pit_2022_9,pit_2022_9,minkahfitzpatrick_pit_2022,pit_2022,minkahfitzpatrick,51206,s,pit,1,35,0,25,0,0,0,0,0,0,0,0,0,0,0,0,0,0,0,0,0,0,0,0,0,0,0,0,0,0,0,0,0,0,0,0,0,0,0,0,0,0,0,0,0,0,0,0,0,0,0,0,0,0,0,0,0,0,0,0,0,9,2022,9
fredwarner_sf_2022_9,sf_2022_9,fredwarner_sf_2022,sf_2022,fredwarner,51222,lb,sf,1,34,0,28,0,0,0,0,0,0,0,0,0,0,0,0,0,0,0,0,0,0,0,0,0,0,0,0,0,0,0,0,0,0,0,0,0,0,0,0,0,0,0,0,0,0,0,0,0,0,0,0,0,0,0,0,0,0,0,0,0,9,2022,9
mikeedwards_tb_2022_9,tb_2022_9,mikeedwards_tb_2022,tb_2022,mikeedwards,51282,s,tb,1,45,0,30,0,0,0,0,0,0,0,0,0,0,0,0,0,0,0,0,0,0,0,0,0,0,0,0,0,0,0,0,0,0,0,0,0,0,0,0,0,0,0,0,0,0,0,0,0,0,0,0,0,0,0,0,0,0,0,0,0,9,2022,9
kristianwelch_bal_2022_9,bal_2022_9,kristianwelch_bal_2022,bal_2022,kristianwelch,51283,lb,bal,1,1,0,3,0,0,0,0,0,0,0,0,0,0,0,0,0,0,0,0,0,0,0,0,0,0,0,0,0,0,0,0,0,0,0,0,0,0,0,0,0,0,0,0,0,0,0,0,0,0,0,0,0,0,0,0,0,0,0,0,0,9,2022,9
seanchandler_car_2022_9,car_2022_9,seanchandler_car_2022,car_2022,seanchandler,51315,s,car,1,3,0,5,0,0,0,0,0,0,0,0,0,0,0,0,0,0,0,0,0,0,0,0,0,0,0,0,0,0,0,0,0,0,0,0,0,0,0,0,0,0,0,0,0,0,0,0,0,0,0,0,0,0,0,0,0,0,0,0,0,9,2022,9
terrelledmunds_pit_2022_9,pit_2022_9,terrelledmunds_pit_2022,pit_2022,terrelledmunds,51334,s,pit,1,34,0,25,0,0,0,0,0,0,0,0,0,0,0,0,0,0,0,0,0,0,0,0,0,0,0,0,0,0,0,0,0,0,0,0,0,0,0,0,0,0,0,0,0,0,0,0,0,0,0,0,0,0,0,0,0,0,0,0,0,9,2022,9
willharris_det_2022_9,det_2022_9,willharris_det_2022,det_2022,willharris,51336,cb,det,1,21,0,11,0,0,0,0,0,0,0,0,0,0,0,0,0,0,0,0,0,0,0,0,0,0,0,0,0,0,0,0,0,0,0,0,0,0,0,0,0,0,0,0,0,0,0,0,0,0,0,0,0,0,0,0,0,0,0,0,0,9,2022,9
marcusepps_phi_2022_9,phi_2022_9,marcusepps_phi_2022,phi_2022,marcusepps,51391,s,phi,1,57,0,24,0,0,0,0,0,0,0,0,0,0,0,0,0,0,0,0,0,0,0,0,0,0,0,0,0,0,0,0,0,0,0,0,0,0,0,0,0,0,0,0,0,0,0,0,0,0,0,0,0,0,0,0,0,0,0,0,0,9,2022,9
jaquanjohnson_buf_2022_9,buf_2022_9,jaquanjohnson_buf_2022,buf_2022,jaquanjohnson,51433,s,buf,1,16,0,4,0,0,0,0,0,0,0,0,0,0,0,0,0,0,0,0,0,0,0,0,0,0,0,0,0,0,0,0,0,0,0,0,0,0,0,0,0,0,0,0,0,0,0,0,0,0,0,0,0,0,0,0,0,0,0,0,0,9,2022,9
kadenelliss_no_2022_9,no_2022_9,kadenelliss_no_2022,no_2022,kadenelliss,51485,lb,no,1,2,0,20,0,0,0,0,0,0,0,0,0,0,0,0,0,0,0,0,0,0,0,0,0,0,0,0,0,0,0,0,0,0,0,0,0,0,0,0,0,0,0,0,0,0,0,0,0,0,0,0,0,0,0,0,0,0,0,0,0,9,2022,9
kennymooreii_ind_2022_9,ind_2022_9,kennymooreii_ind_2022,ind_2022,kennymooreii,51596,cb,ind,1,39,0,14,0,0,0,0,0,0,0,0,0,0,0,0,0,0,0,0,0,0,0,0,0,0,0,0,0,0,0,0,0,0,0,0,0,0,0,0,0,0,0,0,0,0,0,0,0,0,0,0,0,0,0,0,0,0,0,0,0,9,2022,9
nicholasmorrow_chi_2022_9,chi_2022_9,nicholasmorrow_chi_2022,chi_2022,nicholasmorrow,51674,lb,chi,1,26,0,6,0,0,0,0,0,0,0,0,0,0,0,0,0,0,0,0,0,0,0,0,0,0,0,0,0,0,0,0,0,0,0,0,0,0,0,0,0,0,0,0,0,0,0,0,0,0,0,0,0,0,0,0,0,0,0,0,0,9,2022,9
paulsonadebo_no_2022_9,no_2022_9,paulsonadebo_no_2022,no_2022,paulsonadebo,52280,cb,no,1,44,0,20,0,0,0,0,0,0,0,0,0,0,0,0,0,0,0,0,0,0,0,0,0,0,0,0,0,0,0,0,0,0,0,0,0,0,0,0,0,0,0,0,0,0,0,0,0,0,0,0,0,0,0,0,0,0,0,0,0,9,2022,9
darrickforrest_was_2022_9,was_2022_9,darrickforrest_was_2022,was_2022,darrickforrest,55087,s,was,1,20,0,32,0,0,0,0,0,0,0,0,0,0,0,0,0,0,0,0,0,0,0,0,0,0,0,0,0,0,0,0,0,0,0,0,0,0,0,0,0,0,0,0,0,0,0,0,0,0,0,0,0,0,0,0,0,0,0,0,0,9,2022,9
cobybryant_sea_2022_9,sea_2022_9,cobybryant_sea_2022,sea_2022,cobybryant,55088,cb,sea,1,32,0,29,0,0,0,0,0,0,0,0,0,0,0,0,0,0,0,0,0,0,0,0,0,0,0,0,0,0,0,0,0,0,0,0,0,0,0,0,0,0,0,0,0,0,0,0,0,0,0,0,0,0,0,0,0,0,0,0,0,9,2022,9
marcowilson_ari_2022_9,ari_2022_9,marcowilson_ari_2022,ari_2022,marcowilson,55592,cb,ari,1,42,0,1,0,0,0,0,0,0,0,0,0,0,0,0,0,0,0,0,0,0,0,0,0,0,0,0,0,0,0,0,0,0,0,0,0,0,0,0,0,0,0,0,0,0,0,0,0,0,0,0,0,0,0,0,0,0,0,0,0,9,2022,9
cjhenderson_car_2022_9,car_2022_9,cjhenderson_car_2022,car_2022,cjhenderson,55593,cb,car,1,14,0,5,0,0,0,0,0,0,0,0,0,0,0,0,0,0,0,0,0,0,0,0,0,0,0,0,0,0,0,0,0,0,0,0,0,0,0,0,0,0,0,0,0,0,0,0,0,0,0,0,0,0,0,0,0,0,0,0,0,9,2022,9
lonniejohnsonjr_ten_2022_9,ten_2022_9,lonniejohnsonjr_ten_2022,ten_2022,lonniejohnsonjr,55615,s,ten,1,16,0,31,0,0,0,0,0,0,0,0,0,0,0,0,0,0,0,0,0,0,0,0,0,0,0,0,0,0,0,0,0,0,0,0,0,0,0,0,0,0,0,0,0,0,0,0,0,0,0,0,0,0,0,0,0,0,0,0,0,9,2022,9
amikrobertson_lv_2022_9,lv_2022_9,amikrobertson_lv_2022,lv_2022,amikrobertson,55619,cb,lv,1,18,0,23,0,0,0,0,0,0,0,0,0,0,0,0,0,0,0,0,0,0,0,0,0,0,0,0,0,0,0,0,0,0,0,0,0,0,0,0,0,0,0,0,0,0,0,0,0,0,0,0,0,0,0,0,0,0,0,0,0,9,2022,9
jeffreyokudah_det_2022_9,det_2022_9,jeffreyokudah_det_2022,det_2022,jeffreyokudah,55674,cb,det,1,42,0,11,0,0,0,0,0,0,0,0,0,0,0,0,0,0,0,0,0,0,0,0,0,0,0,0,0,0,0,0,0,0,0,0,0,0,0,0,0,0,0,0,0,0,0,0,0,0,0,0,0,0,0,0,0,0,0,0,0,9,2022,9
trenorwood_pit_2022_9,pit_2022_9,trenorwood_pit_2022,pit_2022,trenorwood,55675,s,pit,1,1,0,25,0,0,0,0,0,0,0,0,0,0,0,0,0,0,0,0,0,0,0,0,0,0,0,0,0,0,0,0,0,0,0,0,0,0,0,0,0,0,0,0,0,0,0,0,0,0,0,0,0,0,0,0,0,0,0,0,0,9,2022,9
deommodorelenoir_sf_2022_9,sf_2022_9,deommodorelenoir_sf_2022,sf_2022,deommodorelenoir,55686,cb,sf,1,38,0,28,0,0,0,0,0,0,0,0,0,0,0,0,0,0,0,0,0,0,0,0,0,0,0,0,0,0,0,0,0,0,0,0,0,0,0,0,0,0,0,0,0,0,0,0,0,0,0,0,0,0,0,0,0,0,0,0,0,9,2022,9
marcusjones_ne_2022_9,ne_2022_9,marcusjones_ne_2022,ne_2022,marcusjones,55717,cb,ne,1,5,0,19,0,0,0,0,0,0,0,0,0,0,0,0,0,0,0,0,0,0,0,0,0,0,0,0,0,0,0,0,0,0,0,0,0,0,0,0,0,0,0,0,0,0,0,0,0,0,0,0,0,0,0,0,0,0,0,0,0,9,2022,9
dariouswilliams_jax_2022_9,jax_2022_9,dariouswilliams_jax_2022,jax_2022,dariouswilliams,55724,cb,jax,1,35,0,15,0,0,0,0,0,0,0,0,0,0,0,0,0,0,0,0,0,0,0,0,0,0,0,0,0,0,0,0,0,0,0,0,0,0,0,0,0,0,0,0,0,0,0,0,0,0,0,0,0,0,0,0,0,0,0,0,0,9,2022,9
xaviermckinney_nyg_2022_9,nyg_2022_9,xaviermckinney_nyg_2022,nyg_2022,xaviermckinney,55775,s,nyg,1,36,0,21,0,0,0,0,0,0,0,0,0,0,0,0,0,0,0,0,0,0,0,0,0,0,0,0,0,0,0,0,0,0,0,0,0,0,0,0,0,0,0,0,0,0,0,0,0,0,0,0,0,0,0,0,0,0,0,0,0,9,2022,9
kamrencurl_was_2022_9,was_2022_9,kamrencurl_was_2022,was_2022,kamrencurl,55800,s,was,1,30,0,32,0,0,0,0,0,0,0,0,0,0,0,0,0,0,0,0,0,0,0,0,0,0,0,0,0,0,0,0,0,0,0,0,0,0,0,0,0,0,0,0,0,0,0,0,0,0,0,0,0,0,0,0,0,0,0,0,0,9,2022,9
ericstokes_gb_2022_9,gb_2022_9,ericstokes_gb_2022,gb_2022,ericstokes,55912,cb,gb,1,33,0,12,0,0,0,0,0,0,0,0,0,0,0,0,0,0,0,0,0,0,0,0,0,0,0,0,0,0,0,0,0,0,0,0,0,0,0,0,0,0,0,0,0,0,0,0,0,0,0,0,0,0,0,0,0,0,0,0,0,9,2022,9
genostone_bal_2022_9,bal_2022_9,genostone_bal_2022,bal_2022,genostone,55967,s,bal,1,53,0,3,0,0,0,0,0,0,0,0,0,0,0,0,0,0,0,0,0,0,0,0,0,0,0,0,0,0,0,0,0,0,0,0,0,0,0,0,0,0,0,0,0,0,0,0,0,0,0,0,0,0,0,0,0,0,0,0,0,9,2022,9
markquesebell_dal_2022_9,dal_2022_9,markquesebell_dal_2022,dal_2022,markquesebell,56033,s,dal,1,10,0,9,0,0,0,0,0,0,0,0,0,0,0,0,0,0,0,0,0,0,0,0,0,0,0,0,0,0,0,0,0,0,0,0,0,0,0,0,0,0,0,0,0,0,0,0,0,0,0,0,0,0,0,0,0,0,0,0,0,9,2022,9
ambrythomas_sf_2022_9,sf_2022_9,ambrythomas_sf_2022,sf_2022,ambrythomas,56058,cb,sf,1,6,0,28,0,0,0,0,0,0,0,0,0,0,0,0,0,0,0,0,0,0,0,0,0,0,0,0,0,0,0,0,0,0,0,0,0,0,0,0,0,0,0,0,0,0,0,0,0,0,0,0,0,0,0,0,0,0,0,0,0,9,2022,9
benjaminstjuste_was_2022_9,was_2022_9,benjaminstjuste_was_2022,was_2022,benjaminstjuste,56061,cb,was,1,31,0,32,0,0,0,0,0,0,0,0,0,0,0,0,0,0,0,0,0,0,0,0,0,0,0,0,0,0,0,0,0,0,0,0,0,0,0,0,0,0,0,0,0,0,0,0,0,0,0,0,0,0,0,0,0,0,0,0,0,9,2022,9
damarrimathis_den_2022_9,den_2022_9,damarrimathis_den_2022,den_2022,damarrimathis,56143,cb,den,1,39,0,10,0,0,0,0,0,0,0,0,0,0,0,0,0,0,0,0,0,0,0,0,0,0,0,0,0,0,0,0,0,0,0,0,0,0,0,0,0,0,0,0,0,0,0,0,0,0,0,0,0,0,0,0,0,0,0,0,0,9,2022,9
daronbland_dal_2022_9,dal_2022_9,daronbland_dal_2022,dal_2022,daronbland,56158,cb,dal,1,26,0,9,0,0,0,0,0,0,0,0,0,0,0,0,0,0,0,0,0,0,0,0,0,0,0,0,0,0,0,0,0,0,0,0,0,0,0,0,0,0,0,0,0,0,0,0,0,0,0,0,0,0,0,0,0,0,0,0,0,9,2022,9
keiseannixon_gb_2022_9,gb_2022_9,keiseannixon_gb_2022,gb_2022,keiseannixon,56167,cb,gb,1,1,0,12,0,0,0,0,0,0,0,0,0,0,0,0,0,0,0,0,0,0,0,0,0,0,0,0,0,0,0,0,0,0,0,0,0,0,0,0,0,0,0,0,0,0,0,0,0,0,0,0,0,0,0,0,0,0,0,0,0,9,2022,9
darnayholmes_nyg_2022_9,nyg_2022_9,darnayholmes_nyg_2022,nyg_2022,darnayholmes,56247,cb,nyg,1,17,0,21,0,0,0,0,0,0,0,0,0,0,0,0,0,0,0,0,0,0,0,0,0,0,0,0,0,0,0,0,0,0,0,0,0,0,0,0,0,0,0,0,0,0,0,0,0,0,0,0,0,0,0,0,0,0,0,0,0,9,2022,9
jaylonjohnson_chi_2022_9,chi_2022_9,jaylonjohnson_chi_2022,chi_2022,jaylonjohnson,56259,cb,chi,1,27,0,6,0,0,0,0,0,0,0,0,0,0,0,0,0,0,0,0,0,0,0,0,0,0,0,0,0,0,0,0,0,0,0,0,0,0,0,0,0,0,0,0,0,0,0,0,0,0,0,0,0,0,0,0,0,0,0,0,0,9,2022,9
keithtaylor_car_2022_9,car_2022_9,keithtaylor_car_2022,car_2022,keithtaylor,56289,cb,car,1,7,0,5,0,0,0,0,0,0,0,0,0,0,0,0,0,0,0,0,0,0,0,0,0,0,0,0,0,0,0,0,0,0,0,0,0,0,0,0,0,0,0,0,0,0,0,0,0,0,0,0,0,0,0,0,0,0,0,0,0,9,2022,9
troyandersen_atl_2022_9,atl_2022_9,troyandersen_atl_2022,atl_2022,troyandersen,57317,lb,atl,1,5,0,2,0,0,0,0,0,0,0,0,0,0,0,0,0,0,0,0,0,0,0,0,0,0,0,0,0,0,0,0,0,0,0,0,0,0,0,0,0,0,0,0,0,0,0,0,0,0,0,0,0,0,0,0,0,0,0,0,0,9,2022,9
tonyfieldsii_cle_2022_9,cle_2022_9,tonyfieldsii_cle_2022,cle_2022,tonyfieldsii,57698,lb,cle,1,2,0,8,0,0,0,0,0,0,0,0,0,0,0,0,0,0,0,0,0,0,0,0,0,0,0,0,0,0,0,0,0,0,0,0,0,0,0,0,0,0,0,0,0,0,0,0,0,0,0,0,0,0,0,0,0,0,0,0,0,9,2022,9
jalenpitre_hou_2022_9,hou_2022_9,jalenpitre_hou_2022,hou_2022,jalenpitre,57737,s,hou,1,13,0,13,0,0,0,0,0,0,0,0,0,0,0,0,0,0,0,0,0,0,0,0,0,0,0,0,0,0,0,0,0,0,0,0,0,0,0,0,0,0,0,0,0,0,0,0,0,0,0,0,0,0,0,0,0,0,0,0,0,9,2022,9
isaiahmcduffie_gb_2022_9,gb_2022_9,isaiahmcduffie_gb_2022,gb_2022,isaiahmcduffie,57754,lb,gb,1,21,0,12,0,0,0,0,0,0,0,0,0,0,0,0,0,0,0,0,0,0,0,0,0,0,0,0,0,0,0,0,0,0,0,0,0,0,0,0,0,0,0,0,0,0,0,0,0,0,0,0,0,0,0,0,0,0,0,0,0,9,2022,9
mykalwalker_atl_2022_9,atl_2022_9,mykalwalker_atl_2022,atl_2022,mykalwalker,57834,lb,atl,1,37,0,2,0,0,0,0,0,0,0,0,0,0,0,0,0,0,0,0,0,0,0,0,0,0,0,0,0,0,0,0,0,0,0,0,0,0,0,0,0,0,0,0,0,0,0,0,0,0,0,0,0,0,0,0,0,0,0,0,0,9,2022,9
jamindavis_was_2022_9,was_2022_9,jamindavis_was_2022,was_2022,jamindavis,57905,lb,was,1,30,0,32,0,0,0,0,0,0,0,0,0,0,0,0,0,0,0,0,0,0,0,0,0,0,0,0,0,0,0,0,0,0,0,0,0,0,0,0,0,0,0,0,0,0,0,0,0,0,0,0,0,0,0,0,0,0,0,0,0,9,2022,9
patrickqueen_bal_2022_9,bal_2022_9,patrickqueen_bal_2022,bal_2022,patrickqueen,57941,lb,bal,1,44,0,3,0,0,0,0,0,0,0,0,0,0,0,0,0,0,0,0,0,0,0,0,0,0,0,0,0,0,0,0,0,0,0,0,0,0,0,0,0,0,0,0,0,0,0,0,0,0,0,0,0,0,0,0,0,0,0,0,0,9,2022,9
petewerner_no_2022_9,no_2022_9,petewerner_no_2022,no_2022,petewerner,58093,lb,no,1,33,0,20,0,0,0,0,0,0,0,0,0,0,0,0,0,0,0,0,0,0,0,0,0,0,0,0,0,0,0,0,0,0,0,0,0,0,0,0,0,0,0,0,0,0,0,0,0,0,0,0,0,0,0,0,0,0,0,0,0,9,2022,9
derrickbarnes_det_2022_9,det_2022_9,derrickbarnes_det_2022,det_2022,derrickbarnes,58120,lb,det,1,7,0,11,0,0,0,0,0,0,0,0,0,0,0,0,0,0,0,0,0,0,0,0,0,0,0,0,0,0,0,0,0,0,0,0,0,0,0,0,0,0,0,0,0,0,0,0,0,0,0,0,0,0,0,0,0,0,0,0,0,9,2022,9
devinlloyd_jax_2022_9,jax_2022_9,devinlloyd_jax_2022,jax_2022,devinlloyd,58238,lb,jax,1,33,0,15,0,0,0,0,0,0,0,0,0,0,0,0,0,0,0,0,0,0,0,0,0,0,0,0,0,0,0,0,0,0,0,0,0,0,0,0,0,0,0,0,0,0,0,0,0,0,0,0,0,0,0,0,0,0,0,0,0,9,2022,9
michaelcarterii_nyj_2022_9,nyj_2022_9,michaelcarterii_nyj_2022,nyj_2022,michaelcarterii,60644,cb,nyj,1,36,0,22,0,0,0,0,0,0,0,0,0,0,0,0,0,0,0,0,0,0,0,0,0,0,0,0,0,0,0,0,0,0,0,0,0,0,0,0,0,0,0,0,0,0,0,0,0,0,0,0,0,0,0,0,0,0,0,0,0,9,2022,9
jamespierre_pit_2022_9,pit_2022_9,jamespierre_pit_2022,pit_2022,jamespierre,60649,cb,pit,1,15,0,25,0,0,0,0,0,0,0,0,0,0,0,0,0,0,0,0,0,0,0,0,0,0,0,0,0,0,0,0,0,0,0,0,0,0,0,0,0,0,0,0,0,0,0,0,0,0,0,0,0,0,0,0,0,0,0,0,0,9,2022,9
grantdelpit_cle_2022_9,cle_2022_9,grantdelpit_cle_2022,cle_2022,grantdelpit,60685,s,cle,1,43,0,8,0,0,0,0,0,0,0,0,0,0,0,0,0,0,0,0,0,0,0,0,0,0,0,0,0,0,0,0,0,0,0,0,0,0,0,0,0,0,0,0,0,0,0,0,0,0,0,0,0,0,0,0,0,0,0,0,0,9,2022,9
joshuahbledsoe_ne_2022_9,ne_2022_9,joshuahbledsoe_ne_2022,ne_2022,joshuahbledsoe,60691,s,ne,1,13,0,19,0,0,0,0,0,0,0,0,0,0,0,0,0,0,0,0,0,0,0,0,0,0,0,0,0,0,0,0,0,0,0,0,0,0,0,0,0,0,0,0,0,0,0,0,0,0,0,0,0,0,0,0,0,0,0,0,0,9,2022,9
malcolmrodriguez_det_2022_9,det_2022_9,malcolmrodriguez_det_2022,det_2022,malcolmrodriguez,60731,lb,det,1,24,0,11,0,0,0,0,0,0,0,0,0,0,0,0,0,0,0,0,0,0,0,0,0,0,0,0,0,0,0,0,0,0,0,0,0,0,0,0,0,0,0,0,0,0,0,0,0,0,0,0,0,0,0,0,0,0,0,0,0,9,2022,9
darrenhall_atl_2022_9,atl_2022_9,darrenhall_atl_2022,atl_2022,darrenhall,60742,cb,atl,1,42,0,2,0,0,0,0,0,0,0,0,0,0,0,0,0,0,0,0,0,0,0,0,0,0,0,0,0,0,0,0,0,0,0,0,0,0,0,0,0,0,0,0,0,0,0,0,0,0,0,0,0,0,0,0,0,0,0,0,0,9,2022,9
garretwallow_hou_2022_9,hou_2022_9,garretwallow_hou_2022,hou_2022,garretwallow,60761,lb,hou,1,4,0,13,0,0,0,0,0,0,0,0,0,0,0,0,0,0,0,0,0,0,0,0,0,0,0,0,0,0,0,0,0,0,0,0,0,0,0,0,0,0,0,0,0,0,0,0,0,0,0,0,0,0,0,0,0,0,0,0,0,9,2022,9
noahigbinoghene_mia_2022_9,mia_2022_9,noahigbinoghene_mia_2022,mia_2022,noahigbinoghene,61155,cb,mia,1,17,0,17,0,0,0,0,0,0,0,0,0,0,0,0,0,0,0,0,0,0,0,0,0,0,0,0,0,0,0,0,0,0,0,0,0,0,0,0,0,0,0,0,0,0,0,0,0,0,0,0,0,0,0,0,0,0,0,0,0,9,2022,9
tariqwoolen_sea_2022_9,sea_2022_9,tariqwoolen_sea_2022,sea_2022,tariqwoolen,61790,cb,sea,1,40,0,29,0,0,0,0,0,0,0,0,0,0,0,0,0,0,0,0,0,0,0,0,0,0,0,0,0,0,0,0,0,0,0,0,0,0,0,0,0,0,0,0,0,0,0,0,0,0,0,0,0,0,0,0,0,0,0,0,0,9,2022,9
zyonmccollum_tb_2022_9,tb_2022_9,zyonmccollum_tb_2022,tb_2022,zyonmccollum,66769,cb,tb,1,45,0,30,0,0,0,0,0,0,0,0,0,0,0,0,0,0,0,0,0,0,0,0,0,0,0,0,0,0,0,0,0,0,0,0,0,0,0,0,0,0,0,0,0,0,0,0,0,0,0,0,0,0,0,0,0,0,0,0,0,9,2022,9
jonathanowens_hou_2022_9,hou_2022_9,jonathanowens_hou_2022,hou_2022,jonathanowens,66930,s,hou,1,5,0,13,0,0,0,0,0,0,0,0,0,0,0,0,0,0,0,0,0,0,0,0,0,0,0,0,0,0,0,0,0,0,0,0,0,0,0,0,0,0,0,0,0,0,0,0,0,0,0,0,0,0,0,0,0,0,0,0,0,9,2022,9
andrecisco_jax_2022_9,jax_2022_9,andrecisco_jax_2022,jax_2022,andrecisco,76641,s,jax,1,35,0,15,0,0,0,0,0,0,0,0,0,0,0,0,0,0,0,0,0,0,0,0,0,0,0,0,0,0,0,0,0,0,0,0,0,0,0,0,0,0,0,0,0,0,0,0,0,0,0,0,0,0,0,0,0,0,0,0,0,9,2022,9
zavencollins_ari_2022_9,ari_2022_9,zavencollins_ari_2022,ari_2022,zavencollins,77190,lb,ari,1,33,0,1,0,0,0,0,0,0,0,0,0,0,0,0,0,0,0,0,0,0,0,0,0,0,0,0,0,0,0,0,0,0,0,0,0,0,0,0,0,0,0,0,0,0,0,0,0,0,0,0,0,0,0,0,0,0,0,0,0,9,2022,9
brianasamoah_min_2022_9,min_2022_9,brianasamoah_min_2022,min_2022,brianasamoah,77195,lb,min,1,2,0,18,0,0,0,0,0,0,0,0,0,0,0,0,0,0,0,0,0,0,0,0,0,0,0,0,0,0,0,0,0,0,0,0,0,0,0,0,0,0,0,0,0,0,0,0,0,0,0,0,0,0,0,0,0,0,0,0,0,9,2022,9
trevonmoehrig_lv_2022_9,lv_2022_9,trevonmoehrig_lv_2022,lv_2022,trevonmoehrig,77847,s,lv,1,32,0,23,0,0,0,0,0,0,0,0,0,0,0,0,0,0,0,0,0,0,0,0,0,0,0,0,0,0,0,0,0,0,0,0,0,0,0,0,0,0,0,0,0,0,0,0,0,0,0,0,0,0,0,0,0,0,0,0,0,9,2022,9
derionkendrick_lar_2022_9,lar_2022_9,derionkendrick_lar_2022,lar_2022,derionkendrick,78022,cb,lar,1,29,0,26,0,0,0,0,0,0,0,0,0,0,0,0,0,0,0,0,0,0,0,0,0,0,0,0,0,0,0,0,0,0,0,0,0,0,0,0,0,0,0,0,0,0,0,0,0,0,0,0,0,0,0,0,0,0,0,0,0,9,2022,9
christianbenford_buf_2022_9,buf_2022_9,christianbenford_buf_2022,buf_2022,christianbenford,79181,cb,buf,1,15,0,4,0,0,0,0,0,0,0,0,0,0,0,0,0,0,0,0,0,0,0,0,0,0,0,0,0,0,0,0,0,0,0,0,0,0,0,0,0,0,0,0,0,0,0,0,0,0,0,0,0,0,0,0,0,0,0,0,0,9,2022,9
micahmcfadden_nyg_2022_9,nyg_2022_9,micahmcfadden_nyg_2022,nyg_2022,micahmcfadden,81246,lb,nyg,1,9,0,21,0,0,0,0,0,0,0,0,0,0,0,0,0,0,0,0,0,0,0,0,0,0,0,0,0,0,0,0,0,0,0,0,0,0,0,0,0,0,0,0,0,0,0,0,0,0,0,0,0,0,0,0,0,0,0,0,0,9,2022,9
damoneclark_dal_2022_9,dal_2022_9,damoneclark_dal_2022,dal_2022,damoneclark,81282,lb,dal,1,17,0,9,0,0,0,0,0,0,0,0,0,0,0,0,0,0,0,0,0,0,0,0,0,0,0,0,0,0,0,0,0,0,0,0,0,0,0,0,0,0,0,0,0,0,0,0,0,0,0,0,0,0,0,0,0,0,0,0,0,9,2022,9
ernestjones_lar_2022_9,lar_2022_9,ernestjones_lar_2022,lar_2022,ernestjones,81399,lb,lar,1,24,0,26,0,0,0,0,0,0,0,0,0,0,0,0,0,0,0,0,0,0,0,0,0,0,0,0,0,0,0,0,0,0,0,0,0,0,0,0,0,0,0,0,0,0,0,0,0,0,0,0,0,0,0,0,0,0,0,0,0,9,2022,9
quaywalker_gb_2022_9,gb_2022_9,quaywalker_gb_2022,gb_2022,quaywalker,82547,lb,gb,1,8,0,12,0,0,0,0,0,0,0,0,0,0,0,0,0,0,0,0,0,0,0,0,0,0,0,0,0,0,0,0,0,0,0,0,0,0,0,0,0,0,0,0,0,0,0,0,0,0,0,0,0,0,0,0,0,0,0,0,0,9,2022,9
jacksanborn_chi_2022_9,chi_2022_9,jacksanborn_chi_2022,chi_2022,jacksanborn,82566,lb,chi,1,5,0,6,0,0,0,0,0,0,0,0,0,0,0,0,0,0,0,0,0,0,0,0,0,0,0,0,0,0,0,0,0,0,0,0,0,0,0,0,0,0,0,0,0,0,0,0,0,0,0,0,0,0,0,0,0,0,0,0,0,9,2022,9
kelvinjoseph_dal_2022_9,dal_2022_9,kelvinjoseph_dal_2022,dal_2022,kelvinjoseph,83051,cb,dal,1,5,0,9,0,0,0,0,0,0,0,0,0,0,0,0,0,0,0,0,0,0,0,0,0,0,0,0,0,0,0,0,0,0,0,0,0,0,0,0,0,0,0,0,0,0,0,0,0,0,0,0,0,0,0,0,0,0,0,0,0,9,2022,9
veronemckinleyiii_mia_2022_9,mia_2022_9,veronemckinleyiii_mia_2022,mia_2022,veronemckinleyiii,83068,s,mia,1,35,0,17,0,0,0,0,0,0,0,0,0,0,0,0,0,0,0,0,0,0,0,0,0,0,0,0,0,0,0,0,0,0,0,0,0,0,0,0,0,0,0,0,0,0,0,0,0,0,0,0,0,0,0,0,0,0,0,0,0,9,2022,9
rachadwildgoose_was_2022_9,was_2022_9,rachadwildgoose_was_2022,was_2022,rachadwildgoose,83111,cb,was,1,15,0,32,0,0,0,0,0,0,0,0,0,0,0,0,0,0,0,0,0,0,0,0,0,0,0,0,0,0,0,0,0,0,0,0,0,0,0,0,0,0,0,0,0,0,0,0,0,0,0,0,0,0,0,0,0,0,0,0,0,9,2022,9
patricksurtainii_den_2022_9,den_2022_9,patricksurtainii_den_2022,den_2022,patricksurtainii,83119,cb,den,1,39,0,10,0,0,0,0,0,0,0,0,0,0,0,0,0,0,0,0,0,0,0,0,0,0,0,0,0,0,0,0,0,0,0,0,0,0,0,0,0,0,0,0,0,0,0,0,0,0,0,0,0,0,0,0,0,0,0,0,0,9,2022,9
rogermccreary_ten_2022_9,ten_2022_9,rogermccreary_ten_2022,ten_2022,rogermccreary,83176,cb,ten,1,37,0,31,0,0,0,0,0,0,0,0,0,0,0,0,0,0,0,0,0,0,0,0,0,0,0,0,0,0,0,0,0,0,0,0,0,0,0,0,0,0,0,0,0,0,0,0,0,0,0,0,0,0,0,0,0,0,0,0,0,9,2022,9
tysoncampbell_jax_2022_9,jax_2022_9,tysoncampbell_jax_2022,jax_2022,tysoncampbell,83217,cb,jax,1,35,0,15,0,0,0,0,0,0,0,0,0,0,0,0,0,0,0,0,0,0,0,0,0,0,0,0,0,0,0,0,0,0,0,0,0,0,0,0,0,0,0,0,0,0,0,0,0,0,0,0,0,0,0,0,0,0,0,0,0,9,2022,9
kerbyjoseph_det_2022_9,det_2022_9,kerbyjoseph_det_2022,det_2022,kerbyjoseph,83239,s,det,1,41,0,11,0,0,0,0,0,0,0,0,0,0,0,0,0,0,0,0,0,0,0,0,0,0,0,0,0,0,0,0,0,0,0,0,0,0,0,0,0,0,0,0,0,0,0,0,0,0,0,0,0,0,0,0,0,0,0,0,0,9,2022,9
camtaylorbritt_cin_2022_9,cin_2022_9,camtaylorbritt_cin_2022,cin_2022,camtaylorbritt,83326,cb,cin,1,26,0,7,0,0,0,0,0,0,0,0,0,0,0,0,0,0,0,0,0,0,0,0,0,0,0,0,0,0,0,0,0,0,0,0,0,0,0,0,0,0,0,0,0,0,0,0,0,0,0,0,0,0,0,0,0,0,0,0,0,9,2022,9
gregnewsomeii_cle_2022_9,cle_2022_9,gregnewsomeii_cle_2022,cle_2022,gregnewsomeii,83341,cb,cle,1,42,0,8,0,0,0,0,0,0,0,0,0,0,0,0,0,0,0,0,0,0,0,0,0,0,0,0,0,0,0,0,0,0,0,0,0,0,0,0,0,0,0,0,0,0,0,0,0,0,0,0,0,0,0,0,0,0,0,0,0,9,2022,9
jayceehorn_car_2022_9,car_2022_9,jayceehorn_car_2022,car_2022,jayceehorn,83375,cb,car,1,29,0,5,0,0,0,0,0,0,0,0,0,0,0,0,0,0,0,0,0,0,0,0,0,0,0,0,0,0,0,0,0,0,0,0,0,0,0,0,0,0,0,0,0,0,0,0,0,0,0,0,0,0,0,0,0,0,0,0,0,9,2022,9
israelmukuamu_dal_2022_9,dal_2022_9,israelmukuamu_dal_2022,dal_2022,israelmukuamu,83377,s,dal,1,15,0,9,0,0,0,0,0,0,0,0,0,0,0,0,0,0,0,0,0,0,0,0,0,0,0,0,0,0,0,0,0,0,0,0,0,0,0,0,0,0,0,0,0,0,0,0,0,0,0,0,0,0,0,0,0,0,0,0,0,9,2022,9
kylergordon_chi_2022_9,chi_2022_9,kylergordon_chi_2022,chi_2022,kylergordon,83451,cb,chi,1,27,0,6,0,0,0,0,0,0,0,0,0,0,0,0,0,0,0,0,0,0,0,0,0,0,0,0,0,0,0,0,0,0,0,0,0,0,0,0,0,0,0,0,0,0,0,0,0,0,0,0,0,0,0,0,0,0,0,0,0,9,2022,9
alontaetaylor_no_2022_9,no_2022_9,alontaetaylor_no_2022,no_2022,alontaetaylor,83469,cb,no,1,44,0,20,0,0,0,0,0,0,0,0,0,0,0,0,0,0,0,0,0,0,0,0,0,0,0,0,0,0,0,0,0,0,0,0,0,0,0,0,0,0,0,0,0,0,0,0,0,0,0,0,0,0,0,0,0,0,0,0,0,9,2022,9
jevonholland_mia_2022_9,mia_2022_9,jevonholland_mia_2022,mia_2022,jevonholland,83873,s,mia,1,35,0,17,0,0,0,0,0,0,0,0,0,0,0,0,0,0,0,0,0,0,0,0,0,0,0,0,0,0,0,0,0,0,0,0,0,0,0,0,0,0,0,0,0,0,0,0,0,0,0,0,0,0,0,0,0,0,0,0,0,9,2022,9
talanoahufanga_sf_2022_9,sf_2022_9,talanoahufanga_sf_2022,sf_2022,talanoahufanga,83903,s,sf,1,32,0,28,0,0,0,0,0,0,0,0,0,0,0,0,0,0,0,0,0,0,0,0,0,0,0,0,0,0,0,0,0,0,0,0,0,0,0,0,0,0,0,0,0,0,0,0,0,0,0,0,0,0,0,0,0,0,0,0,0,9,2022,9
daxtonhill_cin_2022_9,cin_2022_9,daxtonhill_cin_2022,cin_2022,daxtonhill,97519,s,cin,1,7,0,7,0,0,0,0,0,0,0,0,0,0,0,0,0,0,0,0,0,0,0,0,0,0,0,0,0,0,0,0,0,0,0,0,0,0,0,0,0,0,0,0,0,0,0,0,0,0,0,0,0,0,0,0,0,0,0,0,0,9,2022,9
martinemerson_cle_2022_9,cle_2022_9,martinemerson_cle_2022,cle_2022,martinemerson,97872,cb,cle,1,42,0,8,0,0,0,0,0,0,0,0,0,0,0,0,0,0,0,0,0,0,0,0,0,0,0,0,0,0,0,0,0,0,0,0,0,0,0,0,0,0,0,0,0,0,0,0,0,0,0,0,0,0,0,0,0,0,0,0,0,9,2022,9
derekstingleyjr_hou_2022_9,hou_2022_9,derekstingleyjr_hou_2022,hou_2022,derekstingleyjr,98253,cb,hou,1,14,0,13,0,0,0,0,0,0,0,0,0,0,0,0,0,0,0,0,0,0,0,0,0,0,0,0,0,0,0,0,0,0,0,0,0,0,0,0,0,0,0,0,0,0,0,0,0,0,0,0,0,0,0,0,0,0,0,0,0,9,2022,9
kaiirelam_buf_2022_9,buf_2022_9,kaiirelam_buf_2022,buf_2022,kaiirelam,98693,cb,buf,1,22,0,4,0,0,0,0,0,0,0,0,0,0,0,0,0,0,0,0,0,0,0,0,0,0,0,0,0,0,0,0,0,0,0,0,0,0,0,0,0,0,0,0,0,0,0,0,0,0,0,0,0,0,0,0,0,0,0,0,0,9,2022,9
brandinechols_nyj_2022_9,nyj_2022_9,brandinechols_nyj_2022,nyj_2022,brandinechols,98900,cb,nyj,1,6,0,22,0,0,0,0,0,0,0,0,0,0,0,0,0,0,0,0,0,0,0,0,0,0,0,0,0,0,0,0,0,0,0,0,0,0,0,0,0,0,0,0,0,0,0,0,0,0,0,0,0,0,0,0,0,0,0,0,0,9,2022,9
christianharris_hou_2022_9,hou_2022_9,christianharris_hou_2022,hou_2022,christianharris,98996,lb,hou,1,13,0,13,0,0,0,0,0,0,0,0,0,0,0,0,0,0,0,0,0,0,0,0,0,0,0,0,0,0,0,0,0,0,0,0,0,0,0,0,0,0,0,0,0,0,0,0,0,0,0,0,0,0,0,0,0,0,0,0,0,9,2022,9
saucegardner_nyj_2022_9,nyj_2022_9,saucegardner_nyj_2022,nyj_2022,saucegardner,100903,cb,nyj,1,45,0,22,0,0,0,0,0,0,0,0,0,0,0,0,0,0,0,0,0,0,0,0,0,0,0,0,0,0,0,0,0,0,0,0,0,0,0,0,0,0,0,0,0,0,0,0,0,0,0,0,0,0,0,0,0,0,0,0,0,9,2022,9
damarionwilliams_bal_2022_9,bal_2022_9,damarionwilliams_bal_2022,bal_2022,damarionwilliams,100904,cb,bal,1,26,0,3,0,0,0,0,0,0,0,0,0,0,0,0,0,0,0,0,0,0,0,0,0,0,0,0,0,0,0,0,0,0,0,0,0,0,0,0,0,0,0,0,0,0,0,0,0,0,0,0,0,0,0,0,0,0,0,0,0,9,2022,9
danebelton_nyg_2022_9,nyg_2022_9,danebelton_nyg_2022,nyg_2022,danebelton,101398,s,nyg,1,8,0,21,0,0,0,0,0,0,0,0,0,0,0,0,0,0,0,0,0,0,0,0,0,0,0,0,0,0,0,0,0,0,0,0,0,0,0,0,0,0,0,0,0,0,0,0,0,0,0,0,0,0,0,0,0,0,0,0,0,9,2022,9
jaquanbrisker_chi_2022_9,chi_2022_9,jaquanbrisker_chi_2022,chi_2022,jaquanbrisker,101665,s,chi,1,27,0,6,0,0,0,0,0,0,0,0,0,0,0,0,0,0,0,0,0,0,0,0,0,0,0,0,0,0,0,0,0,0,0,0,0,0,0,0,0,0,0,0,0,0,0,0,0,0,0,0,0,0,0,0,0,0,0,0,0,9,2022,9
kylehamilton_bal_2022_9,bal_2022_9,kylehamilton_bal_2022,bal_2022,kylehamilton,102684,s,bal,1,31,0,3,0,0,0,0,0,0,0,0,0,0,0,0,0,0,0,0,0,0,0,0,0,0,0,0,0,0,0,0,0,0,0,0,0,0,0,0,0,0,0,0,0,0,0,0,0,0,0,0,0,0,0,0,0,0,0,0,0,9,2022,9
rodneythomasii_ind_2022_9,ind_2022_9,rodneythomasii_ind_2022,ind_2022,rodneythomasii,108389,s,ind,1,24,0,14,0,0,0,0,0,0,0,0,0,0,0,0,0,0,0,0,0,0,0,0,0,0,0,0,0,0,0,0,0,0,0,0,0,0,0,0,0,0,0,0,0,0,0,0,0,0,0,0,0,0,0,0,0,0,0,0,0,9,2022,9
deealford_atl_2022_9,atl_2022_9,deealford_atl_2022,atl_2022,deealford,110542,cb,atl,1,14,0,2,0,0,0,0,0,0,0,0,0,0,0,0,0,0,0,0,0,0,0,0,0,0,0,0,0,0,0,0,0,0,0,0,0,0,0,0,0,0,0,0,0,0,0,0,0,0,0,0,0,0,0,0,0,0,0,0,0,9,2022,9
kaderkohou_mia_2022_9,mia_2022_9,kaderkohou_mia_2022,mia_2022,kaderkohou,156070,cb,mia,1,40,0,17,0,0,0,0,0,0,0,0,0,0,0,0,0,0,0,0,0,0,0,0,0,0,0,0,0,0,0,0,0,0,0,0,0,0,0,0,0,0,0,0,0,0,0,0,0,0,0,0,0,0,0,0,0,0,0,0,0,9,2022,9
