p_id,unique_team_id,player_team_id,team_id_impute,player,numeric_id,position,team_name,player_game_count,declined_penalties,franchise_id,grades_pass_block,hits_allowed,hurries_allowed,non_spike_pass_block,non_spike_pass_block_percentage,pass_block_percent,pbe,penalties,pressures_allowed,sacks_allowed,snap_counts_pass_block,snap_counts_pass_play,true_pass_set_grades_pass_block,true_pass_set_hits_allowed,true_pass_set_hurries_allowed,true_pass_set_non_spike_pass_block,true_pass_set_non_spike_pass_block_percentage,true_pass_set_pass_block_percent,true_pass_set_pbe,true_pass_set_pressures_allowed,true_pass_set_sacks_allowed,true_pass_set_snap_counts_pass_block,true_pass_set_snap_counts_pass_play,week,year,plyr_number
jamareesalyer_lac_2022_9,lac_2022_9,jamareesalyer_lac_2022,lac_2022,jamareesalyer,81656,t,lac,1,0,27,72.4,0,0,0,0,0,0,0,0,0,0,0,0,0,0,0,0,0,0,0,0,0,0,9,2022,9
mattfeiler_lac_2022_9,lac_2022_9,mattfeiler_lac_2022,lac_2022,mattfeiler,9289,g,lac,1,0,27,71.4,0,0,0,0,0,0,0,0,0,0,0,0,0,0,0,0,0,0,0,0,0,0,9,2022,9
treypipkins_lac_2022_9,lac_2022_9,treypipkins_lac_2022,lac_2022,treypipkins,91462,t,lac,1,0,27,79.2,0,0,0,0,0,0,0,0,0,0,0,0,0,0,0,0,0,0,0,0,0,0,9,2022,9
zionjohnson_lac_2022_9,lac_2022_9,zionjohnson_lac_2022,lac_2022,zionjohnson,99681,g,lac,1,0,27,74.4,0,0,0,0,0,0,0,0,0,0,0,0,0,0,0,0,0,0,0,0,0,0,9,2022,9
coreylinsley_lac_2022_9,lac_2022_9,coreylinsley_lac_2022,lac_2022,coreylinsley,8796,ol,lac,1,1,27,78.2,0,0,0,0,0,0,0,0,0,0,0,0,0,0,0,0,0,0,0,0,0,0,9,2022,9
calvinthrockmorton_no_2022_9,no_2022_9,calvinthrockmorton_no_2022,no_2022,calvinthrockmorton,28238,g,no,1,0,20,26.4,0,0,0,0,0,0,0,0,0,0,0,0,0,0,0,0,0,0,0,0,0,0,9,2022,9
ajcann_hou_2022_9,hou_2022_9,ajcann_hou_2022,hou_2022,ajcann,9500,g,hou,1,0,13,43.1,0,0,0,0,0,0,0,0,0,0,0,0,0,0,0,0,0,0,0,0,0,0,9,2022,9
treysmith_kc_2022_9,kc_2022_9,treysmith_kc_2022,kc_2022,treysmith,62960,g,kc,1,1,16,52.9,0,0,0,0,0,0,0,0,0,0,0,0,0,0,0,0,0,0,0,0,0,0,9,2022,9
joethuney_kc_2022_9,kc_2022_9,joethuney_kc_2022,kc_2022,joethuney,10712,g,kc,1,0,16,68.3,0,0,0,0,0,0,0,0,0,0,0,0,0,0,0,0,0,0,0,0,0,0,9,2022,9
elgtonjenkins_gb_2022_9,gb_2022_9,elgtonjenkins_gb_2022,gb_2022,elgtonjenkins,46298,t,gb,1,0,12,41.3,0,0,0,0,0,0,0,0,0,0,0,0,0,0,0,0,0,0,0,0,0,0,9,2022,9
creedhumphrey_kc_2022_9,kc_2022_9,creedhumphrey_kc_2022,kc_2022,creedhumphrey,59996,ol,kc,1,0,16,61.4,0,0,0,0,0,0,0,0,0,0,0,0,0,0,0,0,0,0,0,0,0,0,9,2022,9
orlandobrownjr_kc_2022_9,kc_2022_9,orlandobrownjr_kc_2022,kc_2022,orlandobrownjr,46227,t,kc,1,0,16,72.9,0,0,0,0,0,0,0,0,0,0,0,0,0,0,0,0,0,0,0,0,0,0,9,2022,9
andrewwylie_kc_2022_9,kc_2022_9,andrewwylie_kc_2022,kc_2022,andrewwylie,12333,t,kc,1,1,16,45.8,0,0,0,0,0,0,0,0,0,0,0,0,0,0,0,0,0,0,0,0,0,0,9,2022,9
saahdiqcharles_was_2022_9,was_2022_9,saahdiqcharles_was_2022,was_2022,saahdiqcharles,59820,g,was,1,0,32,37.9,0,0,0,0,0,0,0,0,0,0,0,0,0,0,0,0,0,0,0,0,0,0,9,2022,9
cameronfleming_den_2022_9,den_2022_9,cameronfleming_den_2022,den_2022,cameronfleming,8775,t,den,1,0,10,67.7,0,0,0,0,0,0,0,0,0,0,0,0,0,0,0,0,0,0,0,0,0,0,9,2022,9
djhumphries_ari_2022_9,ari_2022_9,djhumphries_ari_2022,ari_2022,djhumphries,9457,t,ari,1,0,1,70.0,0,0,0,0,0,0,0,0,0,0,0,0,0,0,0,0,0,0,0,0,0,0,9,2022,9
larryborom_chi_2022_9,chi_2022_9,larryborom_chi_2022,chi_2022,larryborom,59879,t,chi,1,0,6,52.8,0,0,0,0,0,0,0,0,0,0,0,0,0,0,0,0,0,0,0,0,0,0,9,2022,9
hakeemadeniji_cin_2022_9,cin_2022_9,hakeemadeniji_cin_2022,cin_2022,hakeemadeniji,45419,t,cin,1,0,7,80.4,0,0,0,0,0,0,0,0,0,0,0,0,0,0,0,0,0,0,0,0,0,0,9,2022,9
evanneal_nyg_2022_9,nyg_2022_9,evanneal_nyg_2022,nyg_2022,evanneal,99063,t,nyg,1,0,21,67.8,0,0,0,0,0,0,0,0,0,0,0,0,0,0,0,0,0,0,0,0,0,0,9,2022,9
jakecurhan_sea_2022_9,sea_2022_9,jakecurhan_sea_2022,sea_2022,jakecurhan,38549,g,sea,1,0,29,0.0,0,0,0,0,0,0,0,0,0,0,0,0,0,0,0,0,0,0,0,0,0,0,9,2022,9
noahgray_kc_2022_9,kc_2022_9,noahgray_kc_2022,kc_2022,noahgray,60878,te,kc,1,0,16,73.9,0,0,0,0,0,0,0,0,0,0,0,0,0,0,0,0,0,0,0,0,0,0,9,2022,9
richardrodgers_lac_2022_9,lac_2022_9,richardrodgers_lac_2022,lac_2022,richardrodgers,8733,te,lac,1,0,27,75.3,0,0,0,0,0,0,0,0,0,0,0,0,0,0,0,0,0,0,0,0,0,0,9,2022,9
traviskelce_kc_2022_9,kc_2022_9,traviskelce_kc_2022,kc_2022,traviskelce,7844,te,kc,1,0,16,73.4,0,0,0,0,0,0,0,0,0,0,0,0,0,0,0,0,0,0,0,0,0,0,9,2022,9
walkerlittle_jax_2022_9,jax_2022_9,walkerlittle_jax_2022,jax_2022,walkerlittle,52287,t,jax,1,0,15,78.2,0,0,0,0,0,0,0,0,0,0,0,0,0,0,0,0,0,0,0,0,0,0,9,2022,9
colevanlanen_jax_2022_9,jax_2022_9,colevanlanen_jax_2022,jax_2022,colevanlanen,41583,g,jax,1,0,15,74.2,0,0,0,0,0,0,0,0,0,0,0,0,0,0,0,0,0,0,0,0,0,0,9,2022,9
nickallegretti_kc_2022_9,kc_2022_9,nickallegretti_kc_2022,kc_2022,nickallegretti,39268,g,kc,1,0,16,71.5,0,0,0,0,0,0,0,0,0,0,0,0,0,0,0,0,0,0,0,0,0,0,9,2022,9
danskipper_det_2022_9,det_2022_9,danskipper_det_2022,det_2022,danskipper,12307,g,det,1,0,11,21.2,0,0,0,0,0,0,0,0,0,0,0,0,0,0,0,0,0,0,0,0,0,0,9,2022,9
dannypinter_ind_2022_9,ind_2022_9,dannypinter_ind_2022,ind_2022,dannypinter,47339,g,ind,1,0,14,0.0,0,0,0,0,0,0,0,0,0,0,0,0,0,0,0,0,0,0,0,0,0,0,9,2022,9
geronchristiansr_kc_2022_9,kc_2022_9,geronchristiansr_kc_2022,kc_2022,geronchristiansr,46375,t,kc,1,0,16,42.1,0,0,0,0,0,0,0,0,0,0,0,0,0,0,0,0,0,0,0,0,0,0,9,2022,9
princetegawanogho_kc_2022_9,kc_2022_9,princetegawanogho_kc_2022,kc_2022,princetegawanogho,44820,t,kc,1,0,16,75.2,0,0,0,0,0,0,0,0,0,0,0,0,0,0,0,0,0,0,0,0,0,0,9,2022,9
tremckitty_lac_2022_9,lac_2022_9,tremckitty_lac_2022,lac_2022,tremckitty,60896,te,lac,1,0,27,72.5,0,0,0,0,0,0,0,0,0,0,0,0,0,0,0,0,0,0,0,0,0,0,9,2022,9
geraldeverett_lac_2022_9,lac_2022_9,geraldeverett_lac_2022,lac_2022,geraldeverett,11799,te,lac,1,0,27,72.3,0,0,0,0,0,0,0,0,0,0,0,0,0,0,0,0,0,0,0,0,0,0,9,2022,9
gregdulcich_den_2022_9,den_2022_9,gregdulcich_den_2022,den_2022,gregdulcich,84068,te,den,1,0,10,69.6,0,0,0,0,0,0,0,0,0,0,0,0,0,0,0,0,0,0,0,0,0,0,9,2022,9
charliewoerner_sf_2022_9,sf_2022_9,charliewoerner_sf_2022,sf_2022,charliewoerner,42257,te,sf,1,0,28,28.2,0,0,0,0,0,0,0,0,0,0,0,0,0,0,0,0,0,0,0,0,0,0,9,2022,9
deveryhamilton_nyg_2022_9,nyg_2022_9,deveryhamilton_nyg_2022,nyg_2022,deveryhamilton,40636,t,nyg,1,0,21,66.9,0,0,0,0,0,0,0,0,0,0,0,0,0,0,0,0,0,0,0,0,0,0,9,2022,9
giovanniricci_car_2022_9,car_2022_9,giovanniricci_car_2022,car_2022,giovanniricci,13756,te,car,1,0,5,67.1,0,0,0,0,0,0,0,0,0,0,0,0,0,0,0,0,0,0,0,0,0,0,9,2022,9
coreylevin_ten_2022_9,ten_2022_9,coreylevin_ten_2022,ten_2022,coreylevin,11972,ol,ten,1,0,31,70.2,0,0,0,0,0,0,0,0,0,0,0,0,0,0,0,0,0,0,0,0,0,0,9,2022,9
jackanderson_nyg_2022_9,nyg_2022_9,jackanderson_nyg_2022,nyg_2022,jackanderson,60130,g,nyg,1,0,21,66.9,0,0,0,0,0,0,0,0,0,0,0,0,0,0,0,0,0,0,0,0,0,0,9,2022,9
davidnjoku_cle_2022_9,cle_2022_9,davidnjoku_cle_2022,cle_2022,davidnjoku,11784,te,cle,1,0,8,69.3,0,0,0,0,0,0,0,0,0,0,0,0,0,0,0,0,0,0,0,0,0,0,9,2022,9
stephenanderson_ari_2022_9,ari_2022_9,stephenanderson_ari_2022,ari_2022,stephenanderson,11160,te,ari,1,0,1,0.0,0,0,0,0,0,0,0,0,0,0,0,0,0,0,0,0,0,0,0,0,0,0,9,2022,9
tommytremble_car_2022_9,car_2022_9,tommytremble_car_2022,car_2022,tommytremble,84025,te,car,1,0,5,70.2,0,0,0,0,0,0,0,0,0,0,0,0,0,0,0,0,0,0,0,0,0,0,9,2022,9
billyprice_ari_2022_9,ari_2022_9,billyprice_ari_2022,ari_2022,billyprice,46795,ol,ari,1,0,1,55.3,0,0,0,0,0,0,0,0,0,0,0,0,0,0,0,0,0,0,0,0,0,0,9,2022,9
willhernandez_ari_2022_9,ari_2022_9,willhernandez_ari_2022,ari_2022,willhernandez,46180,g,ari,1,0,1,71.8,0,0,0,0,0,0,0,0,0,0,0,0,0,0,0,0,0,0,0,0,0,0,9,2022,9
kelvinbeachum_ari_2022_9,ari_2022_9,kelvinbeachum_ari_2022,ari_2022,kelvinbeachum,7229,t,ari,1,0,1,57.7,0,0,0,0,0,0,0,0,0,0,0,0,0,0,0,0,0,0,0,0,0,0,9,2022,9
joshjones_ari_2022_9,ari_2022_9,joshjones_ari_2022,ari_2022,joshjones,26634,t,ari,1,0,1,79.1,0,0,0,0,0,0,0,0,0,0,0,0,0,0,0,0,0,0,0,0,0,0,9,2022,9
codyford_ari_2022_9,ari_2022_9,codyford_ari_2022,ari_2022,codyford,39805,g,ari,1,0,1,31.5,0,0,0,0,0,0,0,0,0,0,0,0,0,0,0,0,0,0,0,0,0,0,9,2022,9
danmoorejr_pit_2022_9,pit_2022_9,danmoorejr_pit_2022,pit_2022,danmoorejr,60120,t,pit,1,0,25,61.2,0,0,0,0,0,0,0,0,0,0,0,0,0,0,0,0,0,0,0,0,0,0,9,2022,9
chukwumaokorafor_pit_2022_9,pit_2022_9,chukwumaokorafor_pit_2022,pit_2022,chukwumaokorafor,46302,t,pit,1,0,25,47.0,0,0,0,0,0,0,0,0,0,0,0,0,0,0,0,0,0,0,0,0,0,0,9,2022,9
kevindotson_pit_2022_9,pit_2022_9,kevindotson_pit_2022,pit_2022,kevindotson,46735,g,pit,1,0,25,62.9,0,0,0,0,0,0,0,0,0,0,0,0,0,0,0,0,0,0,0,0,0,0,9,2022,9
masoncole_pit_2022_9,pit_2022_9,masoncole_pit_2022,pit_2022,masoncole,45547,ol,pit,1,0,25,52.3,0,0,0,0,0,0,0,0,0,0,0,0,0,0,0,0,0,0,0,0,0,0,9,2022,9
jamesdaniels_pit_2022_9,pit_2022_9,jamesdaniels_pit_2022,pit_2022,jamesdaniels,45576,g,pit,1,0,25,54.0,0,0,0,0,0,0,0,0,0,0,0,0,0,0,0,0,0,0,0,0,0,0,9,2022,9
roberthainsey_tb_2022_9,tb_2022_9,roberthainsey_tb_2022,tb_2022,roberthainsey,59980,ol,tb,1,0,30,61.9,0,0,0,0,0,0,0,0,0,0,0,0,0,0,0,0,0,0,0,0,0,0,9,2022,9
shaqmason_tb_2022_9,tb_2022_9,shaqmason_tb_2022,tb_2022,shaqmason,9564,g,tb,1,0,30,90.1,0,0,0,0,0,0,0,0,0,0,0,0,0,0,0,0,0,0,0,0,0,0,9,2022,9
tristanwirfs_tb_2022_9,tb_2022_9,tristanwirfs_tb_2022,tb_2022,tristanwirfs,64818,t,tb,1,0,30,84.1,0,0,0,0,0,0,0,0,0,0,0,0,0,0,0,0,0,0,0,0,0,0,9,2022,9
nickleverett_tb_2022_9,tb_2022_9,nickleverett_tb_2022,tb_2022,nickleverett,27699,g,tb,1,0,30,74.9,0,0,0,0,0,0,0,0,0,0,0,0,0,0,0,0,0,0,0,0,0,0,9,2022,9
donovansmith_tb_2022_9,tb_2022_9,donovansmith_tb_2022,tb_2022,donovansmith,9467,t,tb,1,0,30,77.2,0,0,0,0,0,0,0,0,0,0,0,0,0,0,0,0,0,0,0,0,0,0,9,2022,9
trentbrown_ne_2022_9,ne_2022_9,trentbrown_ne_2022,ne_2022,trentbrown,9677,t,ne,1,0,19,73.3,0,0,0,0,0,0,0,0,0,0,0,0,0,0,0,0,0,0,0,0,0,0,9,2022,9
tylerlinderbaum_bal_2022_9,bal_2022_9,tylerlinderbaum_bal_2022,bal_2022,tylerlinderbaum,82291,ol,bal,1,0,3,35.7,0,0,0,0,0,0,0,0,0,0,0,0,0,0,0,0,0,0,0,0,0,0,9,2022,9
jamesferentz_ne_2022_9,ne_2022_9,jamesferentz_ne_2022,ne_2022,jamesferentz,9258,ol,ne,1,0,19,57.2,0,0,0,0,0,0,0,0,0,0,0,0,0,0,0,0,0,0,0,0,0,0,9,2022,9
michaelonwenu_ne_2022_9,ne_2022_9,michaelonwenu_ne_2022,ne_2022,michaelonwenu,27357,g,ne,1,0,19,71.9,0,0,0,0,0,0,0,0,0,0,0,0,0,0,0,0,0,0,0,0,0,0,9,2022,9
benpowers_bal_2022_9,bal_2022_9,benpowers_bal_2022,bal_2022,benpowers,41482,g,bal,1,0,3,79.0,0,0,0,0,0,0,0,0,0,0,0,0,0,0,0,0,0,0,0,0,0,0,9,2022,9
kevinzeitler_bal_2022_9,bal_2022_9,kevinzeitler_bal_2022,bal_2022,kevinzeitler,7032,g,bal,1,0,3,89.0,0,0,0,0,0,0,0,0,0,0,0,0,0,0,0,0,0,0,0,0,0,0,9,2022,9
brianoneill_min_2022_9,min_2022_9,brianoneill_min_2022,min_2022,brianoneill,46854,t,min,1,0,18,68.2,0,0,0,0,0,0,0,0,0,0,0,0,0,0,0,0,0,0,0,0,0,0,9,2022,9
koltonmiller_lv_2022_9,lv_2022_9,koltonmiller_lv_2022,lv_2022,koltonmiller,47013,t,lv,1,0,23,75.9,0,0,0,0,0,0,0,0,0,0,0,0,0,0,0,0,0,0,0,0,0,0,9,2022,9
edingram_min_2022_9,min_2022_9,edingram_min_2022,min_2022,edingram,59819,g,min,1,1,18,16.9,0,0,0,0,0,0,0,0,0,0,0,0,0,0,0,0,0,0,0,0,0,0,9,2022,9
dylanparham_lv_2022_9,lv_2022_9,dylanparham_lv_2022,lv_2022,dylanparham,60953,g,lv,1,0,23,54.2,0,0,0,0,0,0,0,0,0,0,0,0,0,0,0,0,0,0,0,0,0,0,9,2022,9
ezracleveland_min_2022_9,min_2022_9,ezracleveland_min_2022,min_2022,ezracleveland,41973,g,min,1,0,18,57.1,0,0,0,0,0,0,0,0,0,0,0,0,0,0,0,0,0,0,0,0,0,0,9,2022,9
garrettbradbury_min_2022_9,min_2022_9,garrettbradbury_min_2022,min_2022,garrettbradbury,46013,ol,min,1,0,18,69.6,0,0,0,0,0,0,0,0,0,0,0,0,0,0,0,0,0,0,0,0,0,0,9,2022,9
andrejames_lv_2022_9,lv_2022_9,andrejames_lv_2022,lv_2022,andrejames,47058,ol,lv,1,0,23,53.3,0,0,0,0,0,0,0,0,0,0,0,0,0,0,0,0,0,0,0,0,0,0,9,2022,9
alexbars_lv_2022_9,lv_2022_9,alexbars_lv_2022,lv_2022,alexbars,47018,g,lv,1,0,23,81.5,0,0,0,0,0,0,0,0,0,0,0,0,0,0,0,0,0,0,0,0,0,0,9,2022,9
christiandarrisaw_min_2022_9,min_2022_9,christiandarrisaw_min_2022,min_2022,christiandarrisaw,77373,t,min,1,0,18,87.7,0,0,0,0,0,0,0,0,0,0,0,0,0,0,0,0,0,0,0,0,0,0,9,2022,9
cordellvolson_cin_2022_9,cin_2022_9,cordellvolson_cin_2022,cin_2022,cordellvolson,30614,g,cin,1,0,7,68.8,0,0,0,0,0,0,0,0,0,0,0,0,0,0,0,0,0,0,0,0,0,0,9,2022,9
tedkarras_cin_2022_9,cin_2022_9,tedkarras_cin_2022,cin_2022,tedkarras,10855,ol,cin,1,0,7,83.4,0,0,0,0,0,0,0,0,0,0,0,0,0,0,0,0,0,0,0,0,0,0,9,2022,9
nateherbig_nyj_2022_9,nyj_2022_9,nateherbig_nyj_2022,nyj_2022,nateherbig,28844,g,nyj,1,0,22,67.9,0,0,0,0,0,0,0,0,0,0,0,0,0,0,0,0,0,0,0,0,0,0,9,2022,9
morganmoses_bal_2022_9,bal_2022_9,morganmoses_bal_2022,bal_2022,morganmoses,8701,t,bal,1,0,3,78.5,0,0,0,0,0,0,0,0,0,0,0,0,0,0,0,0,0,0,0,0,0,0,9,2022,9
jonahwilliams_cin_2022_9,cin_2022_9,jonahwilliams_cin_2022,cin_2022,jonahwilliams,41651,t,cin,1,0,7,32.2,0,0,0,0,0,0,0,0,0,0,0,0,0,0,0,0,0,0,0,0,0,0,9,2022,9
duanebrown_nyj_2022_9,nyj_2022_9,duanebrown_nyj_2022,nyj_2022,duanebrown,4340,t,nyj,1,0,22,52.7,0,0,0,0,0,0,0,0,0,0,0,0,0,0,0,0,0,0,0,0,0,0,9,2022,9
cedricogbuehi_nyj_2022_9,nyj_2022_9,cedricogbuehi_nyj_2022,nyj_2022,cedricogbuehi,9454,t,nyj,1,0,22,48.5,0,0,0,0,0,0,0,0,0,0,0,0,0,0,0,0,0,0,0,0,0,0,9,2022,9
lakentomlinson_nyj_2022_9,nyj_2022_9,lakentomlinson_nyj_2022,nyj_2022,lakentomlinson,9461,g,nyj,1,0,22,66.8,0,0,0,0,0,0,0,0,0,0,0,0,0,0,0,0,0,0,0,0,0,0,9,2022,9
alexcappa_cin_2022_9,cin_2022_9,alexcappa_cin_2022,cin_2022,alexcappa,66578,g,cin,1,0,7,83.2,0,0,0,0,0,0,0,0,0,0,0,0,0,0,0,0,0,0,0,0,0,0,9,2022,9
laelcollins_cin_2022_9,cin_2022_9,laelcollins_cin_2022,cin_2022,laelcollins,9719,t,cin,1,0,7,46.1,0,0,0,0,0,0,0,0,0,0,0,0,0,0,0,0,0,0,0,0,0,0,9,2022,9
connorwilliams_mia_2022_9,mia_2022_9,connorwilliams_mia_2022,mia_2022,connorwilliams,46216,ol,mia,1,0,17,60.7,0,0,0,0,0,0,0,0,0,0,0,0,0,0,0,0,0,0,0,0,0,0,9,2022,9
bradleybozeman_car_2022_9,car_2022_9,bradleybozeman_car_2022,car_2022,bradleybozeman,27934,ol,car,1,0,5,29.8,0,0,0,0,0,0,0,0,0,0,0,0,0,0,0,0,0,0,0,0,0,0,9,2022,9
taylormoton_car_2022_9,car_2022_9,taylormoton_car_2022,car_2022,taylormoton,11819,t,car,1,0,5,82.6,0,0,0,0,0,0,0,0,0,0,0,0,0,0,0,0,0,0,0,0,0,0,9,2022,9
bradychristensen_car_2022_9,car_2022_9,bradychristensen_car_2022,car_2022,bradychristensen,51985,g,car,1,0,5,78.1,0,0,0,0,0,0,0,0,0,0,0,0,0,0,0,0,0,0,0,0,0,0,9,2022,9
jonahjackson_det_2022_9,det_2022_9,jonahjackson_det_2022,det_2022,jonahjackson,37070,g,det,1,1,11,59.7,0,0,0,0,0,0,0,0,0,0,0,0,0,0,0,0,0,0,0,0,0,0,9,2022,9
taylordecker_det_2022_9,det_2022_9,taylordecker_det_2022,det_2022,taylordecker,10650,t,det,1,0,11,62.2,0,0,0,0,0,0,0,0,0,0,0,0,0,0,0,0,0,0,0,0,0,0,9,2022,9
brandonshell_mia_2022_9,mia_2022_9,brandonshell_mia_2022,mia_2022,brandonshell,10792,t,mia,1,1,17,62.5,0,0,0,0,0,0,0,0,0,0,0,0,0,0,0,0,0,0,0,0,0,0,9,2022,9
austincorbett_car_2022_9,car_2022_9,austincorbett_car_2022,car_2022,austincorbett,46290,g,car,1,0,5,73.7,0,0,0,0,0,0,0,0,0,0,0,0,0,0,0,0,0,0,0,0,0,0,9,2022,9
frankragnow_det_2022_9,det_2022_9,frankragnow_det_2022,det_2022,frankragnow,39137,ol,det,1,0,11,47.7,0,0,0,0,0,0,0,0,0,0,0,0,0,0,0,0,0,0,0,0,0,0,9,2022,9
evanbrown_det_2022_9,det_2022_9,evanbrown_det_2022,det_2022,evanbrown,38709,g,det,1,0,11,61.7,0,0,0,0,0,0,0,0,0,0,0,0,0,0,0,0,0,0,0,0,0,0,9,2022,9
ikemekwonu_car_2022_9,car_2022_9,ikemekwonu_car_2022,car_2022,ikemekwonu,98286,t,car,1,0,5,90.6,0,0,0,0,0,0,0,0,0,0,0,0,0,0,0,0,0,0,0,0,0,0,9,2022,9
roberthunt_mia_2022_9,mia_2022_9,roberthunt_mia_2022,mia_2022,roberthunt,46139,g,mia,1,0,17,75.7,0,0,0,0,0,0,0,0,0,0,0,0,0,0,0,0,0,0,0,0,0,0,9,2022,9
peneisewell_det_2022_9,det_2022_9,peneisewell_det_2022,det_2022,peneisewell,81788,t,det,1,0,11,75.3,0,0,0,0,0,0,0,0,0,0,0,0,0,0,0,0,0,0,0,0,0,0,9,2022,9
terronarmstead_mia_2022_9,mia_2022_9,terronarmstead_mia_2022,mia_2022,terronarmstead,7856,t,mia,1,1,17,70.3,0,0,0,0,0,0,0,0,0,0,0,0,0,0,0,0,0,0,0,0,0,0,9,2022,9
abrahamlucas_sea_2022_9,sea_2022_9,abrahamlucas_sea_2022,sea_2022,abrahamlucas,60218,t,sea,1,0,29,81.2,0,0,0,0,0,0,0,0,0,0,0,0,0,0,0,0,0,0,0,0,0,0,9,2022,9
charlescross_sea_2022_9,sea_2022_9,charlescross_sea_2022,sea_2022,charlescross,98401,t,sea,1,0,29,62.8,0,0,0,0,0,0,0,0,0,0,0,0,0,0,0,0,0,0,0,0,0,0,9,2022,9
damienlewis_sea_2022_9,sea_2022_9,damienlewis_sea_2022,sea_2022,damienlewis,81532,g,sea,1,0,29,59.9,0,0,0,0,0,0,0,0,0,0,0,0,0,0,0,0,0,0,0,0,0,0,9,2022,9
joshuaezeudu_nyg_2022_9,nyg_2022_9,joshuaezeudu_nyg_2022,nyg_2022,joshuaezeudu,77355,g,nyg,1,0,21,51.1,0,0,0,0,0,0,0,0,0,0,0,0,0,0,0,0,0,0,0,0,0,0,9,2022,9
jonfeliciano_nyg_2022_9,nyg_2022_9,jonfeliciano_nyg_2022,nyg_2022,jonfeliciano,9561,ol,nyg,1,0,21,80.0,0,0,0,0,0,0,0,0,0,0,0,0,0,0,0,0,0,0,0,0,0,0,9,2022,9
tyrephillips_nyg_2022_9,nyg_2022_9,tyrephillips_nyg_2022,nyg_2022,tyrephillips,59874,t,nyg,1,0,21,70.0,0,0,0,0,0,0,0,0,0,0,0,0,0,0,0,0,0,0,0,0,0,0,9,2022,9
markglowinski_nyg_2022_9,nyg_2022_9,markglowinski_nyg_2022,nyg_2022,markglowinski,9567,g,nyg,1,0,21,81.0,0,0,0,0,0,0,0,0,0,0,0,0,0,0,0,0,0,0,0,0,0,0,9,2022,9
andrewthomas_nyg_2022_9,nyg_2022_9,andrewthomas_nyg_2022,nyg_2022,andrewthomas,59701,t,nyg,1,0,21,91.1,0,0,0,0,0,0,0,0,0,0,0,0,0,0,0,0,0,0,0,0,0,0,9,2022,9
jawaantaylor_jax_2022_9,jax_2022_9,jawaantaylor_jax_2022,jax_2022,jawaantaylor,41665,t,jax,1,0,15,77.3,0,0,0,0,0,0,0,0,0,0,0,0,0,0,0,0,0,0,0,0,0,0,9,2022,9
traiturner_was_2022_9,was_2022_9,traiturner_was_2022,was_2022,traiturner,8727,g,was,1,0,32,61.7,0,0,0,0,0,0,0,0,0,0,0,0,0,0,0,0,0,0,0,0,0,0,9,2022,9
charleslenojr_was_2022_9,was_2022_9,charleslenojr_was_2022,was_2022,charleslenojr,8880,t,was,1,0,32,78.9,0,0,0,0,0,0,0,0,0,0,0,0,0,0,0,0,0,0,0,0,0,0,9,2022,9
corneliuslucas_was_2022_9,was_2022_9,corneliuslucas_was_2022,was_2022,corneliuslucas,9025,t,was,1,0,32,52.1,0,0,0,0,0,0,0,0,0,0,0,0,0,0,0,0,0,0,0,0,0,0,9,2022,9
andrewnorwell_was_2022_9,was_2022_9,andrewnorwell_was_2022,was_2022,andrewnorwell,9126,g,was,1,0,32,70.3,0,0,0,0,0,0,0,0,0,0,0,0,0,0,0,0,0,0,0,0,0,0,9,2022,9
tylershatley_jax_2022_9,jax_2022_9,tylershatley_jax_2022,jax_2022,tylershatley,9257,g,jax,1,0,15,75.6,0,0,0,0,0,0,0,0,0,0,0,0,0,0,0,0,0,0,0,0,0,0,9,2022,9
tylerlarsen_was_2022_9,was_2022_9,tylerlarsen_was_2022,was_2022,tylerlarsen,9304,ol,was,1,0,32,25.8,0,0,0,0,0,0,0,0,0,0,0,0,0,0,0,0,0,0,0,0,0,0,9,2022,9
brandonscherff_jax_2022_9,jax_2022_9,brandonscherff_jax_2022,jax_2022,brandonscherff,9438,g,jax,1,0,15,70.9,0,0,0,0,0,0,0,0,0,0,0,0,0,0,0,0,0,0,0,0,0,0,9,2022,9
lukefortner_jax_2022_9,jax_2022_9,lukefortner_jax_2022,jax_2022,lukefortner,42028,ol,jax,1,0,15,52.3,0,0,0,0,0,0,0,0,0,0,0,0,0,0,0,0,0,0,0,0,0,0,9,2022,9
rileyreiff_chi_2022_9,chi_2022_9,rileyreiff_chi_2022,chi_2022,rileyreiff,7029,t,chi,1,0,6,72.5,0,0,0,0,0,0,0,0,0,0,0,0,0,0,0,0,0,0,0,0,0,0,9,2022,9
robhavenstein_lar_2022_9,lar_2022_9,robhavenstein_lar_2022,lar_2022,robhavenstein,9490,t,lar,1,0,26,77.3,0,0,0,0,0,0,0,0,0,0,0,0,0,0,0,0,0,0,0,0,0,0,9,2022,9
bobbyevans_lar_2022_9,lar_2022_9,bobbyevans_lar_2022,lar_2022,bobbyevans,36800,g,lar,1,0,26,15.5,0,0,0,0,0,0,0,0,0,0,0,0,0,0,0,0,0,0,0,0,0,0,9,2022,9
braxtonjones_chi_2022_9,chi_2022_9,braxtonjones_chi_2022,chi_2022,braxtonjones,60092,t,chi,1,0,6,74.6,0,0,0,0,0,0,0,0,0,0,0,0,0,0,0,0,0,0,0,0,0,0,9,2022,9
colestrange_ne_2022_9,ne_2022_9,colestrange_ne_2022,ne_2022,colestrange,22976,g,ne,1,0,19,32.3,0,0,0,0,0,0,0,0,0,0,0,0,0,0,0,0,0,0,0,0,0,0,9,2022,9
brianallen_lar_2022_9,lar_2022_9,brianallen_lar_2022,lar_2022,brianallen,46104,ol,lar,1,0,26,64.7,0,0,0,0,0,0,0,0,0,0,0,0,0,0,0,0,0,0,0,0,0,0,9,2022,9
alaricjackson_lar_2022_9,lar_2022_9,alaricjackson_lar_2022,lar_2022,alaricjackson,40972,g,lar,1,0,26,69.4,0,0,0,0,0,0,0,0,0,0,0,0,0,0,0,0,0,0,0,0,0,0,9,2022,9
camrobinson_jax_2022_9,jax_2022_9,camrobinson_jax_2022,jax_2022,camrobinson,11789,t,jax,1,1,15,72.0,0,0,0,0,0,0,0,0,0,0,0,0,0,0,0,0,0,0,0,0,0,0,9,2022,9
michaelschofieldiii_chi_2022_9,chi_2022_9,michaelschofieldiii_chi_2022,chi_2022,michaelschofieldiii,8730,g,chi,1,0,6,70.1,0,0,0,0,0,0,0,0,0,0,0,0,0,0,0,0,0,0,0,0,0,0,9,2022,9
odayaboushi_lar_2022_9,lar_2022_9,odayaboushi_lar_2022,lar_2022,odayaboushi,7923,g,lar,1,0,26,69.8,0,0,0,0,0,0,0,0,0,0,0,0,0,0,0,0,0,0,0,0,0,0,9,2022,9
tytushoward_hou_2022_9,hou_2022_9,tytushoward_hou_2022,hou_2022,tytushoward,25472,t,hou,1,0,13,73.2,0,0,0,0,0,0,0,0,0,0,0,0,0,0,0,0,0,0,0,0,0,0,9,2022,9
scottquessenberry_hou_2022_9,hou_2022_9,scottquessenberry_hou_2022,hou_2022,scottquessenberry,23918,ol,hou,1,0,13,14.1,0,0,0,0,0,0,0,0,0,0,0,0,0,0,0,0,0,0,0,0,0,0,9,2022,9
sammustipher_chi_2022_9,chi_2022_9,sammustipher_chi_2022,chi_2022,sammustipher,13026,ol,chi,1,0,6,83.8,0,0,0,0,0,0,0,0,0,0,0,0,0,0,0,0,0,0,0,0,0,0,9,2022,9
joshmyers_gb_2022_9,gb_2022_9,joshmyers_gb_2022,gb_2022,joshmyers,59992,ol,gb,1,0,12,60.2,0,0,0,0,0,0,0,0,0,0,0,0,0,0,0,0,0,0,0,0,0,0,9,2022,9
laremytunsil_hou_2022_9,hou_2022_9,laremytunsil_hou_2022,hou_2022,laremytunsil,10647,t,hou,1,0,13,90.2,0,0,0,0,0,0,0,0,0,0,0,0,0,0,0,0,0,0,0,0,0,0,9,2022,9
jonrunyan_gb_2022_9,gb_2022_9,jonrunyan_gb_2022,gb_2022,jonrunyan,36661,g,gb,1,0,12,71.6,0,0,0,0,0,0,0,0,0,0,0,0,0,0,0,0,0,0,0,0,0,0,9,2022,9
yoshnijman_gb_2022_9,gb_2022_9,yoshnijman_gb_2022,gb_2022,yoshnijman,60822,t,gb,1,0,12,65.7,0,0,0,0,0,0,0,0,0,0,0,0,0,0,0,0,0,0,0,0,0,0,9,2022,9
tevenjenkins_chi_2022_9,chi_2022_9,tevenjenkins_chi_2022,chi_2022,tevenjenkins,41534,g,chi,1,0,6,60.4,0,0,0,0,0,0,0,0,0,0,0,0,0,0,0,0,0,0,0,0,0,0,9,2022,9
kenyongreen_hou_2022_9,hou_2022_9,kenyongreen_hou_2022,hou_2022,kenyongreen,99052,g,hou,1,0,13,6.8,0,0,0,0,0,0,0,0,0,0,0,0,0,0,0,0,0,0,0,0,0,0,9,2022,9
zachtom_gb_2022_9,gb_2022_9,zachtom_gb_2022,gb_2022,zachtom,55443,g,gb,1,0,12,57.6,0,0,0,0,0,0,0,0,0,0,0,0,0,0,0,0,0,0,0,0,0,0,9,2022,9
davidbakhtiari_gb_2022_9,gb_2022_9,davidbakhtiari_gb_2022,gb_2022,davidbakhtiari,7891,t,gb,1,0,12,82.5,0,0,0,0,0,0,0,0,0,0,0,0,0,0,0,0,0,0,0,0,0,0,9,2022,9
quinnmeinerz_den_2022_9,den_2022_9,quinnmeinerz_den_2022,den_2022,quinnmeinerz,112915,g,den,1,0,10,14.8,0,0,0,0,0,0,0,0,0,0,0,0,0,0,0,0,0,0,0,0,0,0,9,2022,9
billyturner_den_2022_9,den_2022_9,billyturner_den_2022,den_2022,billyturner,8702,t,den,1,0,10,66.7,0,0,0,0,0,0,0,0,0,0,0,0,0,0,0,0,0,0,0,0,0,0,9,2022,9
daltonrisner_den_2022_9,den_2022_9,daltonrisner_den_2022,den_2022,daltonrisner,47008,g,den,1,0,10,48.3,0,0,0,0,0,0,0,0,0,0,0,0,0,0,0,0,0,0,0,0,0,0,9,2022,9
landondickerson_phi_2022_9,phi_2022_9,landondickerson_phi_2022,phi_2022,landondickerson,41712,g,phi,1,0,24,59.7,0,0,0,0,0,0,0,0,0,0,0,0,0,0,0,0,0,0,0,0,0,0,9,2022,9
calvinanderson_den_2022_9,den_2022_9,calvinanderson_den_2022,den_2022,calvinanderson,46247,t,den,1,0,10,73.9,0,0,0,0,0,0,0,0,0,0,0,0,0,0,0,0,0,0,0,0,0,0,9,2022,9
mitchmorse_buf_2022_9,buf_2022_9,mitchmorse_buf_2022,buf_2022,mitchmorse,9482,ol,buf,1,0,4,83.6,0,0,0,0,0,0,0,0,0,0,0,0,0,0,0,0,0,0,0,0,0,0,9,2022,9
davidquessenberry_buf_2022_9,buf_2022_9,davidquessenberry_buf_2022,buf_2022,davidquessenberry,7957,t,buf,1,0,4,61.7,0,0,0,0,0,0,0,0,0,0,0,0,0,0,0,0,0,0,0,0,0,0,9,2022,9
ryanbates_buf_2022_9,buf_2022_9,ryanbates_buf_2022,buf_2022,ryanbates,28300,g,buf,1,0,4,69.1,0,0,0,0,0,0,0,0,0,0,0,0,0,0,0,0,0,0,0,0,0,0,9,2022,9
lanejohnson_phi_2022_9,phi_2022_9,lanejohnson_phi_2022,phi_2022,lanejohnson,7786,t,phi,1,0,24,84.8,0,0,0,0,0,0,0,0,0,0,0,0,0,0,0,0,0,0,0,0,0,0,9,2022,9
isaacseumalo_phi_2022_9,phi_2022_9,isaacseumalo_phi_2022,phi_2022,isaacseumalo,10713,g,phi,1,0,24,51.3,0,0,0,0,0,0,0,0,0,0,0,0,0,0,0,0,0,0,0,0,0,0,9,2022,9
diondawkins_buf_2022_9,buf_2022_9,diondawkins_buf_2022,buf_2022,diondawkins,11818,t,buf,1,1,4,74.1,0,0,0,0,0,0,0,0,0,0,0,0,0,0,0,0,0,0,0,0,0,0,9,2022,9
jasonkelce_phi_2022_9,phi_2022_9,jasonkelce_phi_2022,phi_2022,jasonkelce,6343,ol,phi,1,0,24,38.4,0,0,0,0,0,0,0,0,0,0,0,0,0,0,0,0,0,0,0,0,0,0,9,2022,9
rodgersaffold_buf_2022_9,buf_2022_9,rodgersaffold_buf_2022,buf_2022,rodgersaffold,5558,g,buf,1,0,4,76.9,0,0,0,0,0,0,0,0,0,0,0,0,0,0,0,0,0,0,0,0,0,0,9,2022,9
jordanmailata_phi_2022_9,phi_2022_9,jordanmailata_phi_2022,phi_2022,jordanmailata,66916,t,phi,1,0,24,66.3,0,0,0,0,0,0,0,0,0,0,0,0,0,0,0,0,0,0,0,0,0,0,9,2022,9
kylefuller_sea_2022_9,sea_2022_9,kylefuller_sea_2022,sea_2022,kylefuller,11998,ol,sea,1,0,29,47.7,0,0,0,0,0,0,0,0,0,0,0,0,0,0,0,0,0,0,0,0,0,0,9,2022,9
cesarruiz_no_2022_9,no_2022_9,cesarruiz_no_2022,no_2022,cesarruiz,59857,g,no,1,0,20,82.2,0,0,0,0,0,0,0,0,0,0,0,0,0,0,0,0,0,0,0,0,0,0,9,2022,9
ryanramczyk_no_2022_9,no_2022_9,ryanramczyk_no_2022,no_2022,ryanramczyk,11787,t,no,1,0,20,68.7,0,0,0,0,0,0,0,0,0,0,0,0,0,0,0,0,0,0,0,0,0,0,9,2022,9
andruspeat_no_2022_9,no_2022_9,andruspeat_no_2022,no_2022,andruspeat,9446,g,no,1,0,20,36.1,0,0,0,0,0,0,0,0,0,0,0,0,0,0,0,0,0,0,0,0,0,0,9,2022,9
jameshurst_no_2022_9,no_2022_9,jameshurst_no_2022,no_2022,jameshurst,9001,t,no,1,0,20,83.0,0,0,0,0,0,0,0,0,0,0,0,0,0,0,0,0,0,0,0,0,0,0,9,2022,9
erikmccoy_no_2022_9,no_2022_9,erikmccoy_no_2022,no_2022,erikmccoy,37347,ol,no,1,0,20,31.4,0,0,0,0,0,0,0,0,0,0,0,0,0,0,0,0,0,0,0,0,0,0,9,2022,9
kalebmcgary_atl_2022_9,atl_2022_9,kalebmcgary_atl_2022,atl_2022,kalebmcgary,46912,t,atl,1,0,2,61.8,0,0,0,0,0,0,0,0,0,0,0,0,0,0,0,0,0,0,0,0,0,0,9,2022,9
jakematthews_atl_2022_9,atl_2022_9,jakematthews_atl_2022,atl_2022,jakematthews,8641,t,atl,1,0,2,63.1,0,0,0,0,0,0,0,0,0,0,0,0,0,0,0,0,0,0,0,0,0,0,9,2022,9
drewdalman_atl_2022_9,atl_2022_9,drewdalman_atl_2022,atl_2022,drewdalman,52270,ol,atl,1,0,2,56.7,0,0,0,0,0,0,0,0,0,0,0,0,0,0,0,0,0,0,0,0,0,0,9,2022,9
chrislindstrom_atl_2022_9,atl_2022_9,chrislindstrom_atl_2022,atl_2022,chrislindstrom,46692,g,atl,1,0,2,85.6,0,0,0,0,0,0,0,0,0,0,0,0,0,0,0,0,0,0,0,0,0,0,9,2022,9
denniskelly_ind_2022_9,ind_2022_9,denniskelly_ind_2022,ind_2022,denniskelly,7146,t,ind,1,0,14,50.5,0,0,0,0,0,0,0,0,0,0,0,0,0,0,0,0,0,0,0,0,0,0,9,2022,9
ryankelly_ind_2022_9,ind_2022_9,ryankelly_ind_2022,ind_2022,ryankelly,10652,ol,ind,1,0,14,45.0,0,0,0,0,0,0,0,0,0,0,0,0,0,0,0,0,0,0,0,0,0,0,9,2022,9
quentonnelson_ind_2022_9,ind_2022_9,quentonnelson_ind_2022,ind_2022,quentonnelson,12954,g,ind,1,0,14,57.3,0,0,0,0,0,0,0,0,0,0,0,0,0,0,0,0,0,0,0,0,0,0,9,2022,9
bradensmith_ind_2022_9,ind_2022_9,bradensmith_ind_2022,ind_2022,bradensmith,46794,t,ind,1,0,14,72.5,0,0,0,0,0,0,0,0,0,0,0,0,0,0,0,0,0,0,0,0,0,0,9,2022,9
mattpryor_ind_2022_9,ind_2022_9,mattpryor_ind_2022,ind_2022,mattpryor,46647,t,ind,1,0,14,68.2,0,0,0,0,0,0,0,0,0,0,0,0,0,0,0,0,0,0,0,0,0,0,9,2022,9
ronniestanley_bal_2022_9,bal_2022_9,ronniestanley_bal_2022,bal_2022,ronniestanley,10640,t,bal,1,0,3,89.5,0,0,0,0,0,0,0,0,0,0,0,0,0,0,0,0,0,0,0,0,0,0,9,2022,9
mikemcglinchey_sf_2022_9,sf_2022_9,mikemcglinchey_sf_2022,sf_2022,mikemcglinchey,46275,t,sf,1,0,28,61.2,0,0,0,0,0,0,0,0,0,0,0,0,0,0,0,0,0,0,0,0,0,0,9,2022,9
jakebrendel_sf_2022_9,sf_2022_9,jakebrendel_sf_2022,sf_2022,jakebrendel,11117,ol,sf,1,0,28,76.0,0,0,0,0,0,0,0,0,0,0,0,0,0,0,0,0,0,0,0,0,0,0,9,2022,9
aaronbanks_sf_2022_9,sf_2022_9,aaronbanks_sf_2022,sf_2022,aaronbanks,59983,g,sf,1,1,28,40.2,0,0,0,0,0,0,0,0,0,0,0,0,0,0,0,0,0,0,0,0,0,0,9,2022,9
trentwilliams_sf_2022_9,sf_2022_9,trentwilliams_sf_2022,sf_2022,trentwilliams,5529,t,sf,1,0,28,76.2,0,0,0,0,0,0,0,0,0,0,0,0,0,0,0,0,0,0,0,0,0,0,9,2022,9
zackmartin_dal_2022_9,dal_2022_9,zackmartin_dal_2022,dal_2022,zackmartin,8651,g,dal,1,0,9,61.4,0,0,0,0,0,0,0,0,0,0,0,0,0,0,0,0,0,0,0,0,0,0,9,2022,9
tylerbiadasz_dal_2022_9,dal_2022_9,tylerbiadasz_dal_2022,dal_2022,tylerbiadasz,41178,ol,dal,1,0,9,64.0,0,0,0,0,0,0,0,0,0,0,0,0,0,0,0,0,0,0,0,0,0,0,9,2022,9
tylersmith_dal_2022_9,dal_2022_9,tylersmith_dal_2022,dal_2022,tylersmith,98385,t,dal,1,0,9,72.7,0,0,0,0,0,0,0,0,0,0,0,0,0,0,0,0,0,0,0,0,0,0,9,2022,9
terencesteele_dal_2022_9,dal_2022_9,terencesteele_dal_2022,dal_2022,terencesteele,39461,t,dal,1,0,9,42.3,0,0,0,0,0,0,0,0,0,0,0,0,0,0,0,0,0,0,0,0,0,0,9,2022,9
joelbitonio_cle_2022_9,cle_2022_9,joelbitonio_cle_2022,cle_2022,joelbitonio,8670,g,cle,1,0,8,81.4,0,0,0,0,0,0,0,0,0,0,0,0,0,0,0,0,0,0,0,0,0,0,9,2022,9
hjaltefroholdt_cle_2022_9,cle_2022_9,hjaltefroholdt_cle_2022,cle_2022,hjaltefroholdt,44959,g,cle,1,0,8,87.3,0,0,0,0,0,0,0,0,0,0,0,0,0,0,0,0,0,0,0,0,0,0,9,2022,9
ethanpocic_cle_2022_9,cle_2022_9,ethanpocic_cle_2022,cle_2022,ethanpocic,11813,ol,cle,1,0,8,84.1,0,0,0,0,0,0,0,0,0,0,0,0,0,0,0,0,0,0,0,0,0,0,9,2022,9
jedrickwillsjr_cle_2022_9,cle_2022_9,jedrickwillsjr_cle_2022,cle_2022,jedrickwillsjr,58467,t,cle,1,0,8,68.4,0,0,0,0,0,0,0,0,0,0,0,0,0,0,0,0,0,0,0,0,0,0,9,2022,9
philhaynes_sea_2022_9,sea_2022_9,philhaynes_sea_2022,sea_2022,philhaynes,29244,g,sea,1,0,29,85.8,0,0,0,0,0,0,0,0,0,0,0,0,0,0,0,0,0,0,0,0,0,0,9,2022,9
connormcgovern_dal_2022_9,dal_2022_9,connormcgovern_dal_2022,dal_2022,connormcgovern,41714,g,dal,1,0,9,84.0,0,0,0,0,0,0,0,0,0,0,0,0,0,0,0,0,0,0,0,0,0,0,9,2022,9
thayermunford_lv_2022_9,lv_2022_9,thayermunford_lv_2022,lv_2022,thayermunford,59994,t,lv,1,0,23,78.6,0,0,0,0,0,0,0,0,0,0,0,0,0,0,0,0,0,0,0,0,0,0,9,2022,9
jackconklin_cle_2022_9,cle_2022_9,jackconklin_cle_2022,cle_2022,jackconklin,10642,t,cle,1,0,8,77.9,0,0,0,0,0,0,0,0,0,0,0,0,0,0,0,0,0,0,0,0,0,0,9,2022,9
jermaineeluemunor_lv_2022_9,lv_2022_9,jermaineeluemunor_lv_2022,lv_2022,jermaineeluemunor,11914,t,lv,1,0,23,75.1,0,0,0,0,0,0,0,0,0,0,0,0,0,0,0,0,0,0,0,0,0,0,9,2022,9
grahamglasgow_den_2022_9,den_2022_9,grahamglasgow_den_2022,den_2022,grahamglasgow,10729,g,den,1,0,10,80.3,0,0,0,0,0,0,0,0,0,0,0,0,0,0,0,0,0,0,0,0,0,0,9,2022,9
gabejackson_sea_2022_9,sea_2022_9,gabejackson_sea_2022,sea_2022,gabejackson,8716,g,sea,1,0,29,74.1,0,0,0,0,0,0,0,0,0,0,0,0,0,0,0,0,0,0,0,0,0,0,9,2022,9
patrickmekari_bal_2022_9,bal_2022_9,patrickmekari_bal_2022,bal_2022,patrickmekari,46219,t,bal,1,0,3,85.4,0,0,0,0,0,0,0,0,0,0,0,0,0,0,0,0,0,0,0,0,0,0,9,2022,9
spencerburford_sf_2022_9,sf_2022_9,spencerburford_sf_2022,sf_2022,spencerburford,81920,g,sf,1,0,28,42.2,0,0,0,0,0,0,0,0,0,0,0,0,0,0,0,0,0,0,0,0,0,0,9,2022,9
lloydcushenberryiii_den_2022_9,den_2022_9,lloydcushenberryiii_den_2022,den_2022,lloydcushenberryiii,41924,ol,den,1,0,10,79.2,0,0,0,0,0,0,0,0,0,0,0,0,0,0,0,0,0,0,0,0,0,0,9,2022,9
kcmcdermott_hou_2022_9,hou_2022_9,kcmcdermott_hou_2022,hou_2022,kcmcdermott,29035,t,hou,1,0,13,0.0,0,0,0,0,0,0,0,0,0,0,0,0,0,0,0,0,0,0,0,0,0,0,9,2022,9
dennisdaley_ten_2022_9,ten_2022_9,dennisdaley_ten_2022,ten_2022,dennisdaley,60063,t,ten,1,0,31,68.7,0,0,0,0,0,0,0,0,0,0,0,0,0,0,0,0,0,0,0,0,0,0,9,2022,9
benjones_ten_2022_9,ten_2022_9,benjones_ten_2022,ten_2022,benjones,7099,ol,ten,1,0,31,55.1,0,0,0,0,0,0,0,0,0,0,0,0,0,0,0,0,0,0,0,0,0,0,9,2022,9
aaronbrewer_ten_2022_9,ten_2022_9,aaronbrewer_ten_2022,ten_2022,aaronbrewer,46014,g,ten,1,0,31,82.2,0,0,0,0,0,0,0,0,0,0,0,0,0,0,0,0,0,0,0,0,0,0,9,2022,9
nicholaspetitfrere_ten_2022_9,ten_2022_9,nicholaspetitfrere_ten_2022,ten_2022,nicholaspetitfrere,82003,t,ten,1,0,31,71.4,0,0,0,0,0,0,0,0,0,0,0,0,0,0,0,0,0,0,0,0,0,0,9,2022,9
natedavis_ten_2022_9,ten_2022_9,natedavis_ten_2022,ten_2022,natedavis,46808,g,ten,1,0,31,82.2,0,0,0,0,0,0,0,0,0,0,0,0,0,0,0,0,0,0,0,0,0,0,9,2022,9
danielbrunskill_sf_2022_9,sf_2022_9,danielbrunskill_sf_2022,sf_2022,danielbrunskill,34807,g,sf,1,0,28,56.0,0,0,0,0,0,0,0,0,0,0,0,0,0,0,0,0,0,0,0,0,0,0,9,2022,9
isaiahwynn_ne_2022_9,ne_2022_9,isaiahwynn_ne_2022,ne_2022,isaiahwynn,46048,t,ne,1,0,19,54.7,0,0,0,0,0,0,0,0,0,0,0,0,0,0,0,0,0,0,0,0,0,0,9,2022,9
austinblythe_sea_2022_9,sea_2022_9,austinblythe_sea_2022,sea_2022,austinblythe,10882,ol,sea,1,0,29,6.5,0,0,0,0,0,0,0,0,0,0,0,0,0,0,0,0,0,0,0,0,0,0,9,2022,9
colekmet_chi_2022_9,chi_2022_9,colekmet_chi_2022,chi_2022,colekmet,60995,te,chi,1,0,6,75.7,0,0,0,0,0,0,0,0,0,0,0,0,0,0,0,0,0,0,0,0,0,0,9,2022,9
tylerhigbee_lar_2022_9,lar_2022_9,tylerhigbee_lar_2022,lar_2022,tylerhigbee,10744,te,lar,1,0,26,66.0,0,0,0,0,0,0,0,0,0,0,0,0,0,0,0,0,0,0,0,0,0,0,9,2022,9
harrisonbryant_cle_2022_9,cle_2022_9,harrisonbryant_cle_2022,cle_2022,harrisonbryant,26394,te,cle,1,0,8,66.4,0,0,0,0,0,0,0,0,0,0,0,0,0,0,0,0,0,0,0,0,0,0,9,2022,9
ianthomas_car_2022_9,car_2022_9,ianthomas_car_2022,car_2022,ianthomas,42130,te,car,1,0,5,63.3,0,0,0,0,0,0,0,0,0,0,0,0,0,0,0,0,0,0,0,0,0,0,9,2022,9
jasonpeters_dal_2022_9,dal_2022_9,jasonpeters_dal_2022,dal_2022,jasonpeters,2148,g,dal,1,0,9,78.5,0,0,0,0,0,0,0,0,0,0,0,0,0,0,0,0,0,0,0,0,0,0,9,2022,9
tjhockenson_det_2022_9,det_2022_9,tjhockenson_det_2022,det_2022,tjhockenson,40912,te,det,1,0,11,64.3,0,0,0,0,0,0,0,0,0,0,0,0,0,0,0,0,0,0,0,0,0,0,9,2022,9
jackstoll_phi_2022_9,phi_2022_9,jackstoll_phi_2022,phi_2022,jackstoll,42058,te,phi,1,0,24,77.8,0,0,0,0,0,0,0,0,0,0,0,0,0,0,0,0,0,0,0,0,0,0,9,2022,9
noahfant_sea_2022_9,sea_2022_9,noahfant_sea_2022,sea_2022,noahfant,42388,te,sea,1,0,29,64.3,0,0,0,0,0,0,0,0,0,0,0,0,0,0,0,0,0,0,0,0,0,0,9,2022,9
durhamsmythe_mia_2022_9,mia_2022_9,durhamsmythe_mia_2022,mia_2022,durhamsmythe,47257,te,mia,1,0,17,53.0,0,0,0,0,0,0,0,0,0,0,0,0,0,0,0,0,0,0,0,0,0,0,9,2022,9
georgekittle_sf_2022_9,sf_2022_9,georgekittle_sf_2022,sf_2022,georgekittle,11901,te,sf,1,0,28,73.2,0,0,0,0,0,0,0,0,0,0,0,0,0,0,0,0,0,0,0,0,0,0,9,2022,9
brockwright_det_2022_9,det_2022_9,brockwright_det_2022,det_2022,brockwright,60994,te,det,1,0,11,61.5,0,0,0,0,0,0,0,0,0,0,0,0,0,0,0,0,0,0,0,0,0,0,9,2022,9
robertjones_mia_2022_9,mia_2022_9,robertjones_mia_2022,mia_2022,robertjones,100786,g,mia,1,0,17,78.7,0,0,0,0,0,0,0,0,0,0,0,0,0,0,0,0,0,0,0,0,0,0,9,2022,9
parkerhesse_atl_2022_9,atl_2022_9,parkerhesse_atl_2022,atl_2022,parkerhesse,48369,te,atl,1,0,2,33.7,0,0,0,0,0,0,0,0,0,0,0,0,0,0,0,0,0,0,0,0,0,0,9,2022,9
zachgentry_pit_2022_9,pit_2022_9,zachgentry_pit_2022,pit_2022,zachgentry,36049,te,pit,1,0,25,75.3,0,0,0,0,0,0,0,0,0,0,0,0,0,0,0,0,0,0,0,0,0,0,9,2022,9
dallasgoedert_phi_2022_9,phi_2022_9,dallasgoedert_phi_2022,phi_2022,dallasgoedert,47272,te,phi,1,0,24,77.7,0,0,0,0,0,0,0,0,0,0,0,0,0,0,0,0,0,0,0,0,0,0,9,2022,9
jakeferguson_dal_2022_9,dal_2022_9,jakeferguson_dal_2022,dal_2022,jakeferguson,61081,te,dal,1,0,9,31.6,0,0,0,0,0,0,0,0,0,0,0,0,0,0,0,0,0,0,0,0,0,0,9,2022,9
brycenhopkins_lar_2022_9,lar_2022_9,brycenhopkins_lar_2022,lar_2022,brycenhopkins,47338,te,lar,1,0,26,49.3,0,0,0,0,0,0,0,0,0,0,0,0,0,0,0,0,0,0,0,0,0,0,9,2022,9
jameshudson_cle_2022_9,cle_2022_9,jameshudson_cle_2022,cle_2022,jameshudson,59854,t,cle,1,0,8,76.5,0,0,0,0,0,0,0,0,0,0,0,0,0,0,0,0,0,0,0,0,0,0,9,2022,9
willdissly_sea_2022_9,sea_2022_9,willdissly_sea_2022,sea_2022,willdissly,30762,te,sea,1,0,29,73.9,0,0,0,0,0,0,0,0,0,0,0,0,0,0,0,0,0,0,0,0,0,0,9,2022,9
irvsmithjr_min_2022_9,min_2022_9,irvsmithjr_min_2022,min_2022,irvsmithjr,42060,te,min,1,0,18,35.6,0,0,0,0,0,0,0,0,0,0,0,0,0,0,0,0,0,0,0,0,0,0,9,2022,9
roberttonyan_gb_2022_9,gb_2022_9,roberttonyan_gb_2022,gb_2022,roberttonyan,12193,te,gb,1,0,12,71.2,0,0,0,0,0,0,0,0,0,0,0,0,0,0,0,0,0,0,0,0,0,0,9,2022,9
trevonwesco_chi_2022_9,chi_2022_9,trevonwesco_chi_2022,chi_2022,trevonwesco,42018,te,chi,1,0,6,71.7,0,0,0,0,0,0,0,0,0,0,0,0,0,0,0,0,0,0,0,0,0,0,9,2022,9
colbyparkinson_sea_2022_9,sea_2022_9,colbyparkinson_sea_2022,sea_2022,colbyparkinson,52266,te,sea,1,0,29,59.7,0,0,0,0,0,0,0,0,0,0,0,0,0,0,0,0,0,0,0,0,0,0,9,2022,9
michaeldunn_cle_2022_9,cle_2022_9,michaeldunn_cle_2022,cle_2022,michaeldunn,39676,t,cle,1,0,8,75.4,0,0,0,0,0,0,0,0,0,0,0,0,0,0,0,0,0,0,0,0,0,0,9,2022,9
dawsonknox_buf_2022_9,buf_2022_9,dawsonknox_buf_2022,buf_2022,dawsonknox,35883,te,buf,1,0,4,46.0,0,0,0,0,0,0,0,0,0,0,0,0,0,0,0,0,0,0,0,0,0,0,9,2022,9
johnbates_was_2022_9,was_2022_9,johnbates_was_2022,was_2022,johnbates,42275,te,was,1,0,32,54.0,0,0,0,0,0,0,0,0,0,0,0,0,0,0,0,0,0,0,0,0,0,0,9,2022,9
juwanjohnson_no_2022_9,no_2022_9,juwanjohnson_no_2022,no_2022,juwanjohnson,28305,te,no,1,0,20,73.6,0,0,0,0,0,0,0,0,0,0,0,0,0,0,0,0,0,0,0,0,0,0,9,2022,9
ojhoward_hou_2022_9,hou_2022_9,ojhoward_hou_2022,hou_2022,ojhoward,11774,te,hou,1,0,13,73.3,0,0,0,0,0,0,0,0,0,0,0,0,0,0,0,0,0,0,0,0,0,0,9,2022,9
hunterlong_mia_2022_9,mia_2022_9,hunterlong_mia_2022,mia_2022,hunterlong,60859,te,mia,1,1,17,72.6,0,0,0,0,0,0,0,0,0,0,0,0,0,0,0,0,0,0,0,0,0,0,9,2022,9
treymcbride_ari_2022_9,ari_2022_9,treymcbride_ari_2022,ari_2022,treymcbride,75916,te,ari,1,0,1,58.9,0,0,0,0,0,0,0,0,0,0,0,0,0,0,0,0,0,0,0,0,0,0,9,2022,9
fostermoreau_lv_2022_9,lv_2022_9,fostermoreau_lv_2022,lv_2022,fostermoreau,47043,te,lv,1,0,23,24.3,0,0,0,0,0,0,0,0,0,0,0,0,0,0,0,0,0,0,0,0,0,0,9,2022,9
dietereiselen_chi_2022_9,chi_2022_9,dietereiselen_chi_2022,chi_2022,dietereiselen,109304,ol,chi,1,0,6,72.8,0,0,0,0,0,0,0,0,0,0,0,0,0,0,0,0,0,0,0,0,0,0,9,2022,9
marcedeslewis_gb_2022_9,gb_2022_9,marcedeslewis_gb_2022,gb_2022,marcedeslewis,2973,te,gb,1,0,12,73.3,0,0,0,0,0,0,0,0,0,0,0,0,0,0,0,0,0,0,0,0,0,0,9,2022,9
evanengram_jax_2022_9,jax_2022_9,evanengram_jax_2022,jax_2022,evanengram,11778,te,jax,1,0,15,68.5,0,0,0,0,0,0,0,0,0,0,0,0,0,0,0,0,0,0,0,0,0,0,9,2022,9
zachertz_ari_2022_9,ari_2022_9,zachertz_ari_2022,ari_2022,zachertz,7816,te,ari,1,0,1,76.8,0,0,0,0,0,0,0,0,0,0,0,0,0,0,0,0,0,0,0,0,0,0,9,2022,9
jonnusmith_ne_2022_9,ne_2022_9,jonnusmith_ne_2022,ne_2022,jonnusmith,11855,te,ne,1,0,19,20.0,0,0,0,0,0,0,0,0,0,0,0,0,0,0,0,0,0,0,0,0,0,0,9,2022,9
seanmckeon_dal_2022_9,dal_2022_9,seanmckeon_dal_2022,dal_2022,seanmckeon,42266,te,dal,1,0,9,72.1,0,0,0,0,0,0,0,0,0,0,0,0,0,0,0,0,0,0,0,0,0,0,9,2022,9
cjuzomah_nyj_2022_9,nyj_2022_9,cjuzomah_nyj_2022,nyj_2022,cjuzomah,9590,te,nyj,1,0,22,49.2,0,0,0,0,0,0,0,0,0,0,0,0,0,0,0,0,0,0,0,0,0,0,9,2022,9
ryangriffin_chi_2022_9,chi_2022_9,ryangriffin_chi_2022,chi_2022,ryangriffin,7982,te,chi,1,0,6,72.2,0,0,0,0,0,0,0,0,0,0,0,0,0,0,0,0,0,0,0,0,0,0,9,2022,9
iosuaopeta_phi_2022_9,phi_2022_9,iosuaopeta_phi_2022,phi_2022,iosuaopeta,45110,g,phi,1,0,24,0.0,0,0,0,0,0,0,0,0,0,0,0,0,0,0,0,0,0,0,0,0,0,0,9,2022,9
brevinjordan_hou_2022_9,hou_2022_9,brevinjordan_hou_2022,hou_2022,brevinjordan,77887,te,hou,1,0,13,69.3,0,0,0,0,0,0,0,0,0,0,0,0,0,0,0,0,0,0,0,0,0,0,9,2022,9
tylerkroft_sf_2022_9,sf_2022_9,tylerkroft_sf_2022,sf_2022,tylerkroft,9518,te,sf,1,0,28,71.0,0,0,0,0,0,0,0,0,0,0,0,0,0,0,0,0,0,0,0,0,0,0,9,2022,9
josholiver_bal_2022_9,bal_2022_9,josholiver_bal_2022,bal_2022,josholiver,47083,te,bal,1,0,3,70.6,0,0,0,0,0,0,0,0,0,0,0,0,0,0,0,0,0,0,0,0,0,0,9,2022,9
josiahdeguara_gb_2022_9,gb_2022_9,josiahdeguara_gb_2022,gb_2022,josiahdeguara,47034,te,gb,1,0,12,48.8,0,0,0,0,0,0,0,0,0,0,0,0,0,0,0,0,0,0,0,0,0,0,9,2022,9
hunterhenry_ne_2022_9,ne_2022_9,hunterhenry_ne_2022,ne_2022,hunterhenry,10669,te,ne,1,0,19,79.5,0,0,0,0,0,0,0,0,0,0,0,0,0,0,0,0,0,0,0,0,0,0,9,2022,9
chrismanhertz_jax_2022_9,jax_2022_9,chrismanhertz_jax_2022,jax_2022,chrismanhertz,10211,te,jax,1,0,15,71.4,0,0,0,0,0,0,0,0,0,0,0,0,0,0,0,0,0,0,0,0,0,0,9,2022,9
camjurgens_phi_2022_9,phi_2022_9,camjurgens_phi_2022,phi_2022,camjurgens,84014,ol,phi,1,0,24,71.1,0,0,0,0,0,0,0,0,0,0,0,0,0,0,0,0,0,0,0,0,0,0,9,2022,9
patfreiermuth_pit_2022_9,pit_2022_9,patfreiermuth_pit_2022,pit_2022,patfreiermuth,84085,te,pit,1,0,25,70.6,0,0,0,0,0,0,0,0,0,0,0,0,0,0,0,0,0,0,0,0,0,0,9,2022,9
loganthomas_was_2022_9,was_2022_9,loganthomas_was_2022,was_2022,loganthomas,8755,te,was,1,0,32,72.5,0,0,0,0,0,0,0,0,0,0,0,0,0,0,0,0,0,0,0,0,0,0,9,2022,9
jackdriscoll_phi_2022_9,phi_2022_9,jackdriscoll_phi_2022,phi_2022,jackdriscoll,27064,t,phi,1,0,24,71.9,0,0,0,0,0,0,0,0,0,0,0,0,0,0,0,0,0,0,0,0,0,0,9,2022,9
kylengranson_ind_2022_9,ind_2022_9,kylengranson_ind_2022,ind_2022,kylengranson,40630,te,ind,1,0,14,75.2,0,0,0,0,0,0,0,0,0,0,0,0,0,0,0,0,0,0,0,0,0,0,9,2022,9
tylerconklin_nyj_2022_9,nyj_2022_9,tylerconklin_nyj_2022,nyj_2022,tylerconklin,47124,te,nyj,1,0,22,70.7,0,0,0,0,0,0,0,0,0,0,0,0,0,0,0,0,0,0,0,0,0,0,9,2022,9
kokieft_tb_2022_9,tb_2022_9,kokieft_tb_2022,tb_2022,kokieft,41372,te,tb,1,0,30,71.3,0,0,0,0,0,0,0,0,0,0,0,0,0,0,0,0,0,0,0,0,0,0,9,2022,9
erictomlinson_den_2022_9,den_2022_9,erictomlinson_den_2022,den_2022,erictomlinson,9786,te,den,1,0,10,71.1,0,0,0,0,0,0,0,0,0,0,0,0,0,0,0,0,0,0,0,0,0,0,9,2022,9
pharaohbrown_cle_2022_9,cle_2022_9,pharaohbrown_cle_2022,cle_2022,pharaohbrown,12247,te,cle,1,0,8,48.5,0,0,0,0,0,0,0,0,0,0,0,0,0,0,0,0,0,0,0,0,0,0,9,2022,9
johnnymundt_min_2022_9,min_2022_9,johnnymundt_min_2022,min_2022,johnnymundt,12206,te,min,1,0,18,72.5,0,0,0,0,0,0,0,0,0,0,0,0,0,0,0,0,0,0,0,0,0,0,9,2022,9
andredillard_phi_2022_9,phi_2022_9,andredillard_phi_2022,phi_2022,andredillard,29250,t,phi,1,0,24,77.3,0,0,0,0,0,0,0,0,0,0,0,0,0,0,0,0,0,0,0,0,0,0,9,2022,9
quintinmorris_buf_2022_9,buf_2022_9,quintinmorris_buf_2022,buf_2022,quintinmorris,61182,te,buf,1,0,4,66.3,0,0,0,0,0,0,0,0,0,0,0,0,0,0,0,0,0,0,0,0,0,0,9,2022,9
geoffswaim_ten_2022_9,ten_2022_9,geoffswaim_ten_2022,ten_2022,geoffswaim,9679,te,ten,1,0,31,28.7,0,0,0,0,0,0,0,0,0,0,0,0,0,0,0,0,0,0,0,0,0,0,9,2022,9
bobbyhart_buf_2022_9,buf_2022_9,bobbyhart_buf_2022,buf_2022,bobbyhart,9659,g,buf,1,0,4,70.2,0,0,0,0,0,0,0,0,0,0,0,0,0,0,0,0,0,0,0,0,0,0,9,2022,9
tannerhudson_nyg_2022_9,nyg_2022_9,tannerhudson_nyg_2022,nyg_2022,tannerhudson,66924,te,nyg,1,0,21,26.1,0,0,0,0,0,0,0,0,0,0,0,0,0,0,0,0,0,0,0,0,0,0,9,2022,9
mycolepruitt_atl_2022_9,atl_2022_9,mycolepruitt_atl_2022,atl_2022,mycolepruitt,9576,te,atl,1,0,2,66.2,0,0,0,0,0,0,0,0,0,0,0,0,0,0,0,0,0,0,0,0,0,0,9,2022,9
jamesmitchell_det_2022_9,det_2022_9,jamesmitchell_det_2022,det_2022,jamesmitchell,77885,te,det,1,0,11,69.6,0,0,0,0,0,0,0,0,0,0,0,0,0,0,0,0,0,0,0,0,0,0,9,2022,9
joshwells_tb_2022_9,tb_2022_9,joshwells_tb_2022,tb_2022,joshwells,8968,t,tb,1,0,30,69.6,0,0,0,0,0,0,0,0,0,0,0,0,0,0,0,0,0,0,0,0,0,0,9,2022,9
armanirogers_was_2022_9,was_2022_9,armanirogers_was_2022,was_2022,armanirogers,40034,te,was,1,0,32,67.8,0,0,0,0,0,0,0,0,0,0,0,0,0,0,0,0,0,0,0,0,0,0,9,2022,9
charlieheck_hou_2022_9,hou_2022_9,charlieheck_hou_2022,hou_2022,charlieheck,36501,t,hou,1,0,13,69.8,0,0,0,0,0,0,0,0,0,0,0,0,0,0,0,0,0,0,0,0,0,0,9,2022,9
isaiahlikely_bal_2022_9,bal_2022_9,isaiahlikely_bal_2022,bal_2022,isaiahlikely,83955,te,bal,1,0,3,69.7,0,0,0,0,0,0,0,0,0,0,0,0,0,0,0,0,0,0,0,0,0,0,9,2022,9
kylepitts_atl_2022_9,atl_2022_9,kylepitts_atl_2022,atl_2022,kylepitts,83964,te,atl,1,0,2,70.2,0,0,0,0,0,0,0,0,0,0,0,0,0,0,0,0,0,0,0,0,0,0,9,2022,9
chigoziemokonkwo_ten_2022_9,ten_2022_9,chigoziemokonkwo_ten_2022,ten_2022,chigoziemokonkwo,84000,te,ten,1,0,31,28.2,0,0,0,0,0,0,0,0,0,0,0,0,0,0,0,0,0,0,0,0,0,0,9,2022,9
trentscott_pit_2022_9,pit_2022_9,trentscott_pit_2022,pit_2022,trentscott,24481,t,pit,1,0,25,69.6,0,0,0,0,0,0,0,0,0,0,0,0,0,0,0,0,0,0,0,0,0,0,9,2022,9
rossdwelley_sf_2022_9,sf_2022_9,rossdwelley_sf_2022,sf_2022,rossdwelley,20994,te,sf,1,0,28,37.3,0,0,0,0,0,0,0,0,0,0,0,0,0,0,0,0,0,0,0,0,0,0,9,2022,9
ericsaubert_den_2022_9,den_2022_9,ericsaubert_den_2022,den_2022,ericsaubert,11929,te,den,1,0,10,67.2,0,0,0,0,0,0,0,0,0,0,0,0,0,0,0,0,0,0,0,0,0,0,9,2022,9
dillonradunz_ten_2022_9,ten_2022_9,dillonradunz_ten_2022,ten_2022,dillonradunz,30551,g,ten,1,0,31,69.6,0,0,0,0,0,0,0,0,0,0,0,0,0,0,0,0,0,0,0,0,0,0,9,2022,9
jordanakins_hou_2022_9,hou_2022_9,jordanakins_hou_2022,hou_2022,jordanakins,47050,te,hou,1,0,13,61.6,0,0,0,0,0,0,0,0,0,0,0,0,0,0,0,0,0,0,0,0,0,0,9,2022,9
mikegesicki_mia_2022_9,mia_2022_9,mikegesicki_mia_2022,mia_2022,mikegesicki,47153,te,mia,1,0,17,65.4,0,0,0,0,0,0,0,0,0,0,0,0,0,0,0,0,0,0,0,0,0,0,9,2022,9
haydenhurst_cin_2022_9,cin_2022_9,haydenhurst_cin_2022,cin_2022,haydenhurst,47294,te,cin,1,0,7,73.4,0,0,0,0,0,0,0,0,0,0,0,0,0,0,0,0,0,0,0,0,0,0,9,2022,9
daltonschultz_dal_2022_9,dal_2022_9,daltonschultz_dal_2022,dal_2022,daltonschultz,47304,te,dal,1,0,9,69.8,0,0,0,0,0,0,0,0,0,0,0,0,0,0,0,0,0,0,0,0,0,0,9,2022,9
chrismyarick_nyg_2022_9,nyg_2022_9,chrismyarick_nyg_2022,nyg_2022,chrismyarick,47358,te,nyg,1,0,21,70.2,0,0,0,0,0,0,0,0,0,0,0,0,0,0,0,0,0,0,0,0,0,0,9,2022,9
tylerdavis_gb_2022_9,gb_2022_9,tylerdavis_gb_2022,gb_2022,tylerdavis,47743,te,gb,1,0,12,72.7,0,0,0,0,0,0,0,0,0,0,0,0,0,0,0,0,0,0,0,0,0,0,9,2022,9
lukefarrell_jax_2022_9,jax_2022_9,lukefarrell_jax_2022,jax_2022,lukefarrell,42353,te,jax,1,0,15,70.2,0,0,0,0,0,0,0,0,0,0,0,0,0,0,0,0,0,0,0,0,0,0,9,2022,9
jpholtz_no_2022_9,no_2022_9,jpholtz_no_2022,no_2022,jpholtz,11062,te,no,1,0,20,69.8,0,0,0,0,0,0,0,0,0,0,0,0,0,0,0,0,0,0,0,0,0,0,9,2022,9
nickvannett_no_2022_9,no_2022_9,nickvannett_no_2022,no_2022,nickvannett,10728,te,no,1,0,20,70.2,0,0,0,0,0,0,0,0,0,0,0,0,0,0,0,0,0,0,0,0,0,0,9,2022,9
austinhooper_ten_2022_9,ten_2022_9,austinhooper_ten_2022,ten_2022,austinhooper,10715,te,ten,1,0,31,26.0,0,0,0,0,0,0,0,0,0,0,0,0,0,0,0,0,0,0,0,0,0,0,9,2022,9
peytonhendershot_dal_2022_9,dal_2022_9,peytonhendershot_dal_2022,dal_2022,peytonhendershot,60915,te,dal,1,0,9,65.8,0,0,0,0,0,0,0,0,0,0,0,0,0,0,0,0,0,0,0,0,0,0,9,2022,9
grantcalcaterra_phi_2022_9,phi_2022_9,grantcalcaterra_phi_2022,phi_2022,grantcalcaterra,60997,te,phi,1,0,24,76.1,0,0,0,0,0,0,0,0,0,0,0,0,0,0,0,0,0,0,0,0,0,0,9,2022,9
cadeotton_tb_2022_9,tb_2022_9,cadeotton_tb_2022,tb_2022,cadeotton,61071,te,tb,1,0,30,69.8,0,0,0,0,0,0,0,0,0,0,0,0,0,0,0,0,0,0,0,0,0,0,9,2022,9
moaliecox_ind_2022_9,ind_2022_9,moaliecox_ind_2022,ind_2022,moaliecox,12078,te,ind,1,0,14,65.6,0,0,0,0,0,0,0,0,0,0,0,0,0,0,0,0,0,0,0,0,0,0,9,2022,9
