p_id,unique_team_id,player_team_id,team_id_impute,player,numeric_id,position,team_name,player_game_count,declined_penalties,franchise_id,gap_grades_run_block,gap_run_block_percent,gap_snap_counts_run_block,gap_snap_counts_run_block_percent,gap_snap_counts_run_play,grades_run_block,penalties,run_block_percent,snap_counts_run_block,snap_counts_run_play,zone_grades_run_block,zone_run_block_percent,zone_snap_counts_run_block,zone_snap_counts_run_block_percent,zone_snap_counts_run_play,week,year,plyr_number
larryborom_chi_2022_9,chi_2022_9,larryborom_chi_2022,chi_2022,larryborom,59879,t,chi,1,0,6,63.1,0,0,0,0,0,0,0,0,0,0,0,0,0,0,9,2022,9
saahdiqcharles_was_2022_9,was_2022_9,saahdiqcharles_was_2022,was_2022,saahdiqcharles,59820,g,was,1,0,32,53.7,0,0,0,0,0,0,0,0,0,0,0,0,0,0,9,2022,9
cameronfleming_den_2022_9,den_2022_9,cameronfleming_den_2022,den_2022,cameronfleming,8775,t,den,1,0,10,59.4,0,0,0,0,0,0,0,0,0,0,0,0,0,0,9,2022,9
djhumphries_ari_2022_9,ari_2022_9,djhumphries_ari_2022,ari_2022,djhumphries,9457,t,ari,1,0,1,61.1,0,0,0,0,0,0,0,0,0,0,0,0,0,0,9,2022,9
ajcann_hou_2022_9,hou_2022_9,ajcann_hou_2022,hou_2022,ajcann,9500,g,hou,1,0,13,50.7,0,0,0,0,0,0,0,0,0,0,0,0,0,0,9,2022,9
treysmith_kc_2022_9,kc_2022_9,treysmith_kc_2022,kc_2022,treysmith,62960,g,kc,1,0,16,66.7,0,0,0,0,0,0,0,0,0,0,0,0,0,0,9,2022,9
joethuney_kc_2022_9,kc_2022_9,joethuney_kc_2022,kc_2022,joethuney,10712,g,kc,1,0,16,75.2,0,0,0,0,0,0,0,0,0,0,0,0,0,0,9,2022,9
noahgray_kc_2022_9,kc_2022_9,noahgray_kc_2022,kc_2022,noahgray,60878,te,kc,1,0,16,55.3,0,0,0,0,0,0,0,0,0,0,0,0,0,0,9,2022,9
orlandobrownjr_kc_2022_9,kc_2022_9,orlandobrownjr_kc_2022,kc_2022,orlandobrownjr,46227,t,kc,1,0,16,56.4,0,0,0,0,0,0,0,0,0,0,0,0,0,0,9,2022,9
andrewwylie_kc_2022_9,kc_2022_9,andrewwylie_kc_2022,kc_2022,andrewwylie,12333,t,kc,1,0,16,68.1,0,0,0,0,0,0,0,0,0,0,0,0,0,0,9,2022,9
creedhumphrey_kc_2022_9,kc_2022_9,creedhumphrey_kc_2022,kc_2022,creedhumphrey,59996,ol,kc,1,0,16,59.0,0,0,0,0,0,0,0,0,0,0,0,0,0,0,9,2022,9
davidnjoku_cle_2022_9,cle_2022_9,davidnjoku_cle_2022,cle_2022,davidnjoku,11784,te,cle,1,0,8,56.0,0,0,0,0,0,0,0,0,0,0,0,0,0,0,9,2022,9
traviskelce_kc_2022_9,kc_2022_9,traviskelce_kc_2022,kc_2022,traviskelce,7844,te,kc,1,0,16,58.6,0,0,0,0,0,0,0,0,0,0,0,0,0,0,9,2022,9
jakecurhan_sea_2022_9,sea_2022_9,jakecurhan_sea_2022,sea_2022,jakecurhan,38549,g,sea,1,0,29,52.9,0,0,0,0,0,0,0,0,0,0,0,0,0,0,9,2022,9
elgtonjenkins_gb_2022_9,gb_2022_9,elgtonjenkins_gb_2022,gb_2022,elgtonjenkins,46298,t,gb,1,0,12,48.1,0,0,0,0,0,0,0,0,0,0,0,0,0,0,9,2022,9
joefortson_kc_2022_9,kc_2022_9,joefortson_kc_2022,kc_2022,joefortson,94384,te,kc,1,0,16,57.2,0,0,0,0,0,0,0,0,0,0,0,0,0,0,9,2022,9
mattfeiler_lac_2022_9,lac_2022_9,mattfeiler_lac_2022,lac_2022,mattfeiler,9289,g,lac,1,0,27,59.8,0,0,0,0,0,0,0,0,0,0,0,0,0,0,9,2022,9
coreylinsley_lac_2022_9,lac_2022_9,coreylinsley_lac_2022,lac_2022,coreylinsley,8796,ol,lac,1,1,27,60.0,0,0,0,0,0,0,0,0,0,0,0,0,0,0,9,2022,9
zionjohnson_lac_2022_9,lac_2022_9,zionjohnson_lac_2022,lac_2022,zionjohnson,99681,g,lac,1,0,27,66.0,0,0,0,0,0,0,0,0,0,0,0,0,0,0,9,2022,9
jamareesalyer_lac_2022_9,lac_2022_9,jamareesalyer_lac_2022,lac_2022,jamareesalyer,81656,t,lac,1,0,27,60.0,0,0,0,0,0,0,0,0,0,0,0,0,0,0,9,2022,9
coleturner_was_2022_9,was_2022_9,coleturner_was_2022,was_2022,coleturner,84330,te,was,1,0,32,55.8,0,0,0,0,0,0,0,0,0,0,0,0,0,0,9,2022,9
treypipkins_lac_2022_9,lac_2022_9,treypipkins_lac_2022,lac_2022,treypipkins,91462,t,lac,1,0,27,46.2,0,0,0,0,0,0,0,0,0,0,0,0,0,0,9,2022,9
deveryhamilton_nyg_2022_9,nyg_2022_9,deveryhamilton_nyg_2022,nyg_2022,deveryhamilton,40636,t,nyg,1,0,21,65.0,0,0,0,0,0,0,0,0,0,0,0,0,0,0,9,2022,9
tremckitty_lac_2022_9,lac_2022_9,tremckitty_lac_2022,lac_2022,tremckitty,60896,te,lac,1,0,27,60.0,0,0,0,0,0,0,0,0,0,0,0,0,0,0,9,2022,9
danskipper_det_2022_9,det_2022_9,danskipper_det_2022,det_2022,danskipper,12307,g,det,1,0,11,55.3,0,0,0,0,0,0,0,0,0,0,0,0,0,0,9,2022,9
geraldeverett_lac_2022_9,lac_2022_9,geraldeverett_lac_2022,lac_2022,geraldeverett,11799,te,lac,1,0,27,54.7,0,0,0,0,0,0,0,0,0,0,0,0,0,0,9,2022,9
colevanlanen_jax_2022_9,jax_2022_9,colevanlanen_jax_2022,jax_2022,colevanlanen,41583,g,jax,1,0,15,59.0,0,0,0,0,0,0,0,0,0,0,0,0,0,0,9,2022,9
geronchristiansr_kc_2022_9,kc_2022_9,geronchristiansr_kc_2022,kc_2022,geronchristiansr,46375,t,kc,1,0,16,60.0,0,0,0,0,0,0,0,0,0,0,0,0,0,0,9,2022,9
princetegawanogho_kc_2022_9,kc_2022_9,princetegawanogho_kc_2022,kc_2022,princetegawanogho,44820,t,kc,1,0,16,59.9,0,0,0,0,0,0,0,0,0,0,0,0,0,0,9,2022,9
nickallegretti_kc_2022_9,kc_2022_9,nickallegretti_kc_2022,kc_2022,nickallegretti,39268,g,kc,1,0,16,60.0,0,0,0,0,0,0,0,0,0,0,0,0,0,0,9,2022,9
evanneal_nyg_2022_9,nyg_2022_9,evanneal_nyg_2022,nyg_2022,evanneal,99063,t,nyg,1,0,21,57.8,0,0,0,0,0,0,0,0,0,0,0,0,0,0,9,2022,9
walkerlittle_jax_2022_9,jax_2022_9,walkerlittle_jax_2022,jax_2022,walkerlittle,52287,t,jax,1,0,15,56.5,0,0,0,0,0,0,0,0,0,0,0,0,0,0,9,2022,9
kennyyeboah_nyj_2022_9,nyj_2022_9,kennyyeboah_nyj_2022,nyj_2022,kennyyeboah,42196,te,nyj,1,0,22,60.0,0,0,0,0,0,0,0,0,0,0,0,0,0,0,9,2022,9
lewiskidd_no_2022_9,no_2022_9,lewiskidd_no_2022,no_2022,lewiskidd,59892,g,no,1,0,20,60.0,0,0,0,0,0,0,0,0,0,0,0,0,0,0,9,2022,9
richardrodgers_lac_2022_9,lac_2022_9,richardrodgers_lac_2022,lac_2022,richardrodgers,8733,te,lac,1,0,27,,0,0,0,0,0,0,0,0,0,0,0,0,0,0,9,2022,9
dannypinter_ind_2022_9,ind_2022_9,dannypinter_ind_2022,ind_2022,dannypinter,47339,g,ind,1,0,14,60.0,0,0,0,0,0,0,0,0,0,0,0,0,0,0,9,2022,9
jackconklin_cle_2022_9,cle_2022_9,jackconklin_cle_2022,cle_2022,jackconklin,10642,t,cle,1,0,8,52.1,0,0,0,0,0,0,0,0,0,0,0,0,0,0,9,2022,9
ethanpocic_cle_2022_9,cle_2022_9,ethanpocic_cle_2022,cle_2022,ethanpocic,11813,ol,cle,1,0,8,62.5,0,0,0,0,0,0,0,0,0,0,0,0,0,0,9,2022,9
jedrickwillsjr_cle_2022_9,cle_2022_9,jedrickwillsjr_cle_2022,cle_2022,jedrickwillsjr,58467,t,cle,1,0,8,74.3,0,0,0,0,0,0,0,0,0,0,0,0,0,0,9,2022,9
joelbitonio_cle_2022_9,cle_2022_9,joelbitonio_cle_2022,cle_2022,joelbitonio,8670,g,cle,1,0,8,71.2,0,0,0,0,0,0,0,0,0,0,0,0,0,0,9,2022,9
hjaltefroholdt_cle_2022_9,cle_2022_9,hjaltefroholdt_cle_2022,cle_2022,hjaltefroholdt,44959,g,cle,1,0,8,52.3,0,0,0,0,0,0,0,0,0,0,0,0,0,0,9,2022,9
natedavis_ten_2022_9,ten_2022_9,natedavis_ten_2022,ten_2022,natedavis,46808,g,ten,1,0,31,46.9,0,0,0,0,0,0,0,0,0,0,0,0,0,0,9,2022,9
nicholaspetitfrere_ten_2022_9,ten_2022_9,nicholaspetitfrere_ten_2022,ten_2022,nicholaspetitfrere,82003,t,ten,1,0,31,41.6,0,0,0,0,0,0,0,0,0,0,0,0,0,0,9,2022,9
aaronbrewer_ten_2022_9,ten_2022_9,aaronbrewer_ten_2022,ten_2022,aaronbrewer,46014,g,ten,1,1,31,64.2,0,0,0,0,0,0,0,0,0,0,0,0,0,0,9,2022,9
dennisdaley_ten_2022_9,ten_2022_9,dennisdaley_ten_2022,ten_2022,dennisdaley,60063,t,ten,1,0,31,49.5,0,0,0,0,0,0,0,0,0,0,0,0,0,0,9,2022,9
benjones_ten_2022_9,ten_2022_9,benjones_ten_2022,ten_2022,benjones,7099,ol,ten,1,0,31,58.3,0,0,0,0,0,0,0,0,0,0,0,0,0,0,9,2022,9
michaelschofieldiii_chi_2022_9,chi_2022_9,michaelschofieldiii_chi_2022,chi_2022,michaelschofieldiii,8730,g,chi,1,0,6,41.7,0,0,0,0,0,0,0,0,0,0,0,0,0,0,9,2022,9
rileyreiff_chi_2022_9,chi_2022_9,rileyreiff_chi_2022,chi_2022,rileyreiff,7029,t,chi,1,0,6,53.1,0,0,0,0,0,0,0,0,0,0,0,0,0,0,9,2022,9
braxtonjones_chi_2022_9,chi_2022_9,braxtonjones_chi_2022,chi_2022,braxtonjones,60092,t,chi,1,0,6,54.5,0,0,0,0,0,0,0,0,0,0,0,0,0,0,9,2022,9
sammustipher_chi_2022_9,chi_2022_9,sammustipher_chi_2022,chi_2022,sammustipher,13026,ol,chi,1,0,6,55.8,0,0,0,0,0,0,0,0,0,0,0,0,0,0,9,2022,9
tevenjenkins_chi_2022_9,chi_2022_9,tevenjenkins_chi_2022,chi_2022,tevenjenkins,41534,g,chi,1,0,6,60.7,0,0,0,0,0,0,0,0,0,0,0,0,0,0,9,2022,9
colekmet_chi_2022_9,chi_2022_9,colekmet_chi_2022,chi_2022,colekmet,60995,te,chi,1,0,6,49.5,0,0,0,0,0,0,0,0,0,0,0,0,0,0,9,2022,9
ikemekwonu_car_2022_9,car_2022_9,ikemekwonu_car_2022,car_2022,ikemekwonu,98286,t,car,1,1,5,58.6,0,0,0,0,0,0,0,0,0,0,0,0,0,0,9,2022,9
austincorbett_car_2022_9,car_2022_9,austincorbett_car_2022,car_2022,austincorbett,46290,g,car,1,0,5,65.6,0,0,0,0,0,0,0,0,0,0,0,0,0,0,9,2022,9
bradychristensen_car_2022_9,car_2022_9,bradychristensen_car_2022,car_2022,bradychristensen,51985,g,car,1,0,5,68.1,0,0,0,0,0,0,0,0,0,0,0,0,0,0,9,2022,9
taylormoton_car_2022_9,car_2022_9,taylormoton_car_2022,car_2022,taylormoton,11819,t,car,1,0,5,74.5,0,0,0,0,0,0,0,0,0,0,0,0,0,0,9,2022,9
bradleybozeman_car_2022_9,car_2022_9,bradleybozeman_car_2022,car_2022,bradleybozeman,27934,ol,car,1,0,5,58.3,0,0,0,0,0,0,0,0,0,0,0,0,0,0,9,2022,9
jakematthews_atl_2022_9,atl_2022_9,jakematthews_atl_2022,atl_2022,jakematthews,8641,t,atl,1,0,2,74.8,0,0,0,0,0,0,0,0,0,0,0,0,0,0,9,2022,9
kalebmcgary_atl_2022_9,atl_2022_9,kalebmcgary_atl_2022,atl_2022,kalebmcgary,46912,t,atl,1,0,2,78.3,0,0,0,0,0,0,0,0,0,0,0,0,0,0,9,2022,9
drewdalman_atl_2022_9,atl_2022_9,drewdalman_atl_2022,atl_2022,drewdalman,52270,ol,atl,1,0,2,45.9,0,0,0,0,0,0,0,0,0,0,0,0,0,0,9,2022,9
chrislindstrom_atl_2022_9,atl_2022_9,chrislindstrom_atl_2022,atl_2022,chrislindstrom,46692,g,atl,1,0,2,73.4,0,0,0,0,0,0,0,0,0,0,0,0,0,0,9,2022,9
geoffswaim_ten_2022_9,ten_2022_9,geoffswaim_ten_2022,ten_2022,geoffswaim,9679,te,ten,1,0,31,64.2,0,0,0,0,0,0,0,0,0,0,0,0,0,0,9,2022,9
harrisonbryant_cle_2022_9,cle_2022_9,harrisonbryant_cle_2022,cle_2022,harrisonbryant,26394,te,cle,1,0,8,48.1,0,0,0,0,0,0,0,0,0,0,0,0,0,0,9,2022,9
jawaantaylor_jax_2022_9,jax_2022_9,jawaantaylor_jax_2022,jax_2022,jawaantaylor,41665,t,jax,1,0,15,41.0,0,0,0,0,0,0,0,0,0,0,0,0,0,0,9,2022,9
tylershatley_jax_2022_9,jax_2022_9,tylershatley_jax_2022,jax_2022,tylershatley,9257,g,jax,1,0,15,64.2,0,0,0,0,0,0,0,0,0,0,0,0,0,0,9,2022,9
lukefortner_jax_2022_9,jax_2022_9,lukefortner_jax_2022,jax_2022,lukefortner,42028,ol,jax,1,0,15,56.2,0,0,0,0,0,0,0,0,0,0,0,0,0,0,9,2022,9
brandonscherff_jax_2022_9,jax_2022_9,brandonscherff_jax_2022,jax_2022,brandonscherff,9438,g,jax,1,0,15,53.0,0,0,0,0,0,0,0,0,0,0,0,0,0,0,9,2022,9
camrobinson_jax_2022_9,jax_2022_9,camrobinson_jax_2022,jax_2022,camrobinson,11789,t,jax,1,0,15,34.9,0,0,0,0,0,0,0,0,0,0,0,0,0,0,9,2022,9
jamesferentz_ne_2022_9,ne_2022_9,jamesferentz_ne_2022,ne_2022,jamesferentz,9258,ol,ne,1,0,19,54.9,0,0,0,0,0,0,0,0,0,0,0,0,0,0,9,2022,9
trentbrown_ne_2022_9,ne_2022_9,trentbrown_ne_2022,ne_2022,trentbrown,9677,t,ne,1,0,19,43.0,0,0,0,0,0,0,0,0,0,0,0,0,0,0,9,2022,9
cesarruiz_no_2022_9,no_2022_9,cesarruiz_no_2022,no_2022,cesarruiz,59857,g,no,1,0,20,68.5,0,0,0,0,0,0,0,0,0,0,0,0,0,0,9,2022,9
michaelonwenu_ne_2022_9,ne_2022_9,michaelonwenu_ne_2022,ne_2022,michaelonwenu,27357,g,ne,1,0,19,70.2,0,0,0,0,0,0,0,0,0,0,0,0,0,0,9,2022,9
erikmccoy_no_2022_9,no_2022_9,erikmccoy_no_2022,no_2022,erikmccoy,37347,ol,no,1,0,20,67.2,0,0,0,0,0,0,0,0,0,0,0,0,0,0,9,2022,9
jameshurst_no_2022_9,no_2022_9,jameshurst_no_2022,no_2022,jameshurst,9001,t,no,1,0,20,51.3,0,0,0,0,0,0,0,0,0,0,0,0,0,0,9,2022,9
ryanramczyk_no_2022_9,no_2022_9,ryanramczyk_no_2022,no_2022,ryanramczyk,11787,t,no,1,0,20,75.6,0,0,0,0,0,0,0,0,0,0,0,0,0,0,9,2022,9
andruspeat_no_2022_9,no_2022_9,andruspeat_no_2022,no_2022,andruspeat,9446,g,no,1,0,20,50.8,0,0,0,0,0,0,0,0,0,0,0,0,0,0,9,2022,9
benpowers_bal_2022_9,bal_2022_9,benpowers_bal_2022,bal_2022,benpowers,41482,g,bal,1,0,3,53.4,0,0,0,0,0,0,0,0,0,0,0,0,0,0,9,2022,9
tylerlinderbaum_bal_2022_9,bal_2022_9,tylerlinderbaum_bal_2022,bal_2022,tylerlinderbaum,82291,ol,bal,1,0,3,68.7,0,0,0,0,0,0,0,0,0,0,0,0,0,0,9,2022,9
kevinzeitler_bal_2022_9,bal_2022_9,kevinzeitler_bal_2022,bal_2022,kevinzeitler,7032,g,bal,1,0,3,52.5,0,0,0,0,0,0,0,0,0,0,0,0,0,0,9,2022,9
ronniestanley_bal_2022_9,bal_2022_9,ronniestanley_bal_2022,bal_2022,ronniestanley,10640,t,bal,1,0,3,45.6,0,0,0,0,0,0,0,0,0,0,0,0,0,0,9,2022,9
morganmoses_bal_2022_9,bal_2022_9,morganmoses_bal_2022,bal_2022,morganmoses,8701,t,bal,1,0,3,70.8,0,0,0,0,0,0,0,0,0,0,0,0,0,0,9,2022,9
tylersmith_dal_2022_9,dal_2022_9,tylersmith_dal_2022,dal_2022,tylersmith,98385,t,dal,1,0,9,47.7,0,0,0,0,0,0,0,0,0,0,0,0,0,0,9,2022,9
joshmyers_gb_2022_9,gb_2022_9,joshmyers_gb_2022,gb_2022,joshmyers,59992,ol,gb,1,0,12,71.6,0,0,0,0,0,0,0,0,0,0,0,0,0,0,9,2022,9
evanengram_jax_2022_9,jax_2022_9,evanengram_jax_2022,jax_2022,evanengram,11778,te,jax,1,0,15,42.1,0,0,0,0,0,0,0,0,0,0,0,0,0,0,9,2022,9
terencesteele_dal_2022_9,dal_2022_9,terencesteele_dal_2022,dal_2022,terencesteele,39461,t,dal,1,0,9,49.4,0,0,0,0,0,0,0,0,0,0,0,0,0,0,9,2022,9
yoshnijman_gb_2022_9,gb_2022_9,yoshnijman_gb_2022,gb_2022,yoshnijman,60822,t,gb,1,0,12,53.6,0,0,0,0,0,0,0,0,0,0,0,0,0,0,9,2022,9
zackmartin_dal_2022_9,dal_2022_9,zackmartin_dal_2022,dal_2022,zackmartin,8651,g,dal,1,0,9,55.7,0,0,0,0,0,0,0,0,0,0,0,0,0,0,9,2022,9
tylerbiadasz_dal_2022_9,dal_2022_9,tylerbiadasz_dal_2022,dal_2022,tylerbiadasz,41178,ol,dal,1,0,9,72.5,0,0,0,0,0,0,0,0,0,0,0,0,0,0,9,2022,9
zachtom_gb_2022_9,gb_2022_9,zachtom_gb_2022,gb_2022,zachtom,55443,g,gb,1,0,12,66.1,0,0,0,0,0,0,0,0,0,0,0,0,0,0,9,2022,9
jonrunyan_gb_2022_9,gb_2022_9,jonrunyan_gb_2022,gb_2022,jonrunyan,36661,g,gb,1,0,12,55.2,0,0,0,0,0,0,0,0,0,0,0,0,0,0,9,2022,9
davidbakhtiari_gb_2022_9,gb_2022_9,davidbakhtiari_gb_2022,gb_2022,davidbakhtiari,7891,t,gb,1,0,12,66.1,0,0,0,0,0,0,0,0,0,0,0,0,0,0,9,2022,9
ianthomas_car_2022_9,car_2022_9,ianthomas_car_2022,car_2022,ianthomas,42130,te,car,1,0,5,48.5,0,0,0,0,0,0,0,0,0,0,0,0,0,0,9,2022,9
brianoneill_min_2022_9,min_2022_9,brianoneill_min_2022,min_2022,brianoneill,46854,t,min,1,0,18,48.1,0,0,0,0,0,0,0,0,0,0,0,0,0,0,9,2022,9
mattpryor_ind_2022_9,ind_2022_9,mattpryor_ind_2022,ind_2022,mattpryor,46647,t,ind,1,0,14,52.1,0,0,0,0,0,0,0,0,0,0,0,0,0,0,9,2022,9
colestrange_ne_2022_9,ne_2022_9,colestrange_ne_2022,ne_2022,colestrange,22976,g,ne,1,0,19,59.5,0,0,0,0,0,0,0,0,0,0,0,0,0,0,9,2022,9
bradensmith_ind_2022_9,ind_2022_9,bradensmith_ind_2022,ind_2022,bradensmith,46794,t,ind,1,0,14,68.0,0,0,0,0,0,0,0,0,0,0,0,0,0,0,9,2022,9
edingram_min_2022_9,min_2022_9,edingram_min_2022,min_2022,edingram,59819,g,min,1,0,18,61.7,0,0,0,0,0,0,0,0,0,0,0,0,0,0,9,2022,9
denniskelly_ind_2022_9,ind_2022_9,denniskelly_ind_2022,ind_2022,denniskelly,7146,t,ind,1,0,14,65.1,0,0,0,0,0,0,0,0,0,0,0,0,0,0,9,2022,9
quentonnelson_ind_2022_9,ind_2022_9,quentonnelson_ind_2022,ind_2022,quentonnelson,12954,g,ind,1,0,14,52.5,0,0,0,0,0,0,0,0,0,0,0,0,0,0,9,2022,9
garrettbradbury_min_2022_9,min_2022_9,garrettbradbury_min_2022,min_2022,garrettbradbury,46013,ol,min,1,0,18,59.5,0,0,0,0,0,0,0,0,0,0,0,0,0,0,9,2022,9
ezracleveland_min_2022_9,min_2022_9,ezracleveland_min_2022,min_2022,ezracleveland,41973,g,min,1,0,18,64.4,0,0,0,0,0,0,0,0,0,0,0,0,0,0,9,2022,9
ryankelly_ind_2022_9,ind_2022_9,ryankelly_ind_2022,ind_2022,ryankelly,10652,ol,ind,1,0,14,55.7,0,0,0,0,0,0,0,0,0,0,0,0,0,0,9,2022,9
christiandarrisaw_min_2022_9,min_2022_9,christiandarrisaw_min_2022,min_2022,christiandarrisaw,77373,t,min,1,0,18,54.3,0,0,0,0,0,0,0,0,0,0,0,0,0,0,9,2022,9
calvinanderson_den_2022_9,den_2022_9,calvinanderson_den_2022,den_2022,calvinanderson,46247,t,den,1,0,10,55.0,0,0,0,0,0,0,0,0,0,0,0,0,0,0,9,2022,9
daltonrisner_den_2022_9,den_2022_9,daltonrisner_den_2022,den_2022,daltonrisner,47008,g,den,1,0,10,57.0,0,0,0,0,0,0,0,0,0,0,0,0,0,0,9,2022,9
billyturner_den_2022_9,den_2022_9,billyturner_den_2022,den_2022,billyturner,8702,t,den,1,0,10,57.6,0,0,0,0,0,0,0,0,0,0,0,0,0,0,9,2022,9
terronarmstead_mia_2022_9,mia_2022_9,terronarmstead_mia_2022,mia_2022,terronarmstead,7856,t,mia,1,0,17,58.8,0,0,0,0,0,0,0,0,0,0,0,0,0,0,9,2022,9
quinnmeinerz_den_2022_9,den_2022_9,quinnmeinerz_den_2022,den_2022,quinnmeinerz,112915,g,den,1,0,10,70.9,0,0,0,0,0,0,0,0,0,0,0,0,0,0,9,2022,9
connorwilliams_mia_2022_9,mia_2022_9,connorwilliams_mia_2022,mia_2022,connorwilliams,46216,ol,mia,1,0,17,71.9,0,0,0,0,0,0,0,0,0,0,0,0,0,0,9,2022,9
brandonshell_mia_2022_9,mia_2022_9,brandonshell_mia_2022,mia_2022,brandonshell,10792,t,mia,1,0,17,79.9,0,0,0,0,0,0,0,0,0,0,0,0,0,0,9,2022,9
roberthunt_mia_2022_9,mia_2022_9,roberthunt_mia_2022,mia_2022,roberthunt,46139,g,mia,1,0,17,58.4,0,0,0,0,0,0,0,0,0,0,0,0,0,0,9,2022,9
nickvannett_no_2022_9,no_2022_9,nickvannett_no_2022,no_2022,nickvannett,10728,te,no,1,0,20,56.0,0,0,0,0,0,0,0,0,0,0,0,0,0,0,9,2022,9
davidquessenberry_buf_2022_9,buf_2022_9,davidquessenberry_buf_2022,buf_2022,davidquessenberry,7957,t,buf,1,0,4,65.3,0,0,0,0,0,0,0,0,0,0,0,0,0,0,9,2022,9
joshuaezeudu_nyg_2022_9,nyg_2022_9,joshuaezeudu_nyg_2022,nyg_2022,joshuaezeudu,77355,g,nyg,1,0,21,60.1,0,0,0,0,0,0,0,0,0,0,0,0,0,0,9,2022,9
mitchmorse_buf_2022_9,buf_2022_9,mitchmorse_buf_2022,buf_2022,mitchmorse,9482,ol,buf,1,0,4,58.2,0,0,0,0,0,0,0,0,0,0,0,0,0,0,9,2022,9
jonfeliciano_nyg_2022_9,nyg_2022_9,jonfeliciano_nyg_2022,nyg_2022,jonfeliciano,9561,ol,nyg,1,0,21,63.0,0,0,0,0,0,0,0,0,0,0,0,0,0,0,9,2022,9
markglowinski_nyg_2022_9,nyg_2022_9,markglowinski_nyg_2022,nyg_2022,markglowinski,9567,g,nyg,1,0,21,53.7,0,0,0,0,0,0,0,0,0,0,0,0,0,0,9,2022,9
tyrephillips_nyg_2022_9,nyg_2022_9,tyrephillips_nyg_2022,nyg_2022,tyrephillips,59874,t,nyg,1,0,21,61.9,0,0,0,0,0,0,0,0,0,0,0,0,0,0,9,2022,9
andrewthomas_nyg_2022_9,nyg_2022_9,andrewthomas_nyg_2022,nyg_2022,andrewthomas,59701,t,nyg,1,0,21,51.5,0,0,0,0,0,0,0,0,0,0,0,0,0,0,9,2022,9
diondawkins_buf_2022_9,buf_2022_9,diondawkins_buf_2022,buf_2022,diondawkins,11818,t,buf,1,0,4,48.5,0,0,0,0,0,0,0,0,0,0,0,0,0,0,9,2022,9
ryanbates_buf_2022_9,buf_2022_9,ryanbates_buf_2022,buf_2022,ryanbates,28300,g,buf,1,0,4,58.2,0,0,0,0,0,0,0,0,0,0,0,0,0,0,9,2022,9
juwanjohnson_no_2022_9,no_2022_9,juwanjohnson_no_2022,no_2022,juwanjohnson,28305,te,no,1,0,20,59.3,0,0,0,0,0,0,0,0,0,0,0,0,0,0,9,2022,9
georgekittle_sf_2022_9,sf_2022_9,georgekittle_sf_2022,sf_2022,georgekittle,11901,te,sf,1,0,28,51.6,0,0,0,0,0,0,0,0,0,0,0,0,0,0,9,2022,9
jonnusmith_ne_2022_9,ne_2022_9,jonnusmith_ne_2022,ne_2022,jonnusmith,11855,te,ne,1,0,19,47.9,0,0,0,0,0,0,0,0,0,0,0,0,0,0,9,2022,9
jakebrendel_sf_2022_9,sf_2022_9,jakebrendel_sf_2022,sf_2022,jakebrendel,11117,ol,sf,1,0,28,52.5,0,0,0,0,0,0,0,0,0,0,0,0,0,0,9,2022,9
mikemcglinchey_sf_2022_9,sf_2022_9,mikemcglinchey_sf_2022,sf_2022,mikemcglinchey,46275,t,sf,1,0,28,50.3,0,0,0,0,0,0,0,0,0,0,0,0,0,0,9,2022,9
trentwilliams_sf_2022_9,sf_2022_9,trentwilliams_sf_2022,sf_2022,trentwilliams,5529,t,sf,1,0,28,73.6,0,0,0,0,0,0,0,0,0,0,0,0,0,0,9,2022,9
rodgersaffold_buf_2022_9,buf_2022_9,rodgersaffold_buf_2022,buf_2022,rodgersaffold,5558,g,buf,1,0,4,61.2,0,0,0,0,0,0,0,0,0,0,0,0,0,0,9,2022,9
aaronbanks_sf_2022_9,sf_2022_9,aaronbanks_sf_2022,sf_2022,aaronbanks,59983,g,sf,1,0,28,54.0,0,0,0,0,0,0,0,0,0,0,0,0,0,0,9,2022,9
abrahamlucas_sea_2022_9,sea_2022_9,abrahamlucas_sea_2022,sea_2022,abrahamlucas,60218,t,sea,1,0,29,42.4,0,0,0,0,0,0,0,0,0,0,0,0,0,0,9,2022,9
charlescross_sea_2022_9,sea_2022_9,charlescross_sea_2022,sea_2022,charlescross,98401,t,sea,1,0,29,50.0,0,0,0,0,0,0,0,0,0,0,0,0,0,0,9,2022,9
damienlewis_sea_2022_9,sea_2022_9,damienlewis_sea_2022,sea_2022,damienlewis,81532,g,sea,1,0,29,50.1,0,0,0,0,0,0,0,0,0,0,0,0,0,0,9,2022,9
dawsonknox_buf_2022_9,buf_2022_9,dawsonknox_buf_2022,buf_2022,dawsonknox,35883,te,buf,1,0,4,59.4,0,0,0,0,0,0,0,0,0,0,0,0,0,0,9,2022,9
hunterhenry_ne_2022_9,ne_2022_9,hunterhenry_ne_2022,ne_2022,hunterhenry,10669,te,ne,1,0,19,57.0,0,0,0,0,0,0,0,0,0,0,0,0,0,0,9,2022,9
kylepitts_atl_2022_9,atl_2022_9,kylepitts_atl_2022,atl_2022,kylepitts,83964,te,atl,1,0,2,48.2,0,0,0,0,0,0,0,0,0,0,0,0,0,0,9,2022,9
corneliuslucas_was_2022_9,was_2022_9,corneliuslucas_was_2022,was_2022,corneliuslucas,9025,t,was,1,0,32,46.8,0,0,0,0,0,0,0,0,0,0,0,0,0,0,9,2022,9
johnnymundt_min_2022_9,min_2022_9,johnnymundt_min_2022,min_2022,johnnymundt,12206,te,min,1,1,18,54.2,0,0,0,0,0,0,0,0,0,0,0,0,0,0,9,2022,9
willdissly_sea_2022_9,sea_2022_9,willdissly_sea_2022,sea_2022,willdissly,30762,te,sea,1,0,29,58.1,0,0,0,0,0,0,0,0,0,0,0,0,0,0,9,2022,9
traiturner_was_2022_9,was_2022_9,traiturner_was_2022,was_2022,traiturner,8727,g,was,1,0,32,62.7,0,0,0,0,0,0,0,0,0,0,0,0,0,0,9,2022,9
austinhooper_ten_2022_9,ten_2022_9,austinhooper_ten_2022,ten_2022,austinhooper,10715,te,ten,1,0,31,52.1,0,0,0,0,0,0,0,0,0,0,0,0,0,0,9,2022,9
tylerlarsen_was_2022_9,was_2022_9,tylerlarsen_was_2022,was_2022,tylerlarsen,9304,ol,was,1,0,32,62.6,0,0,0,0,0,0,0,0,0,0,0,0,0,0,9,2022,9
charleslenojr_was_2022_9,was_2022_9,charleslenojr_was_2022,was_2022,charleslenojr,8880,t,was,1,0,32,86.2,0,0,0,0,0,0,0,0,0,0,0,0,0,0,9,2022,9
andrewnorwell_was_2022_9,was_2022_9,andrewnorwell_was_2022,was_2022,andrewnorwell,9126,g,was,1,0,32,76.1,0,0,0,0,0,0,0,0,0,0,0,0,0,0,9,2022,9
daltonschultz_dal_2022_9,dal_2022_9,daltonschultz_dal_2022,dal_2022,daltonschultz,47304,te,dal,1,0,9,41.4,0,0,0,0,0,0,0,0,0,0,0,0,0,0,9,2022,9
roberttonyan_gb_2022_9,gb_2022_9,roberttonyan_gb_2022,gb_2022,roberttonyan,12193,te,gb,1,0,12,59.1,0,0,0,0,0,0,0,0,0,0,0,0,0,0,9,2022,9
chrismyarick_nyg_2022_9,nyg_2022_9,chrismyarick_nyg_2022,nyg_2022,chrismyarick,47358,te,nyg,1,0,21,54.3,0,0,0,0,0,0,0,0,0,0,0,0,0,0,9,2022,9
josholiver_bal_2022_9,bal_2022_9,josholiver_bal_2022,bal_2022,josholiver,47083,te,bal,1,0,3,55.4,0,0,0,0,0,0,0,0,0,0,0,0,0,0,9,2022,9
tommytremble_car_2022_9,car_2022_9,tommytremble_car_2022,car_2022,tommytremble,84025,te,car,1,0,5,59.0,0,0,0,0,0,0,0,0,0,0,0,0,0,0,9,2022,9
chrismanhertz_jax_2022_9,jax_2022_9,chrismanhertz_jax_2022,jax_2022,chrismanhertz,10211,te,jax,1,0,15,51.6,0,0,0,0,0,0,0,0,0,0,0,0,0,0,9,2022,9
odayaboushi_lar_2022_9,lar_2022_9,odayaboushi_lar_2022,lar_2022,odayaboushi,7923,g,lar,1,0,26,75.1,0,0,0,0,0,0,0,0,0,0,0,0,0,0,9,2022,9
brianallen_lar_2022_9,lar_2022_9,brianallen_lar_2022,lar_2022,brianallen,46104,ol,lar,1,0,26,67.4,0,0,0,0,0,0,0,0,0,0,0,0,0,0,9,2022,9
bobbyevans_lar_2022_9,lar_2022_9,bobbyevans_lar_2022,lar_2022,bobbyevans,36800,g,lar,1,0,26,54.6,0,0,0,0,0,0,0,0,0,0,0,0,0,0,9,2022,9
alaricjackson_lar_2022_9,lar_2022_9,alaricjackson_lar_2022,lar_2022,alaricjackson,40972,g,lar,1,0,26,68.2,0,0,0,0,0,0,0,0,0,0,0,0,0,0,9,2022,9
michaeldunn_cle_2022_9,cle_2022_9,michaeldunn_cle_2022,cle_2022,michaeldunn,39676,t,cle,1,0,8,64.8,0,0,0,0,0,0,0,0,0,0,0,0,0,0,9,2022,9
pharaohbrown_cle_2022_9,cle_2022_9,pharaohbrown_cle_2022,cle_2022,pharaohbrown,12247,te,cle,1,0,8,56.6,0,0,0,0,0,0,0,0,0,0,0,0,0,0,9,2022,9
robhavenstein_lar_2022_9,lar_2022_9,robhavenstein_lar_2022,lar_2022,robhavenstein,9490,t,lar,1,0,26,69.3,0,0,0,0,0,0,0,0,0,0,0,0,0,0,9,2022,9
chukwumaokorafor_pit_2022_9,pit_2022_9,chukwumaokorafor_pit_2022,pit_2022,chukwumaokorafor,46302,t,pit,1,0,25,47.0,0,0,0,0,0,0,0,0,0,0,0,0,0,0,9,2022,9
kevindotson_pit_2022_9,pit_2022_9,kevindotson_pit_2022,pit_2022,kevindotson,46735,g,pit,1,0,25,57.5,0,0,0,0,0,0,0,0,0,0,0,0,0,0,9,2022,9
danmoorejr_pit_2022_9,pit_2022_9,danmoorejr_pit_2022,pit_2022,danmoorejr,60120,t,pit,1,0,25,61.0,0,0,0,0,0,0,0,0,0,0,0,0,0,0,9,2022,9
jamesdaniels_pit_2022_9,pit_2022_9,jamesdaniels_pit_2022,pit_2022,jamesdaniels,45576,g,pit,1,0,25,67.4,0,0,0,0,0,0,0,0,0,0,0,0,0,0,9,2022,9
masoncole_pit_2022_9,pit_2022_9,masoncole_pit_2022,pit_2022,masoncole,45547,ol,pit,1,0,25,68.9,0,0,0,0,0,0,0,0,0,0,0,0,0,0,9,2022,9
peneisewell_det_2022_9,det_2022_9,peneisewell_det_2022,det_2022,peneisewell,81788,t,det,1,0,11,72.9,0,0,0,0,0,0,0,0,0,0,0,0,0,0,9,2022,9
jonahjackson_det_2022_9,det_2022_9,jonahjackson_det_2022,det_2022,jonahjackson,37070,g,det,1,0,11,56.9,0,0,0,0,0,0,0,0,0,0,0,0,0,0,9,2022,9
evanbrown_det_2022_9,det_2022_9,evanbrown_det_2022,det_2022,evanbrown,38709,g,det,1,0,11,60.3,0,0,0,0,0,0,0,0,0,0,0,0,0,0,9,2022,9
taylordecker_det_2022_9,det_2022_9,taylordecker_det_2022,det_2022,taylordecker,10650,t,det,1,0,11,58.1,0,0,0,0,0,0,0,0,0,0,0,0,0,0,9,2022,9
jordanmailata_phi_2022_9,phi_2022_9,jordanmailata_phi_2022,phi_2022,jordanmailata,66916,t,phi,1,0,24,61.6,0,0,0,0,0,0,0,0,0,0,0,0,0,0,9,2022,9
kylengranson_ind_2022_9,ind_2022_9,kylengranson_ind_2022,ind_2022,kylengranson,40630,te,ind,1,0,14,38.6,0,0,0,0,0,0,0,0,0,0,0,0,0,0,9,2022,9
frankragnow_det_2022_9,det_2022_9,frankragnow_det_2022,det_2022,frankragnow,39137,ol,det,1,0,11,66.2,0,0,0,0,0,0,0,0,0,0,0,0,0,0,9,2022,9
durhamsmythe_mia_2022_9,mia_2022_9,durhamsmythe_mia_2022,mia_2022,durhamsmythe,47257,te,mia,1,0,17,69.9,0,0,0,0,0,0,0,0,0,0,0,0,0,0,9,2022,9
laremytunsil_hou_2022_9,hou_2022_9,laremytunsil_hou_2022,hou_2022,laremytunsil,10647,t,hou,1,0,13,67.5,0,0,0,0,0,0,0,0,0,0,0,0,0,0,9,2022,9
kenyongreen_hou_2022_9,hou_2022_9,kenyongreen_hou_2022,hou_2022,kenyongreen,99052,g,hou,1,0,13,70.2,0,0,0,0,0,0,0,0,0,0,0,0,0,0,9,2022,9
willhernandez_ari_2022_9,ari_2022_9,willhernandez_ari_2022,ari_2022,willhernandez,46180,g,ari,1,0,1,51.4,0,0,0,0,0,0,0,0,0,0,0,0,0,0,9,2022,9
scottquessenberry_hou_2022_9,hou_2022_9,scottquessenberry_hou_2022,hou_2022,scottquessenberry,23918,ol,hou,1,0,13,60.3,0,0,0,0,0,0,0,0,0,0,0,0,0,0,9,2022,9
tytushoward_hou_2022_9,hou_2022_9,tytushoward_hou_2022,hou_2022,tytushoward,25472,t,hou,1,0,13,68.9,0,0,0,0,0,0,0,0,0,0,0,0,0,0,9,2022,9
kelvinbeachum_ari_2022_9,ari_2022_9,kelvinbeachum_ari_2022,ari_2022,kelvinbeachum,7229,t,ari,1,0,1,54.4,0,0,0,0,0,0,0,0,0,0,0,0,0,0,9,2022,9
billyprice_ari_2022_9,ari_2022_9,billyprice_ari_2022,ari_2022,billyprice,46795,ol,ari,1,0,1,61.7,0,0,0,0,0,0,0,0,0,0,0,0,0,0,9,2022,9
codyford_ari_2022_9,ari_2022_9,codyford_ari_2022,ari_2022,codyford,39805,g,ari,1,0,1,47.9,0,0,0,0,0,0,0,0,0,0,0,0,0,0,9,2022,9
gregdulcich_den_2022_9,den_2022_9,gregdulcich_den_2022,den_2022,gregdulcich,84068,te,den,1,0,10,57.1,0,0,0,0,0,0,0,0,0,0,0,0,0,0,9,2022,9
joshjones_ari_2022_9,ari_2022_9,joshjones_ari_2022,ari_2022,joshjones,26634,t,ari,1,0,1,67.3,0,0,0,0,0,0,0,0,0,0,0,0,0,0,9,2022,9
parkerhesse_atl_2022_9,atl_2022_9,parkerhesse_atl_2022,atl_2022,parkerhesse,48369,te,atl,1,0,2,68.8,0,0,0,0,0,0,0,0,0,0,0,0,0,0,9,2022,9
kylefuller_sea_2022_9,sea_2022_9,kylefuller_sea_2022,sea_2022,kylefuller,11998,ol,sea,1,0,29,62.5,0,0,0,0,0,0,0,0,0,0,0,0,0,0,9,2022,9
cedricogbuehi_nyj_2022_9,nyj_2022_9,cedricogbuehi_nyj_2022,nyj_2022,cedricogbuehi,9454,t,nyj,1,0,22,45.2,0,0,0,0,0,0,0,0,0,0,0,0,0,0,9,2022,9
chigoziemokonkwo_ten_2022_9,ten_2022_9,chigoziemokonkwo_ten_2022,ten_2022,chigoziemokonkwo,84000,te,ten,1,0,31,86.2,0,0,0,0,0,0,0,0,0,0,0,0,0,0,9,2022,9
lakentomlinson_nyj_2022_9,nyj_2022_9,lakentomlinson_nyj_2022,nyj_2022,lakentomlinson,9461,g,nyj,1,0,22,75.0,0,0,0,0,0,0,0,0,0,0,0,0,0,0,9,2022,9
jakeferguson_dal_2022_9,dal_2022_9,jakeferguson_dal_2022,dal_2022,jakeferguson,61081,te,dal,1,0,9,68.3,0,0,0,0,0,0,0,0,0,0,0,0,0,0,9,2022,9
marcedeslewis_gb_2022_9,gb_2022_9,marcedeslewis_gb_2022,gb_2022,marcedeslewis,2973,te,gb,1,0,12,62.0,0,0,0,0,0,0,0,0,0,0,0,0,0,0,9,2022,9
nateherbig_nyj_2022_9,nyj_2022_9,nateherbig_nyj_2022,nyj_2022,nateherbig,28844,g,nyj,1,0,22,68.5,0,0,0,0,0,0,0,0,0,0,0,0,0,0,9,2022,9
noahfant_sea_2022_9,sea_2022_9,noahfant_sea_2022,sea_2022,noahfant,42388,te,sea,1,0,29,58.4,0,0,0,0,0,0,0,0,0,0,0,0,0,0,9,2022,9
connormcgovern_nyj_2022_9,nyj_2022_9,connormcgovern_nyj_2022,nyj_2022,connormcgovern,10778,ol,nyj,1,0,22,60.2,0,0,0,0,0,0,0,0,0,0,0,0,0,0,9,2022,9
tylerhigbee_lar_2022_9,lar_2022_9,tylerhigbee_lar_2022,lar_2022,tylerhigbee,10744,te,lar,1,0,26,53.1,0,0,0,0,0,0,0,0,0,0,0,0,0,0,9,2022,9
trevonwesco_chi_2022_9,chi_2022_9,trevonwesco_chi_2022,chi_2022,trevonwesco,42018,te,chi,1,0,6,59.9,0,0,0,0,0,0,0,0,0,0,0,0,0,0,9,2022,9
duanebrown_nyj_2022_9,nyj_2022_9,duanebrown_nyj_2022,nyj_2022,duanebrown,4340,t,nyj,1,0,22,60.4,0,0,0,0,0,0,0,0,0,0,0,0,0,0,9,2022,9
tjhockenson_det_2022_9,det_2022_9,tjhockenson_det_2022,det_2022,tjhockenson,40912,te,det,1,0,11,57.3,0,0,0,0,0,0,0,0,0,0,0,0,0,0,9,2022,9
donovansmith_tb_2022_9,tb_2022_9,donovansmith_tb_2022,tb_2022,donovansmith,9467,t,tb,1,0,30,44.1,0,0,0,0,0,0,0,0,0,0,0,0,0,0,9,2022,9
shaqmason_tb_2022_9,tb_2022_9,shaqmason_tb_2022,tb_2022,shaqmason,9564,g,tb,1,0,30,70.5,0,0,0,0,0,0,0,0,0,0,0,0,0,0,9,2022,9
grahamglasgow_den_2022_9,den_2022_9,grahamglasgow_den_2022,den_2022,grahamglasgow,10729,g,den,1,0,10,65.7,0,0,0,0,0,0,0,0,0,0,0,0,0,0,9,2022,9
moaliecox_ind_2022_9,ind_2022_9,moaliecox_ind_2022,ind_2022,moaliecox,12078,te,ind,1,0,14,59.1,0,0,0,0,0,0,0,0,0,0,0,0,0,0,9,2022,9
nickleverett_tb_2022_9,tb_2022_9,nickleverett_tb_2022,tb_2022,nickleverett,27699,g,tb,1,0,30,73.6,0,0,0,0,0,0,0,0,0,0,0,0,0,0,9,2022,9
landondickerson_phi_2022_9,phi_2022_9,landondickerson_phi_2022,phi_2022,landondickerson,41712,g,phi,1,0,24,58.4,0,0,0,0,0,0,0,0,0,0,0,0,0,0,9,2022,9
jackstoll_phi_2022_9,phi_2022_9,jackstoll_phi_2022,phi_2022,jackstoll,42058,te,phi,1,0,24,48.9,0,0,0,0,0,0,0,0,0,0,0,0,0,0,9,2022,9
fostermoreau_lv_2022_9,lv_2022_9,fostermoreau_lv_2022,lv_2022,fostermoreau,47043,te,lv,1,0,23,38.9,0,0,0,0,0,0,0,0,0,0,0,0,0,0,9,2022,9
roberthainsey_tb_2022_9,tb_2022_9,roberthainsey_tb_2022,tb_2022,roberthainsey,59980,ol,tb,1,0,30,65.6,0,0,0,0,0,0,0,0,0,0,0,0,0,0,9,2022,9
tristanwirfs_tb_2022_9,tb_2022_9,tristanwirfs_tb_2022,tb_2022,tristanwirfs,64818,t,tb,1,0,30,62.3,0,0,0,0,0,0,0,0,0,0,0,0,0,0,9,2022,9
isaiahwynn_ne_2022_9,ne_2022_9,isaiahwynn_ne_2022,ne_2022,isaiahwynn,46048,t,ne,1,0,19,56.6,0,0,0,0,0,0,0,0,0,0,0,0,0,0,9,2022,9
josiahdeguara_gb_2022_9,gb_2022_9,josiahdeguara_gb_2022,gb_2022,josiahdeguara,47034,te,gb,1,0,12,55.6,0,0,0,0,0,0,0,0,0,0,0,0,0,0,9,2022,9
spencerburford_sf_2022_9,sf_2022_9,spencerburford_sf_2022,sf_2022,spencerburford,81920,g,sf,1,0,28,49.1,0,0,0,0,0,0,0,0,0,0,0,0,0,0,9,2022,9
cjuzomah_nyj_2022_9,nyj_2022_9,cjuzomah_nyj_2022,nyj_2022,cjuzomah,9590,te,nyj,1,0,22,81.0,0,0,0,0,0,0,0,0,0,0,0,0,0,0,9,2022,9
koltonmiller_lv_2022_9,lv_2022_9,koltonmiller_lv_2022,lv_2022,koltonmiller,47013,t,lv,1,0,23,74.5,0,0,0,0,0,0,0,0,0,0,0,0,0,0,9,2022,9
andrejames_lv_2022_9,lv_2022_9,andrejames_lv_2022,lv_2022,andrejames,47058,ol,lv,1,0,23,44.4,0,0,0,0,0,0,0,0,0,0,0,0,0,0,9,2022,9
dylanparham_lv_2022_9,lv_2022_9,dylanparham_lv_2022,lv_2022,dylanparham,60953,g,lv,1,0,23,72.3,0,0,0,0,0,0,0,0,0,0,0,0,0,0,9,2022,9
erictomlinson_den_2022_9,den_2022_9,erictomlinson_den_2022,den_2022,erictomlinson,9786,te,den,1,0,10,63.5,0,0,0,0,0,0,0,0,0,0,0,0,0,0,9,2022,9
alexbars_lv_2022_9,lv_2022_9,alexbars_lv_2022,lv_2022,alexbars,47018,g,lv,1,0,23,45.0,0,0,0,0,0,0,0,0,0,0,0,0,0,0,9,2022,9
philhaynes_sea_2022_9,sea_2022_9,philhaynes_sea_2022,sea_2022,philhaynes,29244,g,sea,1,0,29,46.1,0,0,0,0,0,0,0,0,0,0,0,0,0,0,9,2022,9
loganthomas_was_2022_9,was_2022_9,loganthomas_was_2022,was_2022,loganthomas,8755,te,was,1,0,32,54.7,0,0,0,0,0,0,0,0,0,0,0,0,0,0,9,2022,9
johnbates_was_2022_9,was_2022_9,johnbates_was_2022,was_2022,johnbates,42275,te,was,1,0,32,51.8,0,0,0,0,0,0,0,0,0,0,0,0,0,0,9,2022,9
cadeotton_tb_2022_9,tb_2022_9,cadeotton_tb_2022,tb_2022,cadeotton,61071,te,tb,1,0,30,64.8,0,0,0,0,0,0,0,0,0,0,0,0,0,0,9,2022,9
tannerhudson_nyg_2022_9,nyg_2022_9,tannerhudson_nyg_2022,nyg_2022,tannerhudson,66924,te,nyg,1,0,21,40.5,0,0,0,0,0,0,0,0,0,0,0,0,0,0,9,2022,9
isaiahlikely_bal_2022_9,bal_2022_9,isaiahlikely_bal_2022,bal_2022,isaiahlikely,83955,te,bal,1,0,3,73.2,0,0,0,0,0,0,0,0,0,0,0,0,0,0,9,2022,9
jasonkelce_phi_2022_9,phi_2022_9,jasonkelce_phi_2022,phi_2022,jasonkelce,6343,ol,phi,1,0,24,59.9,0,0,0,0,0,0,0,0,0,0,0,0,0,0,9,2022,9
lanejohnson_phi_2022_9,phi_2022_9,lanejohnson_phi_2022,phi_2022,lanejohnson,7786,t,phi,1,0,24,60.0,0,0,0,0,0,0,0,0,0,0,0,0,0,0,9,2022,9
ojhoward_hou_2022_9,hou_2022_9,ojhoward_hou_2022,hou_2022,ojhoward,11774,te,hou,1,0,13,59.9,0,0,0,0,0,0,0,0,0,0,0,0,0,0,9,2022,9
isaacseumalo_phi_2022_9,phi_2022_9,isaacseumalo_phi_2022,phi_2022,isaacseumalo,10713,g,phi,1,0,24,59.4,0,0,0,0,0,0,0,0,0,0,0,0,0,0,9,2022,9
rossdwelley_sf_2022_9,sf_2022_9,rossdwelley_sf_2022,sf_2022,rossdwelley,20994,te,sf,1,0,28,59.8,0,0,0,0,0,0,0,0,0,0,0,0,0,0,9,2022,9
danarnold_jax_2022_9,jax_2022_9,danarnold_jax_2022,jax_2022,danarnold,51842,te,jax,1,0,15,47.0,0,0,0,0,0,0,0,0,0,0,0,0,0,0,9,2022,9
zachertz_ari_2022_9,ari_2022_9,zachertz_ari_2022,ari_2022,zachertz,7816,te,ari,1,0,1,39.6,0,0,0,0,0,0,0,0,0,0,0,0,0,0,9,2022,9
jpholtz_no_2022_9,no_2022_9,jpholtz_no_2022,no_2022,jpholtz,11062,te,no,1,0,20,33.0,0,0,0,0,0,0,0,0,0,0,0,0,0,0,9,2022,9
brockwright_det_2022_9,det_2022_9,brockwright_det_2022,det_2022,brockwright,60994,te,det,1,0,11,46.9,0,0,0,0,0,0,0,0,0,0,0,0,0,0,9,2022,9
seanmckeon_dal_2022_9,dal_2022_9,seanmckeon_dal_2022,dal_2022,seanmckeon,42266,te,dal,1,0,9,53.6,0,0,0,0,0,0,0,0,0,0,0,0,0,0,9,2022,9
tylerconklin_nyj_2022_9,nyj_2022_9,tylerconklin_nyj_2022,nyj_2022,tylerconklin,47124,te,nyj,1,0,22,69.9,0,0,0,0,0,0,0,0,0,0,0,0,0,0,9,2022,9
lloydcushenberryiii_den_2022_9,den_2022_9,lloydcushenberryiii_den_2022,den_2022,lloydcushenberryiii,41924,ol,den,1,0,10,60.0,0,0,0,0,0,0,0,0,0,0,0,0,0,0,9,2022,9
zachgentry_pit_2022_9,pit_2022_9,zachgentry_pit_2022,pit_2022,zachgentry,36049,te,pit,1,0,25,59.5,0,0,0,0,0,0,0,0,0,0,0,0,0,0,9,2022,9
brevinjordan_hou_2022_9,hou_2022_9,brevinjordan_hou_2022,hou_2022,brevinjordan,77887,te,hou,1,0,13,57.2,0,0,0,0,0,0,0,0,0,0,0,0,0,0,9,2022,9
danielbrunskill_sf_2022_9,sf_2022_9,danielbrunskill_sf_2022,sf_2022,danielbrunskill,34807,g,sf,1,0,28,56.9,0,0,0,0,0,0,0,0,0,0,0,0,0,0,9,2022,9
jonahwilliams_cin_2022_9,cin_2022_9,jonahwilliams_cin_2022,cin_2022,jonahwilliams,41651,t,cin,1,0,7,75.7,0,0,0,0,0,0,0,0,0,0,0,0,0,0,9,2022,9
kevinrader_ten_2022_9,ten_2022_9,kevinrader_ten_2022,ten_2022,kevinrader,30887,te,ten,1,0,31,58.5,0,0,0,0,0,0,0,0,0,0,0,0,0,0,9,2022,9
cordellvolson_cin_2022_9,cin_2022_9,cordellvolson_cin_2022,cin_2022,cordellvolson,30614,g,cin,1,0,7,72.7,0,0,0,0,0,0,0,0,0,0,0,0,0,0,9,2022,9
robertjones_mia_2022_9,mia_2022_9,robertjones_mia_2022,mia_2022,robertjones,100786,g,mia,1,0,17,60.0,0,0,0,0,0,0,0,0,0,0,0,0,0,0,9,2022,9
alexcappa_cin_2022_9,cin_2022_9,alexcappa_cin_2022,cin_2022,alexcappa,66578,g,cin,1,0,7,57.9,0,0,0,0,0,0,0,0,0,0,0,0,0,0,9,2022,9
tylerkroft_sf_2022_9,sf_2022_9,tylerkroft_sf_2022,sf_2022,tylerkroft,9518,te,sf,1,0,28,58.3,0,0,0,0,0,0,0,0,0,0,0,0,0,0,9,2022,9
mycolepruitt_atl_2022_9,atl_2022_9,mycolepruitt_atl_2022,atl_2022,mycolepruitt,9576,te,atl,1,0,2,57.6,0,0,0,0,0,0,0,0,0,0,0,0,0,0,9,2022,9
laelcollins_cin_2022_9,cin_2022_9,laelcollins_cin_2022,cin_2022,laelcollins,9719,t,cin,1,0,7,68.0,0,0,0,0,0,0,0,0,0,0,0,0,0,0,9,2022,9
tedkarras_cin_2022_9,cin_2022_9,tedkarras_cin_2022,cin_2022,tedkarras,10855,ol,cin,1,0,7,66.8,0,0,0,0,0,0,0,0,0,0,0,0,0,0,9,2022,9
colbyparkinson_sea_2022_9,sea_2022_9,colbyparkinson_sea_2022,sea_2022,colbyparkinson,52266,te,sea,1,0,29,45.2,0,0,0,0,0,0,0,0,0,0,0,0,0,0,9,2022,9
jermaineeluemunor_lv_2022_9,lv_2022_9,jermaineeluemunor_lv_2022,lv_2022,jermaineeluemunor,11914,t,lv,1,0,23,58.6,0,0,0,0,0,0,0,0,0,0,0,0,0,0,9,2022,9
dallasgoedert_phi_2022_9,phi_2022_9,dallasgoedert_phi_2022,phi_2022,dallasgoedert,47272,te,phi,1,0,24,72.5,0,0,0,0,0,0,0,0,0,0,0,0,0,0,9,2022,9
irvsmithjr_min_2022_9,min_2022_9,irvsmithjr_min_2022,min_2022,irvsmithjr,42060,te,min,1,0,18,50.6,0,0,0,0,0,0,0,0,0,0,0,0,0,0,9,2022,9
camjurgens_phi_2022_9,phi_2022_9,camjurgens_phi_2022,phi_2022,camjurgens,84014,ol,phi,1,0,24,58.9,0,0,0,0,0,0,0,0,0,0,0,0,0,0,9,2022,9
jackdriscoll_phi_2022_9,phi_2022_9,jackdriscoll_phi_2022,phi_2022,jackdriscoll,27064,t,phi,1,0,24,58.3,0,0,0,0,0,0,0,0,0,0,0,0,0,0,9,2022,9
grantcalcaterra_phi_2022_9,phi_2022_9,grantcalcaterra_phi_2022,phi_2022,grantcalcaterra,60997,te,phi,1,0,24,58.1,0,0,0,0,0,0,0,0,0,0,0,0,0,0,9,2022,9
bobbyhart_buf_2022_9,buf_2022_9,bobbyhart_buf_2022,buf_2022,bobbyhart,9659,g,buf,1,0,4,56.6,0,0,0,0,0,0,0,0,0,0,0,0,0,0,9,2022,9
andredillard_phi_2022_9,phi_2022_9,andredillard_phi_2022,phi_2022,andredillard,29250,t,phi,1,0,24,55.5,0,0,0,0,0,0,0,0,0,0,0,0,0,0,9,2022,9
iosuaopeta_phi_2022_9,phi_2022_9,iosuaopeta_phi_2022,phi_2022,iosuaopeta,45110,g,phi,1,0,24,47.2,0,0,0,0,0,0,0,0,0,0,0,0,0,0,9,2022,9
gabejackson_sea_2022_9,sea_2022_9,gabejackson_sea_2022,sea_2022,gabejackson,8716,g,sea,1,0,29,56.0,0,0,0,0,0,0,0,0,0,0,0,0,0,0,9,2022,9
peytonhendershot_dal_2022_9,dal_2022_9,peytonhendershot_dal_2022,dal_2022,peytonhendershot,60915,te,dal,1,0,9,79.0,0,0,0,0,0,0,0,0,0,0,0,0,0,0,9,2022,9
ericsaubert_den_2022_9,den_2022_9,ericsaubert_den_2022,den_2022,ericsaubert,11929,te,den,1,0,10,48.8,0,0,0,0,0,0,0,0,0,0,0,0,0,0,9,2022,9
hunterlong_mia_2022_9,mia_2022_9,hunterlong_mia_2022,mia_2022,hunterlong,60859,te,mia,1,0,17,60.0,0,0,0,0,0,0,0,0,0,0,0,0,0,0,9,2022,9
lawrencecager_nyg_2022_9,nyg_2022_9,lawrencecager_nyg_2022,nyg_2022,lawrencecager,34914,te,nyg,1,0,21,56.0,0,0,0,0,0,0,0,0,0,0,0,0,0,0,9,2022,9
lukefarrell_jax_2022_9,jax_2022_9,lukefarrell_jax_2022,jax_2022,lukefarrell,42353,te,jax,1,0,15,58.7,0,0,0,0,0,0,0,0,0,0,0,0,0,0,9,2022,9
jasonpeters_dal_2022_9,dal_2022_9,jasonpeters_dal_2022,dal_2022,jasonpeters,2148,g,dal,1,0,9,57.9,0,0,0,0,0,0,0,0,0,0,0,0,0,0,9,2022,9
treymcbride_ari_2022_9,ari_2022_9,treymcbride_ari_2022,ari_2022,treymcbride,75916,te,ari,1,0,1,54.2,0,0,0,0,0,0,0,0,0,0,0,0,0,0,9,2022,9
patfreiermuth_pit_2022_9,pit_2022_9,patfreiermuth_pit_2022,pit_2022,patfreiermuth,84085,te,pit,1,0,25,60.0,0,0,0,0,0,0,0,0,0,0,0,0,0,0,9,2022,9
austinblythe_sea_2022_9,sea_2022_9,austinblythe_sea_2022,sea_2022,austinblythe,10882,ol,sea,1,0,29,66.3,0,0,0,0,0,0,0,0,0,0,0,0,0,0,9,2022,9
mikegesicki_mia_2022_9,mia_2022_9,mikegesicki_mia_2022,mia_2022,mikegesicki,47153,te,mia,1,0,17,60.0,0,0,0,0,0,0,0,0,0,0,0,0,0,0,9,2022,9
nickboyle_bal_2022_9,bal_2022_9,nickboyle_bal_2022,bal_2022,nickboyle,9604,te,bal,1,0,3,45.0,0,0,0,0,0,0,0,0,0,0,0,0,0,0,9,2022,9
armanirogers_was_2022_9,was_2022_9,armanirogers_was_2022,was_2022,armanirogers,40034,te,was,1,0,32,74.8,0,0,0,0,0,0,0,0,0,0,0,0,0,0,9,2022,9
kokieft_tb_2022_9,tb_2022_9,kokieft_tb_2022,tb_2022,kokieft,41372,te,tb,1,0,30,51.2,0,0,0,0,0,0,0,0,0,0,0,0,0,0,9,2022,9
quintinmorris_buf_2022_9,buf_2022_9,quintinmorris_buf_2022,buf_2022,quintinmorris,61182,te,buf,1,0,4,58.8,0,0,0,0,0,0,0,0,0,0,0,0,0,0,9,2022,9
mitchellwilcox_cin_2022_9,cin_2022_9,mitchellwilcox_cin_2022,cin_2022,mitchellwilcox,47234,te,cin,1,0,7,56.6,0,0,0,0,0,0,0,0,0,0,0,0,0,0,9,2022,9
jelaniwoods_ind_2022_9,ind_2022_9,jelaniwoods_ind_2022,ind_2022,jelaniwoods,60509,te,ind,1,0,14,54.7,0,0,0,0,0,0,0,0,0,0,0,0,0,0,9,2022,9
nickgates_nyg_2022_9,nyg_2022_9,nickgates_nyg_2022,nyg_2022,nickgates,29476,ol,nyg,1,0,21,57.1,0,0,0,0,0,0,0,0,0,0,0,0,0,0,9,2022,9
jameshudson_cle_2022_9,cle_2022_9,jameshudson_cle_2022,cle_2022,jameshudson,59854,t,cle,1,0,8,75.5,0,0,0,0,0,0,0,0,0,0,0,0,0,0,9,2022,9
haydenhurst_cin_2022_9,cin_2022_9,haydenhurst_cin_2022,cin_2022,haydenhurst,47294,te,cin,1,0,7,59.1,0,0,0,0,0,0,0,0,0,0,0,0,0,0,9,2022,9
connorheyward_pit_2022_9,pit_2022_9,connorheyward_pit_2022,pit_2022,connorheyward,57301,te,pit,1,0,25,60.0,0,0,0,0,0,0,0,0,0,0,0,0,0,0,9,2022,9
thayermunford_lv_2022_9,lv_2022_9,thayermunford_lv_2022,lv_2022,thayermunford,59994,t,lv,1,0,23,57.0,0,0,0,0,0,0,0,0,0,0,0,0,0,0,9,2022,9
dietereiselen_chi_2022_9,chi_2022_9,dietereiselen_chi_2022,chi_2022,dietereiselen,109304,ol,chi,1,0,6,60.0,0,0,0,0,0,0,0,0,0,0,0,0,0,0,9,2022,9
giovanniricci_car_2022_9,car_2022_9,giovanniricci_car_2022,car_2022,giovanniricci,13756,te,car,1,0,5,59.0,0,0,0,0,0,0,0,0,0,0,0,0,0,0,9,2022,9
brycenhopkins_lar_2022_9,lar_2022_9,brycenhopkins_lar_2022,lar_2022,brycenhopkins,47338,te,lar,1,0,26,,0,0,0,0,0,0,0,0,0,0,0,0,0,0,9,2022,9
charliewoerner_sf_2022_9,sf_2022_9,charliewoerner_sf_2022,sf_2022,charliewoerner,42257,te,sf,1,0,28,65.6,0,0,0,0,0,0,0,0,0,0,0,0,0,0,9,2022,9
ryangriffin_chi_2022_9,chi_2022_9,ryangriffin_chi_2022,chi_2022,ryangriffin,7982,te,chi,1,0,6,,0,0,0,0,0,0,0,0,0,0,0,0,0,0,9,2022,9
landonyoung_no_2022_9,no_2022_9,landonyoung_no_2022,no_2022,landonyoung,41761,t,no,1,0,20,56.1,0,0,0,0,0,0,0,0,0,0,0,0,0,0,9,2022,9
tannerconner_mia_2022_9,mia_2022_9,tannerconner_mia_2022,mia_2022,tannerconner,22777,te,mia,1,0,17,,0,0,0,0,0,0,0,0,0,0,0,0,0,0,9,2022,9
joshwells_tb_2022_9,tb_2022_9,joshwells_tb_2022,tb_2022,joshwells,8968,t,tb,1,0,30,54.7,0,0,0,0,0,0,0,0,0,0,0,0,0,0,9,2022,9
jesperhorsted_lv_2022_9,lv_2022_9,jesperhorsted_lv_2022,lv_2022,jesperhorsted,91465,te,lv,1,0,23,,0,0,0,0,0,0,0,0,0,0,0,0,0,0,9,2022,9
kylerudolph_tb_2022_9,tb_2022_9,kylerudolph_tb_2022,tb_2022,kylerudolph,6195,te,tb,1,0,30,60.0,0,0,0,0,0,0,0,0,0,0,0,0,0,0,9,2022,9
calvinthrockmorton_no_2022_9,no_2022_9,calvinthrockmorton_no_2022,no_2022,calvinthrockmorton,28238,g,no,1,0,20,60.0,0,0,0,0,0,0,0,0,0,0,0,0,0,0,9,2022,9
millerforristall_cle_2022_9,cle_2022_9,millerforristall_cle_2022,cle_2022,millerforristall,47378,te,cle,1,0,8,,0,0,0,0,0,0,0,0,0,0,0,0,0,0,9,2022,9
kcmcdermott_hou_2022_9,hou_2022_9,kcmcdermott_hou_2022,hou_2022,kcmcdermott,29035,t,hou,1,0,13,60.0,0,0,0,0,0,0,0,0,0,0,0,0,0,0,9,2022,9
stephenanderson_ari_2022_9,ari_2022_9,stephenanderson_ari_2022,ari_2022,stephenanderson,11160,te,ari,1,0,1,54.5,0,0,0,0,0,0,0,0,0,0,0,0,0,0,9,2022,9
charlieheck_hou_2022_9,hou_2022_9,charlieheck_hou_2022,hou_2022,charlieheck,36501,t,hou,1,0,13,57.5,0,0,0,0,0,0,0,0,0,0,0,0,0,0,9,2022,9
jordanakins_hou_2022_9,hou_2022_9,jordanakins_hou_2022,hou_2022,jordanakins,47050,te,hou,1,0,13,,0,0,0,0,0,0,0,0,0,0,0,0,0,0,9,2022,9
jacobhollister_min_2022_9,min_2022_9,jacobhollister_min_2022,min_2022,jacobhollister,12051,te,min,1,0,18,60.0,0,0,0,0,0,0,0,0,0,0,0,0,0,0,9,2022,9
taysomhill_no_2022_9,no_2022_9,taysomhill_no_2022,no_2022,taysomhill,12112,te,no,1,0,20,,0,0,0,0,0,0,0,0,0,0,0,0,0,0,9,2022,9
jackanderson_nyg_2022_9,nyg_2022_9,jackanderson_nyg_2022,nyg_2022,jackanderson,60130,g,nyg,1,0,21,58.3,0,0,0,0,0,0,0,0,0,0,0,0,0,0,9,2022,9
patrickmekari_bal_2022_9,bal_2022_9,patrickmekari_bal_2022,bal_2022,patrickmekari,46219,t,bal,1,0,3,60.0,0,0,0,0,0,0,0,0,0,0,0,0,0,0,9,2022,9
drewforbes_cle_2022_9,cle_2022_9,drewforbes_cle_2022,cle_2022,drewforbes,28671,g,cle,1,0,8,60.0,0,0,0,0,0,0,0,0,0,0,0,0,0,0,9,2022,9
camerving_car_2022_9,car_2022_9,camerving_car_2022,car_2022,camerving,9452,t,car,1,0,5,57.8,0,0,0,0,0,0,0,0,0,0,0,0,0,0,9,2022,9
hakeemadeniji_cin_2022_9,cin_2022_9,hakeemadeniji_cin_2022,cin_2022,hakeemadeniji,45419,t,cin,1,0,7,60.0,0,0,0,0,0,0,0,0,0,0,0,0,0,0,9,2022,9
devinasiasi_cin_2022_9,cin_2022_9,devinasiasi_cin_2022,cin_2022,devinasiasi,40294,te,cin,1,0,7,59.3,0,0,0,0,0,0,0,0,0,0,0,0,0,0,9,2022,9
jamesmitchell_det_2022_9,det_2022_9,jamesmitchell_det_2022,det_2022,jamesmitchell,77885,te,det,1,0,11,,0,0,0,0,0,0,0,0,0,0,0,0,0,0,9,2022,9
jerryjacobs_det_2022_9,det_2022_9,jerryjacobs_det_2022,det_2022,jerryjacobs,83025,cb,det,1,0,11,,0,0,0,0,0,0,0,0,0,0,0,0,0,0,9,2022,9
dillonradunz_ten_2022_9,ten_2022_9,dillonradunz_ten_2022,ten_2022,dillonradunz,30551,g,ten,1,0,31,,0,0,0,0,0,0,0,0,0,0,0,0,0,0,9,2022,9
tynsekhe_lar_2022_9,lar_2022_9,tynsekhe_lar_2022,lar_2022,tynsekhe,7636,t,lar,1,0,26,59.6,0,0,0,0,0,0,0,0,0,0,0,0,0,0,9,2022,9
lukewattenberg_den_2022_9,den_2022_9,lukewattenberg_den_2022,den_2022,lukewattenberg,41024,ol,den,1,0,10,60.0,0,0,0,0,0,0,0,0,0,0,0,0,0,0,9,2022,9
tylerdavis_gb_2022_9,gb_2022_9,tylerdavis_gb_2022,gb_2022,tylerdavis,47743,te,gb,1,0,12,,0,0,0,0,0,0,0,0,0,0,0,0,0,0,9,2022,9
