p_id,unique_team_id,player_team_id,team_id_impute,player,numeric_id,position,team_name,player_game_count,batted_passes,declined_penalties,franchise_id,grades_pass_rush_defense,hits,hurries,pass_rush_opp,pass_rush_percent,pass_rush_win_rate,pass_rush_wins,penalties,prp,sacks,snap_counts_pass_play,snap_counts_pass_rush,total_pressures,true_pass_set_batted_passes,true_pass_set_grades_pass_rush_defense,true_pass_set_hits,true_pass_set_hurries,true_pass_set_pass_rush_opp,true_pass_set_pass_rush_percent,true_pass_set_pass_rush_win_rate,true_pass_set_pass_rush_wins,true_pass_set_prp,true_pass_set_sacks,true_pass_set_snap_counts_pass_play,true_pass_set_snap_counts_pass_rush,true_pass_set_total_pressures,week,year,plyr_number
calaiscampbell_bal_2022_9,bal_2022_9,calaiscampbell_bal_2022,bal_2022,calaiscampbell,4364,di,bal,1,0,0,3,0,0,0,0,0,0,0,0,0,0,0,0,0,0,0,0,0,0,0,0,0,0,0,0,0,0,9,2022,9
carlosdunlap_kc_2022_9,kc_2022_9,carlosdunlap_kc_2022,kc_2022,carlosdunlap,5579,ed,kc,1,1,0,16,0,0,0,0,0,0,0,0,0,0,0,0,0,0,0,0,0,0,0,0,0,0,0,0,0,0,9,2022,9
joshbynes_bal_2022_9,bal_2022_9,joshbynes_bal_2022,bal_2022,joshbynes,6503,lb,bal,1,0,0,3,0,0,0,0,0,0,0,0,0,0,0,0,0,0,0,0,0,0,0,0,0,0,0,0,0,0,9,2022,9
jamiecollinssr_ne_2022_9,ne_2022_9,jamiecollinssr_ne_2022,ne_2022,jamiecollinssr,7833,lb,ne,1,0,0,19,0,0,0,0,0,0,0,0,0,0,0,0,0,0,0,0,0,0,0,0,0,0,0,0,0,0,9,2022,9
khalilmack_lac_2022_9,lac_2022_9,khalilmack_lac_2022,lac_2022,khalilmack,8640,ed,lac,1,0,0,27,0,0,0,0,0,0,0,0,0,0,0,0,0,0,0,0,0,0,0,0,0,0,0,0,0,0,9,2022,9
anthonybarr_dal_2022_9,dal_2022_9,anthonybarr_dal_2022,dal_2022,anthonybarr,8644,lb,dal,1,0,0,9,0,0,0,0,0,0,0,0,0,0,0,0,0,0,0,0,0,0,0,0,0,0,0,0,0,0,9,2022,9
kylevannoy_lac_2022_9,lac_2022_9,kylevannoy_lac_2022,lac_2022,kylevannoy,8675,ed,lac,1,0,0,27,0,0,0,0,0,0,0,0,0,0,0,0,0,0,0,0,0,0,0,0,0,0,0,0,0,0,9,2022,9
lamarcusjoyner_nyj_2022_9,nyj_2022_9,lamarcusjoyner_nyj_2022,nyj_2022,lamarcusjoyner,8676,s,nyj,1,0,0,22,0,0,0,0,0,0,0,0,0,0,0,0,0,0,0,0,0,0,0,0,0,0,0,0,0,0,9,2022,9
adrianamos_gb_2022_9,gb_2022_9,adrianamos_gb_2022,gb_2022,adrianamos,9575,s,gb,1,0,0,12,0,0,0,0,0,0,0,0,0,0,0,0,0,0,0,0,0,0,0,0,0,0,0,0,0,0,9,2022,9
chrisjones_kc_2022_9,kc_2022_9,chrisjones_kc_2022,kc_2022,chrisjones,10671,di,kc,1,0,0,16,0,0,0,0,0,0,0,0,0,0,0,0,0,0,0,0,0,0,0,0,0,0,0,0,0,0,9,2022,9
austinjohnson_lac_2022_9,lac_2022_9,austinjohnson_lac_2022,lac_2022,austinjohnson,10677,di,lac,1,0,0,27,0,0,0,0,0,0,0,0,0,0,0,0,0,0,0,0,0,0,0,0,0,0,0,0,0,0,9,2022,9
justinsimmons_den_2022_9,den_2022_9,justinsimmons_den_2022,den_2022,justinsimmons,10732,s,den,1,0,0,10,0,0,0,0,0,0,0,0,0,0,0,0,0,0,0,0,0,0,0,0,0,0,0,0,0,0,9,2022,9
morganfox_lac_2022_9,lac_2022_9,morganfox_lac_2022,lac_2022,morganfox,11184,di,lac,1,0,0,27,0,0,0,0,0,0,0,0,0,0,0,0,0,0,0,0,0,0,0,0,0,0,0,0,0,0,9,2022,9
larryogunjobi_pit_2022_9,pit_2022_9,larryogunjobi_pit_2022,pit_2022,larryogunjobi,11820,di,pit,1,0,0,25,0,0,0,0,0,0,0,0,0,0,0,0,0,0,0,0,0,0,0,0,0,0,0,0,0,0,9,2022,9
sameguavoen_mia_2022_9,mia_2022_9,sameguavoen_mia_2022,mia_2022,sameguavoen,15301,lb,mia,1,0,0,17,0,0,0,0,0,0,0,0,0,0,0,0,0,0,0,0,0,0,0,0,0,0,0,0,0,0,9,2022,9
mylesadams_sea_2022_9,sea_2022_9,mylesadams_sea_2022,sea_2022,mylesadams,28430,di,sea,1,1,0,29,0,0,0,0,0,0,0,0,0,0,0,0,0,0,0,0,0,0,0,0,0,0,0,0,0,0,9,2022,9
deshonelliott_det_2022_9,det_2022_9,deshonelliott_det_2022,det_2022,deshonelliott,28854,s,det,1,0,0,11,0,0,0,0,0,0,0,0,0,0,0,0,0,0,0,0,0,0,0,0,0,0,0,0,0,0,9,2022,9
dariusharris_kc_2022_9,kc_2022_9,dariusharris_kc_2022,kc_2022,dariusharris,29188,lb,kc,1,0,0,16,0,0,0,0,0,0,0,0,0,0,0,0,0,0,0,0,0,0,0,0,0,0,0,0,0,0,9,2022,9
davidlong_ten_2022_9,ten_2022_9,davidlong_ten_2022,ten_2022,davidlong,29367,lb,ten,1,1,0,31,0,0,0,0,0,0,0,0,0,0,0,0,0,0,0,0,0,0,0,0,0,0,0,0,0,0,9,2022,9
khalensaunders_kc_2022_9,kc_2022_9,khalensaunders_kc_2022,kc_2022,khalensaunders,31534,di,kc,1,0,0,16,0,0,0,0,0,0,0,0,0,0,0,0,0,0,0,0,0,0,0,0,0,0,0,0,0,0,9,2022,9
johnathanabram_lv_2022_9,lv_2022_9,johnathanabram_lv_2022,lv_2022,johnathanabram,34646,s,lv,1,0,0,23,0,0,0,0,0,0,0,0,0,0,0,0,0,0,0,0,0,0,0,0,0,0,0,0,0,0,9,2022,9
derrektuszka_lac_2022_9,lac_2022_9,derrektuszka_lac_2022,lac_2022,derrektuszka,37724,ed,lac,1,0,0,27,0,0,0,0,0,0,0,0,0,0,0,0,0,0,0,0,0,0,0,0,0,0,0,0,0,0,9,2022,9
rashadweaver_ten_2022_9,ten_2022_9,rashadweaver_ten_2022,ten_2022,rashadweaver,42495,ed,ten,1,0,0,31,0,0,0,0,0,0,0,0,0,0,0,0,0,0,0,0,0,0,0,0,0,0,0,0,0,0,9,2022,9
benstille_mia_2022_9,mia_2022_9,benstille_mia_2022,mia_2022,benstille,43555,di,mia,1,0,0,17,0,0,0,0,0,0,0,0,0,0,0,0,0,0,0,0,0,0,0,0,0,0,0,0,0,0,9,2022,9
quincyroche_nyg_2022_9,nyg_2022_9,quincyroche_nyg_2022,nyg_2022,quincyroche,43734,ed,nyg,1,0,0,21,0,0,0,0,0,0,0,0,0,0,0,0,0,0,0,0,0,0,0,0,0,0,0,0,0,0,9,2022,9
jamirjones_pit_2022_9,pit_2022_9,jamirjones_pit_2022,pit_2022,jamirjones,44287,ed,pit,1,0,0,25,0,0,0,0,0,0,0,0,0,0,0,0,0,0,0,0,0,0,0,0,0,0,0,0,0,0,9,2022,9
naquanjones_ten_2022_9,ten_2022_9,naquanjones_ten_2022,ten_2022,naquanjones,44363,di,ten,1,0,0,31,0,0,0,0,0,0,0,0,0,0,0,0,0,0,0,0,0,0,0,0,0,0,0,0,0,0,9,2022,9
trystenhill_dal_2022_9,dal_2022_9,trystenhill_dal_2022,dal_2022,trystenhill,44519,di,dal,1,0,0,9,0,0,0,0,0,0,0,0,0,0,0,0,0,0,0,0,0,0,0,0,0,0,0,0,0,0,9,2022,9
eyiomauwazurike_den_2022_9,den_2022_9,eyiomauwazurike_den_2022,den_2022,eyiomauwazurike,45414,di,den,1,0,0,10,0,0,0,0,0,0,0,0,0,0,0,0,0,0,0,0,0,0,0,0,0,0,0,0,0,0,9,2022,9
carlgranderson_no_2022_9,no_2022_9,carlgranderson_no_2022,no_2022,carlgranderson,48500,ed,no,1,0,0,20,0,0,0,0,0,0,0,0,0,0,0,0,0,0,0,0,0,0,0,0,0,0,0,0,0,0,9,2022,9
taylorstallworth_kc_2022_9,kc_2022_9,taylorstallworth_kc_2022,kc_2022,taylorstallworth,48935,di,kc,1,0,0,16,0,0,0,0,0,0,0,0,0,0,0,0,0,0,0,0,0,0,0,0,0,0,0,0,0,0,9,2022,9
justinreid_kc_2022_9,kc_2022_9,justinreid_kc_2022,kc_2022,justinreid,49048,s,kc,1,0,0,16,0,0,0,0,0,0,0,0,0,0,0,0,0,0,0,0,0,0,0,0,0,0,0,0,0,0,9,2022,9
jordanwhitehead_nyj_2022_9,nyj_2022_9,jordanwhitehead_nyj_2022,nyj_2022,jordanwhitehead,49196,s,nyj,1,0,0,22,0,0,0,0,0,0,0,0,0,0,0,0,0,0,0,0,0,0,0,0,0,0,0,0,0,0,9,2022,9
demetriusflanniganfowles_sf_2022_9,sf_2022_9,demetriusflanniganfowles_sf_2022,sf_2022,demetriusflanniganfowles,49231,lb,sf,1,0,0,28,0,0,0,0,0,0,0,0,0,0,0,0,0,0,0,0,0,0,0,0,0,0,0,0,0,0,9,2022,9
markusbailey_cin_2022_9,cin_2022_9,markusbailey_cin_2022,cin_2022,markusbailey,49681,lb,cin,1,0,0,7,0,0,0,0,0,0,0,0,0,0,0,0,0,0,0,0,0,0,0,0,0,0,0,0,0,0,9,2022,9
genardavery_tb_2022_9,tb_2022_9,genardavery_tb_2022,tb_2022,genardavery,49699,ed,tb,1,0,0,30,0,0,0,0,0,0,0,0,0,0,0,0,0,0,0,0,0,0,0,0,0,0,0,0,0,0,9,2022,9
sebastianjosephday_lac_2022_9,lac_2022_9,sebastianjosephday_lac_2022,lac_2022,sebastianjosephday,49935,di,lac,1,0,0,27,0,0,0,0,0,0,0,0,0,0,0,0,0,0,0,0,0,0,0,0,0,0,0,0,0,0,9,2022,9
derricknnadi_kc_2022_9,kc_2022_9,derricknnadi_kc_2022,kc_2022,derricknnadi,49970,di,kc,1,0,0,16,0,0,0,0,0,0,0,0,0,0,0,0,0,0,0,0,0,0,0,0,0,0,0,0,0,0,9,2022,9
ladariushamilton_gb_2022_9,gb_2022_9,ladariushamilton_gb_2022,gb_2022,ladariushamilton,50192,ed,gb,1,0,0,12,0,0,0,0,0,0,0,0,0,0,0,0,0,0,0,0,0,0,0,0,0,0,0,0,0,0,9,2022,9
juanthornhill_kc_2022_9,kc_2022_9,juanthornhill_kc_2022,kc_2022,juanthornhill,50426,s,kc,1,0,0,16,0,0,0,0,0,0,0,0,0,0,0,0,0,0,0,0,0,0,0,0,0,0,0,0,0,0,9,2022,9
leightonvanderesch_dal_2022_9,dal_2022_9,leightonvanderesch_dal_2022,dal_2022,leightonvanderesch,50950,lb,dal,1,0,0,9,0,0,0,0,0,0,0,0,0,0,0,0,0,0,0,0,0,0,0,0,0,0,0,0,0,0,9,2022,9
druetranquill_lac_2022_9,lac_2022_9,druetranquill_lac_2022,lac_2022,druetranquill,51276,lb,lac,1,0,0,27,0,0,0,0,0,0,0,0,0,0,0,0,0,0,0,0,0,0,0,0,0,0,0,0,0,0,9,2022,9
mikeedwards_tb_2022_9,tb_2022_9,mikeedwards_tb_2022,tb_2022,mikeedwards,51282,s,tb,1,0,0,30,0,0,0,0,0,0,0,0,0,0,0,0,0,0,0,0,0,0,0,0,0,0,0,0,0,0,9,2022,9
jaylinnhawkins_atl_2022_9,atl_2022_9,jaylinnhawkins_atl_2022,atl_2022,jaylinnhawkins,51423,s,atl,1,0,0,2,0,0,0,0,0,0,0,0,0,0,0,0,0,0,0,0,0,0,0,0,0,0,0,0,0,0,9,2022,9
dregreenlaw_sf_2022_9,sf_2022_9,dregreenlaw_sf_2022,sf_2022,dregreenlaw,51503,lb,sf,1,0,0,28,0,0,0,0,0,0,0,0,0,0,0,0,0,0,0,0,0,0,0,0,0,0,0,0,0,0,9,2022,9
genostone_bal_2022_9,bal_2022_9,genostone_bal_2022,bal_2022,genostone,55967,s,bal,1,0,0,3,0,0,0,0,0,0,0,0,0,0,0,0,0,0,0,0,0,0,0,0,0,0,0,0,0,0,9,2022,9
chrisrumphii_lac_2022_9,lac_2022_9,chrisrumphii_lac_2022,lac_2022,chrisrumphii,56345,ed,lac,1,0,0,27,0,0,0,0,0,0,0,0,0,0,0,0,0,0,0,0,0,0,0,0,0,0,0,0,0,0,9,2022,9
ryderanderson_nyg_2022_9,nyg_2022_9,ryderanderson_nyg_2022,nyg_2022,ryderanderson,56409,di,nyg,1,0,0,21,0,0,0,0,0,0,0,0,0,0,0,0,0,0,0,0,0,0,0,0,0,0,0,0,0,0,9,2022,9
malikherring_kc_2022_9,kc_2022_9,malikherring_kc_2022,kc_2022,malikherring,56616,ed,kc,1,0,0,16,0,0,0,0,0,0,0,0,0,0,0,0,0,0,0,0,0,0,0,0,0,0,0,0,0,0,9,2022,9
troyandersen_atl_2022_9,atl_2022_9,troyandersen_atl_2022,atl_2022,troyandersen,57317,lb,atl,1,0,0,2,0,0,0,0,0,0,0,0,0,0,0,0,0,0,0,0,0,0,0,0,0,0,0,0,0,0,9,2022,9
williegayjr_kc_2022_9,kc_2022_9,williegayjr_kc_2022,kc_2022,williegayjr,57987,lb,kc,1,0,0,16,0,0,0,0,0,0,0,0,0,0,0,0,0,0,0,0,0,0,0,0,0,0,0,0,0,0,9,2022,9
jeremiahowusukoramoah_cle_2022_9,cle_2022_9,jeremiahowusukoramoah_cle_2022,cle_2022,jeremiahowusukoramoah,58089,lb,cle,1,1,0,8,0,0,0,0,0,0,0,0,0,0,0,0,0,0,0,0,0,0,0,0,0,0,0,0,0,0,9,2022,9
baronbrowning_den_2022_9,den_2022_9,baronbrowning_den_2022,den_2022,baronbrowning,58095,ed,den,1,0,0,10,0,0,0,0,0,0,0,0,0,0,0,0,0,0,0,0,0,0,0,0,0,0,0,0,0,0,9,2022,9
kennethmurray_lac_2022_9,lac_2022_9,kennethmurray_lac_2022,lac_2022,kennethmurray,58099,lb,lac,1,0,0,27,0,0,0,0,0,0,0,0,0,0,0,0,0,0,0,0,0,0,0,0,0,0,0,0,0,0,9,2022,9
tylershelvin_cin_2022_9,cin_2022_9,tylershelvin_cin_2022,cin_2022,tylershelvin,58438,di,cin,1,0,0,7,0,0,0,0,0,0,0,0,0,0,0,0,0,0,0,0,0,0,0,0,0,0,0,0,0,0,9,2022,9
grantdelpit_cle_2022_9,cle_2022_9,grantdelpit_cle_2022,cle_2022,grantdelpit,60685,s,cle,1,0,0,8,0,0,0,0,0,0,0,0,0,0,0,0,0,0,0,0,0,0,0,0,0,0,0,0,0,0,9,2022,9
chadmuma_jax_2022_9,jax_2022_9,chadmuma_jax_2022,jax_2022,chadmuma,75818,lb,jax,1,0,0,15,0,0,0,0,0,0,0,0,0,0,0,0,0,0,0,0,0,0,0,0,0,0,0,0,0,0,9,2022,9
andrecisco_jax_2022_9,jax_2022_9,andrecisco_jax_2022,jax_2022,andrecisco,76641,s,jax,1,1,0,15,0,0,0,0,0,0,0,0,0,0,0,0,0,0,0,0,0,0,0,0,0,0,0,0,0,0,9,2022,9
trevonmoehrig_lv_2022_9,lv_2022_9,trevonmoehrig_lv_2022,lv_2022,trevonmoehrig,77847,s,lv,1,0,0,23,0,0,0,0,0,0,0,0,0,0,0,0,0,0,0,0,0,0,0,0,0,0,0,0,0,0,9,2022,9
nickbolton_kc_2022_9,kc_2022_9,nickbolton_kc_2022,kc_2022,nickbolton,81322,lb,kc,1,0,0,16,0,0,0,0,0,0,0,0,0,0,0,0,0,0,0,0,0,0,0,0,0,0,0,0,0,0,9,2022,9
otitoogbonnia_lac_2022_9,lac_2022_9,otitoogbonnia_lac_2022,lac_2022,otitoogbonnia,82450,di,lac,1,0,0,27,0,0,0,0,0,0,0,0,0,0,0,0,0,0,0,0,0,0,0,0,0,0,0,0,0,0,9,2022,9
daviyonnixon_car_2022_9,car_2022_9,daviyonnixon_car_2022,car_2022,daviyonnixon,82488,di,car,1,0,0,5,0,0,0,0,0,0,0,0,0,0,0,0,0,0,0,0,0,0,0,0,0,0,0,0,0,0,9,2022,9
quaywalker_gb_2022_9,gb_2022_9,quaywalker_gb_2022,gb_2022,quaywalker,82547,lb,gb,1,0,0,12,0,0,0,0,0,0,0,0,0,0,0,0,0,0,0,0,0,0,0,0,0,0,0,0,0,0,9,2022,9
chriswilliams_ind_2022_9,ind_2022_9,chriswilliams_ind_2022,ind_2022,chriswilliams,87178,di,ind,1,0,0,14,0,0,0,0,0,0,0,0,0,0,0,0,0,0,0,0,0,0,0,0,0,0,0,0,0,0,9,2022,9
georgekarlaftis_kc_2022_9,kc_2022_9,georgekarlaftis_kc_2022,kc_2022,georgekarlaftis,98319,ed,kc,1,1,0,16,0,0,0,0,0,0,0,0,0,0,0,0,0,0,0,0,0,0,0,0,0,0,0,0,0,0,9,2022,9
samwilliams_dal_2022_9,dal_2022_9,samwilliams_dal_2022,dal_2022,samwilliams,99106,ed,dal,1,0,0,9,0,0,0,0,0,0,0,0,0,0,0,0,0,0,0,0,0,0,0,0,0,0,0,0,0,0,9,2022,9
leochenal_kc_2022_9,kc_2022_9,leochenal_kc_2022,kc_2022,leochenal,101463,lb,kc,1,0,0,16,0,0,0,0,0,0,0,0,0,0,0,0,0,0,0,0,0,0,0,0,0,0,0,0,0,0,9,2022,9
perrionwinfrey_cle_2022_9,cle_2022_9,perrionwinfrey_cle_2022,cle_2022,perrionwinfrey,122952,di,cle,1,0,0,8,0,0,0,0,0,0,0,0,0,0,0,0,0,0,0,0,0,0,0,0,0,0,0,0,0,0,9,2022,9
samroberts_ne_2022_9,ne_2022_9,samroberts_ne_2022,ne_2022,samroberts,156069,di,ne,1,0,0,19,0,0,0,0,0,0,0,0,0,0,0,0,0,0,0,0,0,0,0,0,0,0,0,0,0,0,9,2022,9
tysonalualu_pit_2022_9,pit_2022_9,tysonalualu_pit_2022,pit_2022,tysonalualu,5535,di,pit,1,0,0,25,0,0,0,0,0,0,0,0,0,0,0,0,0,0,0,0,0,0,0,0,0,0,0,0,0,0,9,2022,9
brandongraham_phi_2022_9,phi_2022_9,brandongraham_phi_2022,phi_2022,brandongraham,5538,ed,phi,1,0,0,24,0,0,0,0,0,0,0,0,0,0,0,0,0,0,0,0,0,0,0,0,0,0,0,0,0,0,9,2022,9
jasonpierrepaul_bal_2022_9,bal_2022_9,jasonpierrepaul_bal_2022,bal_2022,jasonpierrepaul,5540,ed,bal,1,0,1,3,0,0,0,0,0,0,0,0,0,0,0,0,0,0,0,0,0,0,0,0,0,0,0,0,0,0,9,2022,9
jerryhughes_hou_2022_9,hou_2022_9,jerryhughes_hou_2022,hou_2022,jerryhughes,5556,ed,hou,1,0,0,13,0,0,0,0,0,0,0,0,0,0,0,0,0,0,0,0,0,0,0,0,0,0,0,0,0,0,9,2022,9
coreypeters_jax_2022_9,jax_2022_9,coreypeters_jax_2022,jax_2022,coreypeters,5607,di,jax,1,0,0,15,0,0,0,0,0,0,0,0,0,0,0,0,0,0,0,0,0,0,0,0,0,0,0,0,0,0,9,2022,9
alwoods_sea_2022_9,sea_2022_9,alwoods_sea_2022,sea_2022,alwoods,5646,di,sea,1,0,0,29,0,0,0,0,0,0,0,0,0,0,0,0,0,0,0,0,0,0,0,0,0,0,0,0,0,0,9,2022,9
vonmiller_buf_2022_9,buf_2022_9,vonmiller_buf_2022,buf_2022,vonmiller,6154,ed,buf,1,0,0,4,0,0,0,0,0,0,0,0,0,0,0,0,0,0,0,0,0,0,0,0,0,0,0,0,0,0,9,2022,9
jjwatt_ari_2022_9,ari_2022_9,jjwatt_ari_2022,ari_2022,jjwatt,6163,ed,ari,1,0,0,1,0,0,0,0,0,0,0,0,0,0,0,0,0,0,0,0,0,0,0,0,0,0,0,0,0,0,9,2022,9
robertquinn_phi_2022_9,phi_2022_9,robertquinn_phi_2022,phi_2022,robertquinn,6166,ed,phi,1,0,0,24,0,0,0,0,0,0,0,0,0,0,0,0,0,0,0,0,0,0,0,0,0,0,0,0,0,0,9,2022,9
cameronjordan_no_2022_9,no_2022_9,cameronjordan_no_2022,no_2022,cameronjordan,6176,ed,no,1,0,0,20,0,0,0,0,0,0,0,0,0,0,0,0,0,0,0,0,0,0,0,0,0,0,0,0,0,0,9,2022,9
cameronheyward_pit_2022_9,pit_2022_9,cameronheyward_pit_2022,pit_2022,cameronheyward,6183,di,pit,1,0,0,25,0,0,0,0,0,0,0,0,0,0,0,0,0,0,0,0,0,0,0,0,0,0,0,0,0,0,9,2022,9
justinhouston_bal_2022_9,bal_2022_9,justinhouston_bal_2022,bal_2022,justinhouston,6222,ed,bal,1,0,0,3,0,0,0,0,0,0,0,0,0,0,0,0,0,0,0,0,0,0,0,0,0,0,0,0,0,0,9,2022,9
lawrenceguy_ne_2022_9,ne_2022_9,lawrenceguy_ne_2022,ne_2022,lawrenceguy,6385,di,ne,1,0,0,19,0,0,0,0,0,0,0,0,0,0,0,0,0,0,0,0,0,0,0,0,0,0,0,0,0,0,9,2022,9
marioaddison_hou_2022_9,hou_2022_9,marioaddison_hou_2022,hou_2022,marioaddison,6558,ed,hou,1,0,0,13,0,0,0,0,0,0,0,0,0,0,0,0,0,0,0,0,0,0,0,0,0,0,0,0,0,0,9,2022,9
fletchercox_phi_2022_9,phi_2022_9,fletchercox_phi_2022,phi_2022,fletchercox,7018,di,phi,1,0,0,24,0,0,0,0,0,0,0,0,0,0,0,0,0,0,0,0,0,0,0,0,0,0,0,0,0,0,9,2022,9
bruceirvin_sea_2022_9,sea_2022_9,bruceirvin_sea_2022,sea_2022,bruceirvin,7021,ed,sea,1,0,0,29,0,0,0,0,0,0,0,0,0,0,0,0,0,0,0,0,0,0,0,0,0,0,0,0,0,0,9,2022,9
melviningramiii_mia_2022_9,mia_2022_9,melviningramiii_mia_2022,mia_2022,melviningramiii,7024,ed,mia,1,0,1,17,0,0,0,0,0,0,0,0,0,0,0,0,0,0,0,0,0,0,0,0,0,0,0,0,0,0,9,2022,9
chandlerjones_lv_2022_9,lv_2022_9,chandlerjones_lv_2022,lv_2022,chandlerjones,7027,ed,lv,1,0,0,23,0,0,0,0,0,0,0,0,0,0,0,0,0,0,0,0,0,0,0,0,0,0,0,0,0,0,9,2022,9
bobbywagner_lar_2022_9,lar_2022_9,bobbywagner_lar_2022,lar_2022,bobbywagner,7050,lb,lar,1,0,0,26,0,0,0,0,0,0,0,0,0,0,0,0,0,0,0,0,0,0,0,0,0,0,0,0,0,0,9,2022,9
lavontedavid_tb_2022_9,tb_2022_9,lavontedavid_tb_2022,tb_2022,lavontedavid,7060,lb,tb,1,0,0,30,0,0,0,0,0,0,0,0,0,0,0,0,0,0,0,0,0,0,0,0,0,0,0,0,0,0,9,2022,9
vinnycurry_nyj_2022_9,nyj_2022_9,vinnycurry_nyj_2022,nyj_2022,vinnycurry,7061,ed,nyj,1,0,0,22,0,0,0,0,0,0,0,0,0,0,0,0,0,0,0,0,0,0,0,0,0,0,0,0,0,0,9,2022,9
demariodavis_no_2022_9,no_2022_9,demariodavis_no_2022,no_2022,demariodavis,7079,lb,no,1,0,0,20,0,0,0,0,0,0,0,0,0,0,0,0,0,0,0,0,0,0,0,0,0,0,0,0,0,0,9,2022,9
rodneymcleod_ind_2022_9,ind_2022_9,rodneymcleod_ind_2022,ind_2022,rodneymcleod,7271,s,ind,1,0,0,14,0,0,0,0,0,0,0,0,0,0,0,0,0,0,0,0,0,0,0,0,0,0,0,0,0,0,9,2022,9
tashaungipsonsr_sf_2022_9,sf_2022_9,tashaungipsonsr_sf_2022,sf_2022,tashaungipsonsr,7288,s,sf,1,0,0,28,0,0,0,0,0,0,0,0,0,0,0,0,0,0,0,0,0,0,0,0,0,0,0,0,0,0,9,2022,9
johnathanhankins_dal_2022_9,dal_2022_9,johnathanhankins_dal_2022,dal_2022,johnathanhankins,7830,di,dal,1,0,0,9,0,0,0,0,0,0,0,0,0,0,0,0,0,0,0,0,0,0,0,0,0,0,0,0,0,0,9,2022,9
tyrannmathieu_no_2022_9,no_2022_9,tyrannmathieu_no_2022,no_2022,tyrannmathieu,7850,s,no,1,0,0,20,0,0,0,0,0,0,0,0,0,0,0,0,0,0,0,0,0,0,0,0,0,0,0,0,0,0,9,2022,9
johnjenkins_mia_2022_9,mia_2022_9,johnjenkins_mia_2022,mia_2022,johnjenkins,7863,di,mia,1,0,0,17,0,0,0,0,0,0,0,0,0,0,0,0,0,0,0,0,0,0,0,0,0,0,0,0,0,0,9,2022,9
duronharmon_lv_2022_9,lv_2022_9,duronharmon_lv_2022,lv_2022,duronharmon,7872,s,lv,1,1,0,23,0,0,0,0,0,0,0,0,0,0,0,0,0,0,0,0,0,0,0,0,0,0,0,0,0,0,9,2022,9
akeemspence_sf_2022_9,sf_2022_9,akeemspence_sf_2022,sf_2022,akeemspence,7882,di,sf,1,0,0,28,0,0,0,0,0,0,0,0,0,0,0,0,0,0,0,0,0,0,0,0,0,0,0,0,0,0,9,2022,9
williamgholston_tb_2022_9,tb_2022_9,williamgholston_tb_2022,tb_2022,williamgholston,7908,di,tb,1,0,0,30,0,0,0,0,0,0,0,0,0,0,0,0,0,0,0,0,0,0,0,0,0,0,0,0,0,0,9,2022,9
ajklein_bal_2022_9,bal_2022_9,ajklein_bal_2022,bal_2022,ajklein,7930,lb,bal,1,0,0,3,0,0,0,0,0,0,0,0,0,0,0,0,0,0,0,0,0,0,0,0,0,0,0,0,0,0,9,2022,9
nickwilliams_nyg_2022_9,nyg_2022_9,nickwilliams_nyg_2022,nyg_2022,nickwilliams,8006,di,nyg,1,0,0,21,0,0,0,0,0,0,0,0,0,0,0,0,0,0,0,0,0,0,0,0,0,0,0,0,0,0,9,2022,9
mikepurcell_den_2022_9,den_2022_9,mikepurcell_den_2022,den_2022,mikepurcell,8530,di,den,1,0,0,10,0,0,0,0,0,0,0,0,0,0,0,0,0,0,0,0,0,0,0,0,0,0,0,0,0,0,9,2022,9
jadeveonclowney_cle_2022_9,cle_2022_9,jadeveonclowney_cle_2022,cle_2022,jadeveonclowney,8636,ed,cle,1,0,0,8,0,0,0,0,0,0,0,0,0,0,0,0,0,0,0,0,0,0,0,0,0,0,0,0,0,0,9,2022,9
aarondonald_lar_2022_9,lar_2022_9,aarondonald_lar_2022,lar_2022,aarondonald,8648,di,lar,1,0,0,26,0,0,0,0,0,0,0,0,0,0,0,0,0,0,0,0,0,0,0,0,0,0,0,0,0,0,9,2022,9
cjmosley_nyj_2022_9,nyj_2022_9,cjmosley_nyj_2022,nyj_2022,cjmosley,8652,lb,nyj,1,0,0,22,0,0,0,0,0,0,0,0,0,0,0,0,0,0,0,0,0,0,0,0,0,0,0,0,0,0,9,2022,9
jimmieward_sf_2022_9,sf_2022_9,jimmieward_sf_2022,sf_2022,jimmieward,8665,s,sf,1,0,0,28,0,0,0,0,0,0,0,0,0,0,0,0,0,0,0,0,0,0,0,0,0,0,0,0,0,0,9,2022,9
demarcuslawrence_dal_2022_9,dal_2022_9,demarcuslawrence_dal_2022,dal_2022,demarcuslawrence,8669,ed,dal,1,0,0,9,0,0,0,0,0,0,0,0,0,0,0,0,0,0,0,0,0,0,0,0,0,0,0,0,0,0,9,2022,9
christiankirksey_hou_2022_9,hou_2022_9,christiankirksey_hou_2022,hou_2022,christiankirksey,8706,lb,hou,1,0,0,13,0,0,0,0,0,0,0,0,0,0,0,0,0,0,0,0,0,0,0,0,0,0,0,0,0,0,9,2022,9
justinellis_nyg_2022_9,nyg_2022_9,justinellis_nyg_2022,nyg_2022,justinellis,8742,di,nyg,1,0,0,21,0,0,0,0,0,0,0,0,0,0,0,0,0,0,0,0,0,0,0,0,0,0,0,0,0,0,9,2022,9
daquanjones_buf_2022_9,buf_2022_9,daquanjones_buf_2022,buf_2022,daquanjones,8747,di,buf,1,0,0,4,0,0,0,0,0,0,0,0,0,0,0,0,0,0,0,0,0,0,0,0,0,0,0,0,0,0,9,2022,9
brenturban_bal_2022_9,bal_2022_9,brenturban_bal_2022,bal_2022,brenturban,8769,di,bal,1,0,0,3,0,0,0,0,0,0,0,0,0,0,0,0,0,0,0,0,0,0,0,0,0,0,0,0,0,0,9,2022,9
devonkennard_bal_2022_9,bal_2022_9,devonkennard_bal_2022,bal_2022,devonkennard,8809,ed,bal,1,0,0,3,0,0,0,0,0,0,0,0,0,0,0,0,0,0,0,0,0,0,0,0,0,0,0,0,0,0,9,2022,9
shelbyharris_sea_2022_9,sea_2022_9,shelbyharris_sea_2022,sea_2022,shelbyharris,8869,di,sea,1,0,0,29,0,0,0,0,0,0,0,0,0,0,0,0,0,0,0,0,0,0,0,0,0,0,0,0,0,0,9,2022,9
denicoautry_ten_2022_9,ten_2022_9,denicoautry_ten_2022,ten_2022,denicoautry,8982,ed,ten,1,0,0,31,0,0,0,0,0,0,0,0,0,0,0,0,0,0,0,0,0,0,0,0,0,0,0,0,0,0,9,2022,9
kerryhyder_sf_2022_9,sf_2022_9,kerryhyder_sf_2022,sf_2022,kerryhyder,9045,di,sf,1,0,0,28,0,0,0,0,0,0,0,0,0,0,0,0,0,0,0,0,0,0,0,0,0,0,0,0,0,0,9,2022,9
adrianphillips_ne_2022_9,ne_2022_9,adrianphillips_ne_2022,ne_2022,adrianphillips,9177,s,ne,1,0,0,19,0,0,0,0,0,0,0,0,0,0,0,0,0,0,0,0,0,0,0,0,0,0,0,0,0,0,9,2022,9
mikepennel_chi_2022_9,chi_2022_9,mikepennel_chi_2022,chi_2022,mikepennel,9316,di,chi,1,0,0,6,0,0,0,0,0,0,0,0,0,0,0,0,0,0,0,0,0,0,0,0,0,0,0,0,0,0,9,2022,9
dantefowlerjr_dal_2022_9,dal_2022_9,dantefowlerjr_dal_2022,dal_2022,dantefowlerjr,9436,ed,dal,1,1,0,9,0,0,0,0,0,0,0,0,0,0,0,0,0,0,0,0,0,0,0,0,0,0,0,0,0,0,9,2022,9
leonardwilliams_nyg_2022_9,nyg_2022_9,leonardwilliams_nyg_2022,nyg_2022,leonardwilliams,9439,di,nyg,1,0,0,21,0,0,0,0,0,0,0,0,0,0,0,0,0,0,0,0,0,0,0,0,0,0,0,0,0,0,9,2022,9
buddupree_ten_2022_9,ten_2022_9,buddupree_ten_2022,ten_2022,buddupree,9455,ed,ten,1,0,0,31,0,0,0,0,0,0,0,0,0,0,0,0,0,0,0,0,0,0,0,0,0,0,0,0,0,0,9,2022,9
shaqthompson_car_2022_9,car_2022_9,shaqthompson_car_2022,car_2022,shaqthompson,9458,lb,car,1,0,0,5,0,0,0,0,0,0,0,0,0,0,0,0,0,0,0,0,0,0,0,0,0,0,0,0,0,0,9,2022,9
landoncollins_nyg_2022_9,nyg_2022_9,landoncollins_nyg_2022,nyg_2022,landoncollins,9466,s,nyg,1,0,0,21,0,0,0,0,0,0,0,0,0,0,0,0,0,0,0,0,0,0,0,0,0,0,0,0,0,0,9,2022,9
marioedwardsjr_ten_2022_9,ten_2022_9,marioedwardsjr_ten_2022,ten_2022,marioedwardsjr,9468,ed,ten,1,0,0,31,0,0,0,0,0,0,0,0,0,0,0,0,0,0,0,0,0,0,0,0,0,0,0,0,0,0,9,2022,9
prestonsmith_gb_2022_9,gb_2022_9,prestonsmith_gb_2022,gb_2022,prestonsmith,9471,ed,gb,1,0,0,12,0,0,0,0,0,0,0,0,0,0,0,0,0,0,0,0,0,0,0,0,0,0,0,0,0,0,9,2022,9
erickendricks_min_2022_9,min_2022_9,erickendricks_min_2022,min_2022,erickendricks,9478,lb,min,1,0,1,18,0,0,0,0,0,0,0,0,0,0,0,0,0,0,0,0,0,0,0,0,0,0,0,0,0,0,9,2022,9
denzelperryman_lv_2022_9,lv_2022_9,denzelperryman_lv_2022,lv_2022,denzelperryman,9481,lb,lv,1,0,0,23,0,0,0,0,0,0,0,0,0,0,0,0,0,0,0,0,0,0,0,0,0,0,0,0,0,0,9,2022,9
jordanphillips_buf_2022_9,buf_2022_9,jordanphillips_buf_2022,buf_2022,jordanphillips,9485,di,buf,1,0,0,4,0,0,0,0,0,0,0,0,0,0,0,0,0,0,0,0,0,0,0,0,0,0,0,0,0,0,9,2022,9
markusgolden_ari_2022_9,ari_2022_9,markusgolden_ari_2022,ari_2022,markusgolden,9491,ed,ari,1,0,0,1,0,0,0,0,0,0,0,0,0,0,0,0,0,0,0,0,0,0,0,0,0,0,0,0,0,0,9,2022,9
jordanhicks_min_2022_9,min_2022_9,jordanhicks_min_2022,min_2022,jordanhicks,9517,lb,min,1,0,0,18,0,0,0,0,0,0,0,0,0,0,0,0,0,0,0,0,0,0,0,0,0,0,0,0,0,0,9,2022,9
daniellehunter_min_2022_9,min_2022_9,daniellehunter_min_2022,min_2022,daniellehunter,9521,ed,min,1,1,0,18,0,0,0,0,0,0,0,0,0,0,0,0,0,0,0,0,0,0,0,0,0,0,0,0,0,0,9,2022,9
carldavis_ne_2022_9,ne_2022_9,carldavis_ne_2022,ne_2022,carldavis,9523,di,ne,1,0,0,19,0,0,0,0,0,0,0,0,0,0,0,0,0,0,0,0,0,0,0,0,0,0,0,0,0,0,9,2022,9
angeloblackson_chi_2022_9,chi_2022_9,angeloblackson_chi_2022,chi_2022,angeloblackson,9533,di,chi,1,0,0,6,0,0,0,0,0,0,0,0,0,0,0,0,0,0,0,0,0,0,0,0,0,0,0,0,0,0,9,2022,9
zadariussmith_min_2022_9,min_2022_9,zadariussmith_min_2022,min_2022,zadariussmith,9555,ed,min,1,1,0,18,0,0,0,0,0,0,0,0,0,0,0,0,0,0,0,0,0,0,0,0,0,0,0,0,0,0,9,2022,9
kwonalexander_nyj_2022_9,nyj_2022_9,kwonalexander_nyj_2022,nyj_2022,kwonalexander,9557,lb,nyj,1,0,0,22,0,0,0,0,0,0,0,0,0,0,0,0,0,0,0,0,0,0,0,0,0,0,0,0,0,0,9,2022,9
gradyjarrett_atl_2022_9,atl_2022_9,gradyjarrett_atl_2022,atl_2022,gradyjarrett,9570,di,atl,1,0,0,2,0,0,0,0,0,0,0,0,0,0,0,0,0,0,0,0,0,0,0,0,0,0,0,0,0,0,9,2022,9
rakeemnunezroches_tb_2022_9,tb_2022_9,rakeemnunezroches_tb_2022,tb_2022,rakeemnunezroches,9650,di,tb,1,0,0,30,0,0,0,0,0,0,0,0,0,0,0,0,0,0,0,0,0,0,0,0,0,0,0,0,0,0,9,2022,9
deshawnwilliams_den_2022_9,den_2022_9,deshawnwilliams_den_2022,den_2022,deshawnwilliams,9891,di,den,1,0,0,10,0,0,0,0,0,0,0,0,0,0,0,0,0,0,0,0,0,0,0,0,0,0,0,0,0,0,9,2022,9
alexsingleton_den_2022_9,den_2022_9,alexsingleton_den_2022,den_2022,alexsingleton,9994,lb,den,1,0,0,10,0,0,0,0,0,0,0,0,0,0,0,0,0,0,0,0,0,0,0,0,0,0,0,0,0,0,9,2022,9
tymcgill_sf_2022_9,sf_2022_9,tymcgill_sf_2022,sf_2022,tymcgill,10156,di,sf,1,0,0,28,0,0,0,0,0,0,0,0,0,0,0,0,0,0,0,0,0,0,0,0,0,0,0,0,0,0,9,2022,9
efeobada_was_2022_9,was_2022_9,efeobada_was_2022,was_2022,efeobada,10235,ed,was,1,0,0,32,0,0,0,0,0,0,0,0,0,0,0,0,0,0,0,0,0,0,0,0,0,0,0,0,0,0,9,2022,9
deforestbuckner_ind_2022_9,ind_2022_9,deforestbuckner_ind_2022,ind_2022,deforestbuckner,10641,di,ind,1,0,0,14,0,0,0,0,0,0,0,0,0,0,0,0,0,0,0,0,0,0,0,0,0,0,0,0,0,0,9,2022,9
leonardfloyd_lar_2022_9,lar_2022_9,leonardfloyd_lar_2022,lar_2022,leonardfloyd,10643,ed,lar,1,0,0,26,0,0,0,0,0,0,0,0,0,0,0,0,0,0,0,0,0,0,0,0,0,0,0,0,0,0,9,2022,9
sheldonrankins_nyj_2022_9,nyj_2022_9,sheldonrankins_nyj_2022,nyj_2022,sheldonrankins,10646,di,nyj,1,0,0,22,0,0,0,0,0,0,0,0,0,0,0,0,0,0,0,0,0,0,0,0,0,0,0,0,0,0,9,2022,9
keanuneal_tb_2022_9,tb_2022_9,keanuneal_tb_2022,tb_2022,keanuneal,10651,s,tb,1,0,0,30,0,0,0,0,0,0,0,0,0,0,0,0,0,0,0,0,0,0,0,0,0,0,0,0,0,0,9,2022,9
shaqlawson_buf_2022_9,buf_2022_9,shaqlawson_buf_2022,buf_2022,shaqlawson,10653,ed,buf,1,0,0,4,0,0,0,0,0,0,0,0,0,0,0,0,0,0,0,0,0,0,0,0,0,0,0,0,0,0,9,2022,9
kennyclark_gb_2022_9,gb_2022_9,kennyclark_gb_2022,gb_2022,kennyclark,10661,di,gb,1,0,0,12,0,0,0,0,0,0,0,0,0,0,0,0,0,0,0,0,0,0,0,0,0,0,0,0,0,0,9,2022,9
emmanuelogbah_mia_2022_9,mia_2022_9,emmanuelogbah_mia_2022,mia_2022,emmanuelogbah,10666,ed,mia,1,0,0,17,0,0,0,0,0,0,0,0,0,0,0,0,0,0,0,0,0,0,0,0,0,0,0,0,0,0,9,2022,9
jaylonsmith_nyg_2022_9,nyg_2022_9,jaylonsmith_nyg_2022,nyg_2022,jaylonsmith,10668,lb,nyg,1,0,0,21,0,0,0,0,0,0,0,0,0,0,0,0,0,0,0,0,0,0,0,0,0,0,0,0,0,0,9,2022,9
mylesjack_pit_2022_9,pit_2022_9,mylesjack_pit_2022,pit_2022,mylesjack,10670,lb,pit,1,0,0,25,0,0,0,0,0,0,0,0,0,0,0,0,0,0,0,0,0,0,0,0,0,0,0,0,0,0,9,2022,9
jihadward_nyg_2022_9,nyg_2022_9,jihadward_nyg_2022,nyg_2022,jihadward,10678,ed,nyg,1,1,0,21,0,0,0,0,0,0,0,0,0,0,0,0,0,0,0,0,0,0,0,0,0,0,0,0,0,0,9,2022,9
ashawnrobinson_lar_2022_9,lar_2022_9,ashawnrobinson_lar_2022,lar_2022,ashawnrobinson,10680,di,lar,1,0,0,26,0,0,0,0,0,0,0,0,0,0,0,0,0,0,0,0,0,0,0,0,0,0,0,0,0,0,9,2022,9
jarranreed_gb_2022_9,gb_2022_9,jarranreed_gb_2022,gb_2022,jarranreed,10683,di,gb,1,0,0,12,0,0,0,0,0,0,0,0,0,0,0,0,0,0,0,0,0,0,0,0,0,0,0,0,0,0,9,2022,9
deionjones_cle_2022_9,cle_2022_9,deionjones_cle_2022,cle_2022,deionjones,10686,lb,cle,1,0,0,8,0,0,0,0,0,0,0,0,0,0,0,0,0,0,0,0,0,0,0,0,0,0,0,0,0,0,9,2022,9
vonnbell_cin_2022_9,cin_2022_9,vonnbell_cin_2022,cin_2022,vonnbell,10695,s,cin,1,0,0,7,0,0,0,0,0,0,0,0,0,0,0,0,0,0,0,0,0,0,0,0,0,0,0,0,0,0,9,2022,9
kevinbyard_ten_2022_9,ten_2022_9,kevinbyard_ten_2022,ten_2022,kevinbyard,10698,s,ten,1,0,0,31,0,0,0,0,0,0,0,0,0,0,0,0,0,0,0,0,0,0,0,0,0,0,0,0,0,0,9,2022,9
carlnassib_tb_2022_9,tb_2022_9,carlnassib_tb_2022,tb_2022,carlnassib,10699,ed,tb,1,0,0,30,0,0,0,0,0,0,0,0,0,0,0,0,0,0,0,0,0,0,0,0,0,0,0,0,0,0,9,2022,9
yannickngakoue_ind_2022_9,ind_2022_9,yannickngakoue_ind_2022,ind_2022,yannickngakoue,10703,ed,ind,1,0,0,14,0,0,0,0,0,0,0,0,0,0,0,0,0,0,0,0,0,0,0,0,0,0,0,0,0,0,9,2022,9
javonhargrave_phi_2022_9,phi_2022_9,javonhargrave_phi_2022,phi_2022,javonhargrave,10723,di,phi,1,0,0,24,0,0,0,0,0,0,0,0,0,0,0,0,0,0,0,0,0,0,0,0,0,0,0,0,0,0,9,2022,9
hassanridgeway_sf_2022_9,sf_2022_9,hassanridgeway_sf_2022,sf_2022,hassanridgeway,10750,di,sf,1,0,0,28,0,0,0,0,0,0,0,0,0,0,0,0,0,0,0,0,0,0,0,0,0,0,0,0,0,0,9,2022,9
davidonyemata_no_2022_9,no_2022_9,davidonyemata_no_2022,no_2022,davidonyemata,10754,di,no,1,0,0,20,0,0,0,0,0,0,0,0,0,0,0,0,0,0,0,0,0,0,0,0,0,0,0,0,0,0,9,2022,9
andrewbillings_lv_2022_9,lv_2022_9,andrewbillings_lv_2022,lv_2022,andrewbillings,10756,di,lv,1,0,0,23,0,0,0,0,0,0,0,0,0,0,0,0,0,0,0,0,0,0,0,0,0,0,0,0,0,0,9,2022,9
deanlowry_gb_2022_9,gb_2022_9,deanlowry_gb_2022,gb_2022,deanlowry,10771,di,gb,1,0,0,12,0,0,0,0,0,0,0,0,0,0,0,0,0,0,0,0,0,0,0,0,0,0,0,0,0,0,9,2022,9
matthewjudon_ne_2022_9,ne_2022_9,matthewjudon_ne_2022,ne_2022,matthewjudon,10780,ed,ne,1,1,0,19,0,0,0,0,0,0,0,0,0,0,0,0,0,0,0,0,0,0,0,0,0,0,0,0,0,0,9,2022,9
quintonjefferson_sea_2022_9,sea_2022_9,quintonjefferson_sea_2022,sea_2022,quintonjefferson,10781,di,sea,1,0,0,29,0,0,0,0,0,0,0,0,0,0,0,0,0,0,0,0,0,0,0,0,0,0,0,0,0,0,9,2022,9
mattioannidis_car_2022_9,car_2022_9,mattioannidis_car_2022,car_2022,mattioannidis,10786,di,car,1,0,0,5,0,0,0,0,0,0,0,0,0,0,0,0,0,0,0,0,0,0,0,0,0,0,0,0,0,0,9,2022,9
elandonroberts_mia_2022_9,mia_2022_9,elandonroberts_mia_2022,mia_2022,elandonroberts,10848,lb,mia,1,0,0,17,0,0,0,0,0,0,0,0,0,0,0,0,0,0,0,0,0,0,0,0,0,0,0,0,0,0,9,2022,9
jayronkearse_dal_2022_9,dal_2022_9,jayronkearse_dal_2022,dal_2022,jayronkearse,10878,s,dal,1,0,0,9,0,0,0,0,0,0,0,0,0,0,0,0,0,0,0,0,0,0,0,0,0,0,0,0,0,0,9,2022,9
corylittleton_car_2022_9,car_2022_9,corylittleton_car_2022,car_2022,corylittleton,11190,lb,car,1,0,0,5,0,0,0,0,0,0,0,0,0,0,0,0,0,0,0,0,0,0,0,0,0,0,0,0,0,0,9,2022,9
andrewadams_ten_2022_9,ten_2022_9,andrewadams_ten_2022,ten_2022,andrewadams,11240,s,ten,1,0,0,31,0,0,0,0,0,0,0,0,0,0,0,0,0,0,0,0,0,0,0,0,0,0,0,0,0,0,9,2022,9
antwaunwoods_ari_2022_9,ari_2022_9,antwaunwoods_ari_2022,ari_2022,antwaunwoods,11332,di,ari,1,0,0,1,0,0,0,0,0,0,0,0,0,0,0,0,0,0,0,0,0,0,0,0,0,0,0,0,0,0,9,2022,9
royrobertsonharris_jax_2022_9,jax_2022_9,royrobertsonharris_jax_2022,jax_2022,royrobertsonharris,11341,di,jax,1,0,0,15,0,0,0,0,0,0,0,0,0,0,0,0,0,0,0,0,0,0,0,0,0,0,0,0,0,0,9,2022,9
mylesgarrett_cle_2022_9,cle_2022_9,mylesgarrett_cle_2022,cle_2022,mylesgarrett,11756,ed,cle,1,1,0,8,0,0,0,0,0,0,0,0,0,0,0,0,0,0,0,0,0,0,0,0,0,0,0,0,0,0,9,2022,9
solomonthomas_nyj_2022_9,nyj_2022_9,solomonthomas_nyj_2022,nyj_2022,solomonthomas,11758,di,nyj,1,0,0,22,0,0,0,0,0,0,0,0,0,0,0,0,0,0,0,0,0,0,0,0,0,0,0,0,0,0,9,2022,9
haasonreddick_phi_2022_9,phi_2022_9,haasonreddick_phi_2022,phi_2022,haasonreddick,11768,ed,phi,1,0,0,24,0,0,0,0,0,0,0,0,0,0,0,0,0,0,0,0,0,0,0,0,0,0,0,0,0,0,9,2022,9
jonathanallen_was_2022_9,was_2022_9,jonathanallen_was_2022,was_2022,jonathanallen,11772,di,was,1,0,0,32,0,0,0,0,0,0,0,0,0,0,0,0,0,0,0,0,0,0,0,0,0,0,0,0,0,0,9,2022,9
jabrillpeppers_ne_2022_9,ne_2022_9,jabrillpeppers_ne_2022,ne_2022,jabrillpeppers,11780,s,ne,1,0,0,19,0,0,0,0,0,0,0,0,0,0,0,0,0,0,0,0,0,0,0,0,0,0,0,0,0,0,9,2022,9
buddabaker_ari_2022_9,ari_2022_9,buddabaker_ari_2022,ari_2022,buddabaker,11791,s,ari,1,0,0,1,0,0,0,0,0,0,0,0,0,0,0,0,0,0,0,0,0,0,0,0,0,0,0,0,0,0,9,2022,9
marcusmaye_no_2022_9,no_2022_9,marcusmaye_no_2022,no_2022,marcusmaye,11794,s,no,1,0,0,20,0,0,0,0,0,0,0,0,0,0,0,0,0,0,0,0,0,0,0,0,0,0,0,0,0,0,9,2022,9
ryananderson_pit_2022_9,pit_2022_9,ryananderson_pit_2022,pit_2022,ryananderson,11804,ed,pit,1,0,0,25,0,0,0,0,0,0,0,0,0,0,0,0,0,0,0,0,0,0,0,0,0,0,0,0,0,0,9,2022,9
demarcuswalker_ten_2022_9,ten_2022_9,demarcuswalker_ten_2022,ten_2022,demarcuswalker,11806,ed,ten,1,0,0,31,0,0,0,0,0,0,0,0,0,0,0,0,0,0,0,0,0,0,0,0,0,0,0,0,0,0,9,2022,9
zachcunningham_ten_2022_9,ten_2022_9,zachcunningham_ten_2022,ten_2022,zachcunningham,11812,lb,ten,1,0,0,31,0,0,0,0,0,0,0,0,0,0,0,0,0,0,0,0,0,0,0,0,0,0,0,0,0,0,9,2022,9
tanohkpassagnon_no_2022_9,no_2022_9,tanohkpassagnon_no_2022,no_2022,tanohkpassagnon,11814,ed,no,1,0,0,20,0,0,0,0,0,0,0,0,0,0,0,0,0,0,0,0,0,0,0,0,0,0,0,0,0,0,9,2022,9
dawuanesmoot_jax_2022_9,jax_2022_9,dawuanesmoot_jax_2022,jax_2022,dawuanesmoot,11823,ed,jax,1,0,0,15,0,0,0,0,0,0,0,0,0,0,0,0,0,0,0,0,0,0,0,0,0,0,0,0,0,0,9,2022,9
chriswormley_pit_2022_9,pit_2022_9,chriswormley_pit_2022,pit_2022,chriswormley,11829,di,pit,1,0,0,25,0,0,0,0,0,0,0,0,0,0,0,0,0,0,0,0,0,0,0,0,0,0,0,0,0,0,9,2022,9
dukeriley_mia_2022_9,mia_2022_9,dukeriley_mia_2022,mia_2022,dukeriley,11830,lb,mia,1,0,0,17,0,0,0,0,0,0,0,0,0,0,0,0,0,0,0,0,0,0,0,0,0,0,0,0,0,0,9,2022,9
alexanzalone_det_2022_9,det_2022_9,alexanzalone_det_2022,det_2022,alexanzalone,11831,lb,det,1,0,0,11,0,0,0,0,0,0,0,0,0,0,0,0,0,0,0,0,0,0,0,0,0,0,0,0,0,0,9,2022,9
montraviusadams_pit_2022_9,pit_2022_9,montraviusadams_pit_2022,pit_2022,montraviusadams,11848,di,pit,1,0,0,25,0,0,0,0,0,0,0,0,0,0,0,0,0,0,0,0,0,0,0,0,0,0,0,0,0,0,9,2022,9
treyhendrickson_cin_2022_9,cin_2022_9,treyhendrickson_cin_2022,cin_2022,treyhendrickson,11858,ed,cin,1,0,0,7,0,0,0,0,0,0,0,0,0,0,0,0,0,0,0,0,0,0,0,0,0,0,0,0,0,0,9,2022,9
jaleeljohnson_hou_2022_9,hou_2022_9,jaleeljohnson_hou_2022,hou_2022,jaleeljohnson,11864,di,hou,1,0,0,13,0,0,0,0,0,0,0,0,0,0,0,0,0,0,0,0,0,0,0,0,0,0,0,0,0,0,9,2022,9
eddiejackson_chi_2022_9,chi_2022_9,eddiejackson_chi_2022,chi_2022,eddiejackson,11867,s,chi,1,0,0,6,0,0,0,0,0,0,0,0,0,0,0,0,0,0,0,0,0,0,0,0,0,0,0,0,0,0,9,2022,9
rayshawnjenkins_jax_2022_9,jax_2022_9,rayshawnjenkins_jax_2022,jax_2022,rayshawnjenkins,11868,s,jax,1,0,0,15,0,0,0,0,0,0,0,0,0,0,0,0,0,0,0,0,0,0,0,0,0,0,0,0,0,0,9,2022,9
carllawson_nyj_2022_9,nyj_2022_9,carllawson_nyj_2022,nyj_2022,carllawson,11871,ed,nyj,1,0,0,22,0,0,0,0,0,0,0,0,0,0,0,0,0,0,0,0,0,0,0,0,0,0,0,0,0,0,9,2022,9
samsonebukam_sf_2022_9,sf_2022_9,samsonebukam_sf_2022,sf_2022,samsonebukam,11880,ed,sf,1,0,0,28,0,0,0,0,0,0,0,0,0,0,0,0,0,0,0,0,0,0,0,0,0,0,0,0,0,0,9,2022,9
deatrichwisejr_ne_2022_9,ne_2022_9,deatrichwisejr_ne_2022,ne_2022,deatrichwisejr,11886,ed,ne,1,1,0,19,0,0,0,0,0,0,0,0,0,0,0,0,0,0,0,0,0,0,0,0,0,0,0,0,0,0,9,2022,9
carloswatkins_dal_2022_9,dal_2022_9,carloswatkins_dal_2022,dal_2022,carloswatkins,11897,di,dal,1,0,0,9,0,0,0,0,0,0,0,0,0,0,0,0,0,0,0,0,0,0,0,0,0,0,0,0,0,0,9,2022,9
groverstewart_ind_2022_9,ind_2022_9,groverstewart_ind_2022,ind_2022,groverstewart,11899,di,ind,1,1,0,14,0,0,0,0,0,0,0,0,0,0,0,0,0,0,0,0,0,0,0,0,0,0,0,0,0,0,9,2022,9
mattmilano_buf_2022_9,buf_2022_9,mattmilano_buf_2022,buf_2022,mattmilano,11918,lb,buf,1,0,0,4,0,0,0,0,0,0,0,0,0,0,0,0,0,0,0,0,0,0,0,0,0,0,0,0,0,0,9,2022,9
davongodchaux_ne_2022_9,ne_2022_9,davongodchaux_ne_2022,ne_2022,davongodchaux,11934,di,ne,1,0,0,19,0,0,0,0,0,0,0,0,0,0,0,0,0,0,0,0,0,0,0,0,0,0,0,0,0,0,9,2022,9
xavierwoods_car_2022_9,car_2022_9,xavierwoods_car_2022,car_2022,xavierwoods,11946,s,car,1,0,0,5,0,0,0,0,0,0,0,0,0,0,0,0,0,0,0,0,0,0,0,0,0,0,0,0,0,0,9,2022,9
alquadinmuhammad_chi_2022_9,chi_2022_9,alquadinmuhammad_chi_2022,chi_2022,alquadinmuhammad,11951,ed,chi,1,0,0,6,0,0,0,0,0,0,0,0,0,0,0,0,0,0,0,0,0,0,0,0,0,0,0,0,0,0,9,2022,9
djjones_den_2022_9,den_2022_9,djjones_den_2022,den_2022,djjones,11953,di,den,1,0,0,10,0,0,0,0,0,0,0,0,0,0,0,0,0,0,0,0,0,0,0,0,0,0,0,0,0,0,9,2022,9
ifeadiodenigbo_ind_2022_9,ind_2022_9,ifeadiodenigbo_ind_2022,ind_2022,ifeadiodenigbo,11975,ed,ind,1,0,0,14,0,0,0,0,0,0,0,0,0,0,0,0,0,0,0,0,0,0,0,0,0,0,0,0,0,0,9,2022,9
isaacrochell_cle_2022_9,cle_2022_9,isaacrochell_cle_2022,cle_2022,isaacrochell,11980,ed,cle,1,0,0,8,0,0,0,0,0,0,0,0,0,0,0,0,0,0,0,0,0,0,0,0,0,0,0,0,0,0,9,2022,9
patrickoconnor_tb_2022_9,tb_2022_9,patrickoconnor_tb_2022,tb_2022,patrickoconnor,12005,ed,tb,1,0,0,30,0,0,0,0,0,0,0,0,0,0,0,0,0,0,0,0,0,0,0,0,0,0,0,0,0,0,9,2022,9
sionetakitaki_cle_2022_9,cle_2022_9,sionetakitaki_cle_2022,cle_2022,sionetakitaki,12666,lb,cle,1,0,0,8,0,0,0,0,0,0,0,0,0,0,0,0,0,0,0,0,0,0,0,0,0,0,0,0,0,0,9,2022,9
jonathanledbetter_ari_2022_9,ari_2022_9,jonathanledbetter_ari_2022,ari_2022,jonathanledbetter,18645,di,ari,1,0,0,1,0,0,0,0,0,0,0,0,0,0,0,0,0,0,0,0,0,0,0,0,0,0,0,0,0,0,9,2022,9
dylancole_ten_2022_9,ten_2022_9,dylancole_ten_2022,ten_2022,dylancole,24304,lb,ten,1,0,0,31,0,0,0,0,0,0,0,0,0,0,0,0,0,0,0,0,0,0,0,0,0,0,0,0,0,0,9,2022,9
nathanshepherd_nyj_2022_9,nyj_2022_9,nathanshepherd_nyj_2022,nyj_2022,nathanshepherd,24614,di,nyj,1,0,0,22,0,0,0,0,0,0,0,0,0,0,0,0,0,0,0,0,0,0,0,0,0,0,0,0,0,0,9,2022,9
foyesadeoluokun_jax_2022_9,jax_2022_9,foyesadeoluokun_jax_2022,jax_2022,foyesadeoluokun,24904,lb,jax,1,0,0,15,0,0,0,0,0,0,0,0,0,0,0,0,0,0,0,0,0,0,0,0,0,0,0,0,0,0,9,2022,9
anferneejennings_ne_2022_9,ne_2022_9,anferneejennings_ne_2022,ne_2022,anferneejennings,25449,ed,ne,1,0,0,19,0,0,0,0,0,0,0,0,0,0,0,0,0,0,0,0,0,0,0,0,0,0,0,0,0,0,9,2022,9
bravvionroy_car_2022_9,car_2022_9,bravvionroy_car_2022,car_2022,bravvionroy,25644,di,car,1,0,0,5,0,0,0,0,0,0,0,0,0,0,0,0,0,0,0,0,0,0,0,0,0,0,0,0,0,0,9,2022,9
clelinferrell_lv_2022_9,lv_2022_9,clelinferrell_lv_2022,lv_2022,clelinferrell,25955,ed,lv,1,0,0,23,0,0,0,0,0,0,0,0,0,0,0,0,0,0,0,0,0,0,0,0,0,0,0,0,0,0,9,2022,9
dexterlawrence_nyg_2022_9,nyg_2022_9,dexterlawrence_nyg_2022,nyg_2022,dexterlawrence,25991,di,nyg,1,0,0,21,0,0,0,0,0,0,0,0,0,0,0,0,0,0,0,0,0,0,0,0,0,0,0,0,0,0,9,2022,9
isaiahmack_bal_2022_9,bal_2022_9,isaiahmack_bal_2022,bal_2022,isaiahmack,26229,di,bal,1,0,0,3,0,0,0,0,0,0,0,0,0,0,0,0,0,0,0,0,0,0,0,0,0,0,0,0,0,0,9,2022,9
maxxcrosby_lv_2022_9,lv_2022_9,maxxcrosby_lv_2022,lv_2022,maxxcrosby,26316,ed,lv,1,0,0,23,0,0,0,0,0,0,0,0,0,0,0,0,0,0,0,0,0,0,0,0,0,0,0,0,0,0,9,2022,9
benbanogu_ind_2022_9,ind_2022_9,benbanogu_ind_2022,ind_2022,benbanogu,26554,ed,ind,1,0,0,14,0,0,0,0,0,0,0,0,0,0,0,0,0,0,0,0,0,0,0,0,0,0,0,0,0,0,9,2022,9
brycehuff_nyj_2022_9,nyj_2022_9,brycehuff_nyj_2022,nyj_2022,brycehuff,27128,ed,nyj,1,0,0,22,0,0,0,0,0,0,0,0,0,0,0,0,0,0,0,0,0,0,0,0,0,0,0,0,0,0,9,2022,9
montezsweat_was_2022_9,was_2022_9,montezsweat_was_2022,was_2022,montezsweat,27271,ed,was,1,0,0,32,0,0,0,0,0,0,0,0,0,0,0,0,0,0,0,0,0,0,0,0,0,0,0,0,0,0,9,2022,9
devinbush_pit_2022_9,pit_2022_9,devinbush_pit_2022,pit_2022,devinbush,27375,lb,pit,1,0,0,25,0,0,0,0,0,0,0,0,0,0,0,0,0,0,0,0,0,0,0,0,0,0,0,0,0,0,9,2022,9
joshuche_ne_2022_9,ne_2022_9,joshuche_ne_2022,ne_2022,joshuche,27379,ed,ne,1,0,0,19,0,0,0,0,0,0,0,0,0,0,0,0,0,0,0,0,0,0,0,0,0,0,0,0,0,0,9,2022,9
jalendalton_atl_2022_9,atl_2022_9,jalendalton_atl_2022,atl_2022,jalendalton,27753,di,atl,1,0,0,2,0,0,0,0,0,0,0,0,0,0,0,0,0,0,0,0,0,0,0,0,0,0,0,0,0,0,9,2022,9
armonwatts_chi_2022_9,chi_2022_9,armonwatts_chi_2022,chi_2022,armonwatts,27844,di,chi,1,0,0,6,0,0,0,0,0,0,0,0,0,0,0,0,0,0,0,0,0,0,0,0,0,0,0,0,0,0,9,2022,9
davonhamilton_jax_2022_9,jax_2022_9,davonhamilton_jax_2022,jax_2022,davonhamilton,28072,di,jax,1,0,0,15,0,0,0,0,0,0,0,0,0,0,0,0,0,0,0,0,0,0,0,0,0,0,0,0,0,0,9,2022,9
dremontjones_den_2022_9,den_2022_9,dremontjones_den_2022,den_2022,dremontjones,28075,di,den,1,0,0,10,0,0,0,0,0,0,0,0,0,0,0,0,0,0,0,0,0,0,0,0,0,0,0,0,0,0,9,2022,9
malikharrison_bal_2022_9,bal_2022_9,malikharrison_bal_2022,bal_2022,malikharrison,28081,lb,bal,1,0,0,3,0,0,0,0,0,0,0,0,0,0,0,0,0,0,0,0,0,0,0,0,0,0,0,0,0,0,9,2022,9
jeromebaker_mia_2022_9,mia_2022_9,jeromebaker_mia_2022,mia_2022,jeromebaker,28091,lb,mia,1,0,0,17,0,0,0,0,0,0,0,0,0,0,0,0,0,0,0,0,0,0,0,0,0,0,0,0,0,0,9,2022,9
nevillegallimore_dal_2022_9,dal_2022_9,nevillegallimore_dal_2022,dal_2022,nevillegallimore,28094,di,dal,1,0,0,9,0,0,0,0,0,0,0,0,0,0,0,0,0,0,0,0,0,0,0,0,0,0,0,0,0,0,9,2022,9
kevingivens_sf_2022_9,sf_2022_9,kevingivens_sf_2022,sf_2022,kevingivens,28308,di,sf,1,0,0,28,0,0,0,0,0,0,0,0,0,0,0,0,0,0,0,0,0,0,0,0,0,0,0,0,0,0,9,2022,9
bilalnichols_lv_2022_9,lv_2022_9,bilalnichols_lv_2022,lv_2022,bilalnichols,28451,di,lv,1,0,0,23,0,0,0,0,0,0,0,0,0,0,0,0,0,0,0,0,0,0,0,0,0,0,0,0,0,0,9,2022,9
germainepratt_cin_2022_9,cin_2022_9,germainepratt_cin_2022,cin_2022,germainepratt,29407,lb,cin,1,0,0,7,0,0,0,0,0,0,0,0,0,0,0,0,0,0,0,0,0,0,0,0,0,0,0,0,0,0,9,2022,9
chrisboard_det_2022_9,det_2022_9,chrisboard_det_2022,det_2022,chrisboard,29456,lb,det,1,0,0,11,0,0,0,0,0,0,0,0,0,0,0,0,0,0,0,0,0,0,0,0,0,0,0,0,0,0,9,2022,9
loganwilson_cin_2022_9,cin_2022_9,loganwilson_cin_2022,cin_2022,loganwilson,29623,lb,cin,1,0,0,7,0,0,0,0,0,0,0,0,0,0,0,0,0,0,0,0,0,0,0,0,0,0,0,0,0,0,9,2022,9
andrewvanginkel_mia_2022_9,mia_2022_9,andrewvanginkel_mia_2022,mia_2022,andrewvanginkel,30267,ed,mia,1,0,0,17,0,0,0,0,0,0,0,0,0,0,0,0,0,0,0,0,0,0,0,0,0,0,0,0,0,0,9,2022,9
tjedwards_phi_2022_9,phi_2022_9,tjedwards_phi_2022,phi_2022,tjedwards,30737,lb,phi,1,0,0,24,0,0,0,0,0,0,0,0,0,0,0,0,0,0,0,0,0,0,0,0,0,0,0,0,0,0,9,2022,9
deedelaney_tb_2022_9,tb_2022_9,deedelaney_tb_2022,tb_2022,deedelaney,31078,s,tb,1,0,0,30,0,0,0,0,0,0,0,0,0,0,0,0,0,0,0,0,0,0,0,0,0,0,0,0,0,0,9,2022,9
abdullahanderson_atl_2022_9,atl_2022_9,abdullahanderson_atl_2022,atl_2022,abdullahanderson,32708,di,atl,1,0,0,2,0,0,0,0,0,0,0,0,0,0,0,0,0,0,0,0,0,0,0,0,0,0,0,0,0,0,9,2022,9
ericjohnson_ind_2022_9,ind_2022_9,ericjohnson_ind_2022,ind_2022,ericjohnson,33698,di,ind,1,0,0,14,0,0,0,0,0,0,0,0,0,0,0,0,0,0,0,0,0,0,0,0,0,0,0,0,0,0,9,2022,9
darnellsavage_gb_2022_9,gb_2022_9,darnellsavage_gb_2022,gb_2022,darnellsavage,34247,s,gb,1,0,0,12,0,0,0,0,0,0,0,0,0,0,0,0,0,0,0,0,0,0,0,0,0,0,0,0,0,0,9,2022,9
akeemdavisgaither_cin_2022_9,cin_2022_9,akeemdavisgaither_cin_2022,cin_2022,akeemdavisgaither,34788,lb,cin,1,0,0,7,0,0,0,0,0,0,0,0,0,0,0,0,0,0,0,0,0,0,0,0,0,0,0,0,0,0,9,2022,9
trevisgipson_chi_2022_9,chi_2022_9,trevisgipson_chi_2022,chi_2022,trevisgipson,35241,ed,chi,1,0,0,6,0,0,0,0,0,0,0,0,0,0,0,0,0,0,0,0,0,0,0,0,0,0,0,0,0,0,9,2022,9
blakecashman_hou_2022_9,hou_2022_9,blakecashman_hou_2022,hou_2022,blakecashman,35413,lb,hou,1,0,0,13,0,0,0,0,0,0,0,0,0,0,0,0,0,0,0,0,0,0,0,0,0,0,0,0,0,0,9,2022,9
taecrowder_nyg_2022_9,nyg_2022_9,taecrowder_nyg_2022,nyg_2022,taecrowder,35774,lb,nyg,1,0,0,21,0,0,0,0,0,0,0,0,0,0,0,0,0,0,0,0,0,0,0,0,0,0,0,0,0,0,9,2022,9
jonasgriffith_den_2022_9,den_2022_9,jonasgriffith_den_2022,den_2022,jonasgriffith,35858,lb,den,1,0,0,10,0,0,0,0,0,0,0,0,0,0,0,0,0,0,0,0,0,0,0,0,0,0,0,0,0,0,9,2022,9
austinbryant_det_2022_9,det_2022_9,austinbryant_det_2022,det_2022,austinbryant,36248,ed,det,1,0,0,11,0,0,0,0,0,0,0,0,0,0,0,0,0,0,0,0,0,0,0,0,0,0,0,0,0,0,9,2022,9
shytuttle_no_2022_9,no_2022_9,shytuttle_no_2022,no_2022,shytuttle,37279,di,no,1,0,0,20,0,0,0,0,0,0,0,0,0,0,0,0,0,0,0,0,0,0,0,0,0,0,0,0,0,0,9,2022,9
bryanmone_sea_2022_9,sea_2022_9,bryanmone_sea_2022,sea_2022,bryanmone,38461,di,sea,1,0,0,29,0,0,0,0,0,0,0,0,0,0,0,0,0,0,0,0,0,0,0,0,0,0,0,0,0,0,9,2022,9
caseytoohill_was_2022_9,was_2022_9,caseytoohill_was_2022,was_2022,caseytoohill,38472,ed,was,1,0,0,32,0,0,0,0,0,0,0,0,0,0,0,0,0,0,0,0,0,0,0,0,0,0,0,0,0,0,9,2022,9
marquisecopeland_lar_2022_9,lar_2022_9,marquisecopeland_lar_2022,lar_2022,marquisecopeland,38540,di,lar,1,0,0,26,0,0,0,0,0,0,0,0,0,0,0,0,0,0,0,0,0,0,0,0,0,0,0,0,0,0,9,2022,9
folorunsofatukasi_jax_2022_9,jax_2022_9,folorunsofatukasi_jax_2022,jax_2022,folorunsofatukasi,38558,di,jax,1,1,0,15,0,0,0,0,0,0,0,0,0,0,0,0,0,0,0,0,0,0,0,0,0,0,0,0,0,0,9,2022,9
ericwilson_gb_2022_9,gb_2022_9,ericwilson_gb_2022,gb_2022,ericwilson,38587,lb,gb,1,0,0,12,0,0,0,0,0,0,0,0,0,0,0,0,0,0,0,0,0,0,0,0,0,0,0,0,0,0,9,2022,9
edoliver_buf_2022_9,buf_2022_9,edoliver_buf_2022,buf_2022,edoliver,42200,di,buf,1,0,0,4,0,0,0,0,0,0,0,0,0,0,0,0,0,0,0,0,0,0,0,0,0,0,0,0,0,0,9,2022,9
divinedeablo_lv_2022_9,lv_2022_9,divinedeablo_lv_2022,lv_2022,divinedeablo,42208,lb,lv,1,0,0,23,0,0,0,0,0,0,0,0,0,0,0,0,0,0,0,0,0,0,0,0,0,0,0,0,0,0,9,2022,9
jonathankongbo_den_2022_9,den_2022_9,jonathankongbo_den_2022,den_2022,jonathankongbo,42433,ed,den,1,0,0,10,0,0,0,0,0,0,0,0,0,0,0,0,0,0,0,0,0,0,0,0,0,0,0,0,0,0,9,2022,9
isaiahsimmons_ari_2022_9,ari_2022_9,isaiahsimmons_ari_2022,ari_2022,isaiahsimmons,42451,lb,ari,1,0,0,1,0,0,0,0,0,0,0,0,0,0,0,0,0,0,0,0,0,0,0,0,0,0,0,0,0,0,9,2022,9
tomonfox_nyg_2022_9,nyg_2022_9,tomonfox_nyg_2022,nyg_2022,tomonfox,42486,ed,nyg,1,0,0,21,0,0,0,0,0,0,0,0,0,0,0,0,0,0,0,0,0,0,0,0,0,0,0,0,0,0,9,2022,9
chaunceygolston_dal_2022_9,dal_2022_9,chaunceygolston_dal_2022,dal_2022,chaunceygolston,42718,di,dal,1,0,0,9,0,0,0,0,0,0,0,0,0,0,0,0,0,0,0,0,0,0,0,0,0,0,0,0,0,0,9,2022,9
nickbosa_sf_2022_9,sf_2022_9,nickbosa_sf_2022,sf_2022,nickbosa,42741,ed,sf,1,0,0,28,0,0,0,0,0,0,0,0,0,0,0,0,0,0,0,0,0,0,0,0,0,0,0,0,0,0,9,2022,9
osaodighizuwa_dal_2022_9,dal_2022_9,osaodighizuwa_dal_2022,dal_2022,osaodighizuwa,42754,di,dal,1,0,0,9,0,0,0,0,0,0,0,0,0,0,0,0,0,0,0,0,0,0,0,0,0,0,0,0,0,0,9,2022,9
terrelllewis_lar_2022_9,lar_2022_9,terrelllewis_lar_2022,lar_2022,terrelllewis,42845,ed,lar,1,0,0,26,0,0,0,0,0,0,0,0,0,0,0,0,0,0,0,0,0,0,0,0,0,0,0,0,0,0,9,2022,9
rashangary_gb_2022_9,gb_2022_9,rashangary_gb_2022,gb_2022,rashangary,42905,ed,gb,1,0,0,12,0,0,0,0,0,0,0,0,0,0,0,0,0,0,0,0,0,0,0,0,0,0,0,0,0,0,9,2022,9
jonathoncooper_den_2022_9,den_2022_9,jonathoncooper_den_2022,den_2022,jonathoncooper,43021,ed,den,1,0,0,10,0,0,0,0,0,0,0,0,0,0,0,0,0,0,0,0,0,0,0,0,0,0,0,0,0,0,9,2022,9
devinwhite_tb_2022_9,tb_2022_9,devinwhite_tb_2022,tb_2022,devinwhite,43089,lb,tb,1,0,0,30,0,0,0,0,0,0,0,0,0,0,0,0,0,0,0,0,0,0,0,0,0,0,0,0,0,0,9,2022,9
mackwilson_ne_2022_9,ne_2022_9,mackwilson_ne_2022,ne_2022,mackwilson,43190,lb,ne,1,0,0,19,0,0,0,0,0,0,0,0,0,0,0,0,0,0,0,0,0,0,0,0,0,0,0,0,0,0,9,2022,9
richiegrant_atl_2022_9,atl_2022_9,richiegrant_atl_2022,atl_2022,richiegrant,43196,s,atl,1,0,1,2,0,0,0,0,0,0,0,0,0,0,0,0,0,0,0,0,0,0,0,0,0,0,0,0,0,0,9,2022,9
alexhighsmith_pit_2022_9,pit_2022_9,alexhighsmith_pit_2022,pit_2022,alexhighsmith,43507,ed,pit,1,0,0,25,0,0,0,0,0,0,0,0,0,0,0,0,0,0,0,0,0,0,0,0,0,0,0,0,0,0,9,2022,9
kobejones_gb_2022_9,gb_2022_9,kobejones_gb_2022,gb_2022,kobejones,43511,ed,gb,1,0,0,12,0,0,0,0,0,0,0,0,0,0,0,0,0,0,0,0,0,0,0,0,0,0,0,0,0,0,9,2022,9
jefferysimmons_ten_2022_9,ten_2022_9,jefferysimmons_ten_2022,ten_2022,jefferysimmons,43742,di,ten,1,0,0,31,0,0,0,0,0,0,0,0,0,0,0,0,0,0,0,0,0,0,0,0,0,0,0,0,0,0,9,2022,9
elersonsmith_nyg_2022_9,nyg_2022_9,elersonsmith_nyg_2022,nyg_2022,elersonsmith,43766,ed,nyg,1,0,0,21,0,0,0,0,0,0,0,0,0,0,0,0,0,0,0,0,0,0,0,0,0,0,0,0,0,0,9,2022,9
derrickbrown_car_2022_9,car_2022_9,derrickbrown_car_2022,car_2022,derrickbrown,43883,di,car,1,0,0,5,0,0,0,0,0,0,0,0,0,0,0,0,0,0,0,0,0,0,0,0,0,0,0,0,0,0,9,2022,9
timmyhorne_atl_2022_9,atl_2022_9,timmyhorne_atl_2022,atl_2022,timmyhorne,43918,di,atl,1,0,0,2,0,0,0,0,0,0,0,0,0,0,0,0,0,0,0,0,0,0,0,0,0,0,0,0,0,0,9,2022,9
patrickjonesii_min_2022_9,min_2022_9,patrickjonesii_min_2022,min_2022,patrickjonesii,43974,ed,min,1,0,0,18,0,0,0,0,0,0,0,0,0,0,0,0,0,0,0,0,0,0,0,0,0,0,0,0,0,0,9,2022,9
benitojones_det_2022_9,det_2022_9,benitojones_det_2022,det_2022,benitojones,44035,di,det,1,1,0,11,0,0,0,0,0,0,0,0,0,0,0,0,0,0,0,0,0,0,0,0,0,0,0,0,0,0,9,2022,9
adetokunboogundeji_atl_2022_9,atl_2022_9,adetokunboogundeji_atl_2022,atl_2022,adetokunboogundeji,44047,ed,atl,1,0,0,2,0,0,0,0,0,0,0,0,0,0,0,0,0,0,0,0,0,0,0,0,0,0,0,0,0,0,9,2022,9
julianokwara_det_2022_9,det_2022_9,julianokwara_det_2022,det_2022,julianokwara,44152,ed,det,1,0,0,11,0,0,0,0,0,0,0,0,0,0,0,0,0,0,0,0,0,0,0,0,0,0,0,0,0,0,9,2022,9
quinnenwilliams_nyj_2022_9,nyj_2022_9,quinnenwilliams_nyj_2022,nyj_2022,quinnenwilliams,44216,di,nyj,1,0,0,22,0,0,0,0,0,0,0,0,0,0,0,0,0,0,0,0,0,0,0,0,0,0,0,0,0,0,9,2022,9
justinmadubuike_bal_2022_9,bal_2022_9,justinmadubuike_bal_2022,bal_2022,justinmadubuike,44304,di,bal,1,0,0,3,0,0,0,0,0,0,0,0,0,0,0,0,0,0,0,0,0,0,0,0,0,0,0,0,0,0,9,2022,9
boogiebasham_buf_2022_9,buf_2022_9,boogiebasham_buf_2022,buf_2022,boogiebasham,44320,ed,buf,1,0,0,4,0,0,0,0,0,0,0,0,0,0,0,0,0,0,0,0,0,0,0,0,0,0,0,0,0,0,9,2022,9
isaiahhloudermilk_pit_2022_9,pit_2022_9,isaiahhloudermilk_pit_2022,pit_2022,isaiahhloudermilk,44416,ed,pit,1,0,0,25,0,0,0,0,0,0,0,0,0,0,0,0,0,0,0,0,0,0,0,0,0,0,0,0,0,0,9,2022,9
brianburns_car_2022_9,car_2022_9,brianburns_car_2022,car_2022,brianburns,44522,ed,car,1,0,0,5,0,0,0,0,0,0,0,0,0,0,0,0,0,0,0,0,0,0,0,0,0,0,0,0,0,0,9,2022,9
rossblacklock_min_2022_9,min_2022_9,rossblacklock_min_2022,min_2022,rossblacklock,44526,di,min,1,0,0,18,0,0,0,0,0,0,0,0,0,0,0,0,0,0,0,0,0,0,0,0,0,0,0,0,0,0,9,2022,9
djwonnum_min_2022_9,min_2022_9,djwonnum_min_2022,min_2022,djwonnum,44550,ed,min,1,0,0,18,0,0,0,0,0,0,0,0,0,0,0,0,0,0,0,0,0,0,0,0,0,0,0,0,0,0,9,2022,9
raekwondavis_mia_2022_9,mia_2022_9,raekwondavis_mia_2022,mia_2022,raekwondavis,44582,di,mia,1,0,0,17,0,0,0,0,0,0,0,0,0,0,0,0,0,0,0,0,0,0,0,0,0,0,0,0,0,0,9,2022,9
lekifotu_ari_2022_9,ari_2022_9,lekifotu_ari_2022,ari_2022,lekifotu,44614,di,ari,1,0,0,1,0,0,0,0,0,0,0,0,0,0,0,0,0,0,0,0,0,0,0,0,0,0,0,0,0,0,9,2022,9
kentaviusstreet_no_2022_9,no_2022_9,kentaviusstreet_no_2022,no_2022,kentaviusstreet,48404,di,no,1,0,0,20,0,0,0,0,0,0,0,0,0,0,0,0,0,0,0,0,0,0,0,0,0,0,0,0,0,0,9,2022,9
anthonynelson_tb_2022_9,tb_2022_9,anthonynelson_tb_2022,tb_2022,anthonynelson,48405,ed,tb,1,0,0,30,0,0,0,0,0,0,0,0,0,0,0,0,0,0,0,0,0,0,0,0,0,0,0,0,0,0,9,2022,9
demoneharris_hou_2022_9,hou_2022_9,demoneharris_hou_2022,hou_2022,demoneharris,48452,ed,hou,1,0,0,13,0,0,0,0,0,0,0,0,0,0,0,0,0,0,0,0,0,0,0,0,0,0,0,0,0,0,9,2022,9
jamessmithwilliams_was_2022_9,was_2022_9,jamessmithwilliams_was_2022,was_2022,jamessmithwilliams,48455,ed,was,1,0,0,32,0,0,0,0,0,0,0,0,0,0,0,0,0,0,0,0,0,0,0,0,0,0,0,0,0,0,9,2022,9
samhubbard_cin_2022_9,cin_2022_9,samhubbard_cin_2022,cin_2022,samhubbard,48457,ed,cin,1,0,0,7,0,0,0,0,0,0,0,0,0,0,0,0,0,0,0,0,0,0,0,0,0,0,0,0,0,0,9,2022,9
justinhollins_lar_2022_9,lar_2022_9,justinhollins_lar_2022,lar_2022,justinhollins,48498,ed,lar,1,0,0,26,0,0,0,0,0,0,0,0,0,0,0,0,0,0,0,0,0,0,0,0,0,0,0,0,0,0,9,2022,9
bradleychubb_den_2022_9,den_2022_9,bradleychubb_den_2022,den_2022,bradleychubb,48526,ed,den,1,0,0,10,0,0,0,0,0,0,0,0,0,0,0,0,0,0,0,0,0,0,0,0,0,0,0,0,0,0,9,2022,9
dorancearmstrong_dal_2022_9,dal_2022_9,dorancearmstrong_dal_2022,dal_2022,dorancearmstrong,48557,ed,dal,1,0,0,9,0,0,0,0,0,0,0,0,0,0,0,0,0,0,0,0,0,0,0,0,0,0,0,0,0,0,9,2022,9
malikreed_pit_2022_9,pit_2022_9,malikreed_pit_2022,pit_2022,malikreed,48567,ed,pit,1,0,0,25,0,0,0,0,0,0,0,0,0,0,0,0,0,0,0,0,0,0,0,0,0,0,0,0,0,0,9,2022,9
carlosdavis_pit_2022_9,pit_2022_9,carlosdavis_pit_2022,pit_2022,carlosdavis,48662,di,pit,1,0,0,25,0,0,0,0,0,0,0,0,0,0,0,0,0,0,0,0,0,0,0,0,0,0,0,0,0,0,9,2022,9
roylopez_hou_2022_9,hou_2022_9,roylopez_hou_2022,hou_2022,roylopez,48676,di,hou,1,0,0,13,0,0,0,0,0,0,0,0,0,0,0,0,0,0,0,0,0,0,0,0,0,0,0,0,0,0,9,2022,9
harrisonphillips_min_2022_9,min_2022_9,harrisonphillips_min_2022,min_2022,harrisonphillips,48690,di,min,1,0,0,18,0,0,0,0,0,0,0,0,0,0,0,0,0,0,0,0,0,0,0,0,0,0,0,0,0,0,9,2022,9
daronpayne_was_2022_9,was_2022_9,daronpayne_was_2022,was_2022,daronpayne,48698,di,was,1,0,0,32,0,0,0,0,0,0,0,0,0,0,0,0,0,0,0,0,0,0,0,0,0,0,0,0,0,0,9,2022,9
greggaines_lar_2022_9,lar_2022_9,greggaines_lar_2022,lar_2022,greggaines,48706,di,lar,1,0,0,26,0,0,0,0,0,0,0,0,0,0,0,0,0,0,0,0,0,0,0,0,0,0,0,0,0,0,9,2022,9
rasheemgreen_hou_2022_9,hou_2022_9,rasheemgreen_hou_2022,hou_2022,rasheemgreen,48731,ed,hou,1,0,0,13,0,0,0,0,0,0,0,0,0,0,0,0,0,0,0,0,0,0,0,0,0,0,0,0,0,0,9,2022,9
tavenbryan_cle_2022_9,cle_2022_9,tavenbryan_cle_2022,cle_2022,tavenbryan,48753,di,cle,1,0,0,8,0,0,0,0,0,0,0,0,0,0,0,0,0,0,0,0,0,0,0,0,0,0,0,0,0,0,9,2022,9
deadrinsenat_tb_2022_9,tb_2022_9,deadrinsenat_tb_2022,tb_2022,deadrinsenat,48815,di,tb,1,0,0,30,0,0,0,0,0,0,0,0,0,0,0,0,0,0,0,0,0,0,0,0,0,0,0,0,0,0,9,2022,9
ljcollier_sea_2022_9,sea_2022_9,ljcollier_sea_2022,sea_2022,ljcollier,48822,di,sea,1,1,0,29,0,0,0,0,0,0,0,0,0,0,0,0,0,0,0,0,0,0,0,0,0,0,0,0,0,0,9,2022,9
michaeldogbe_ari_2022_9,ari_2022_9,michaeldogbe_ari_2022,ari_2022,michaeldogbe,48850,di,ari,1,0,0,1,0,0,0,0,0,0,0,0,0,0,0,0,0,0,0,0,0,0,0,0,0,0,0,0,0,0,9,2022,9
danielekuale_ne_2022_9,ne_2022_9,danielekuale_ne_2022,ne_2022,danielekuale,48874,di,ne,1,0,0,19,0,0,0,0,0,0,0,0,0,0,0,0,0,0,0,0,0,0,0,0,0,0,0,0,0,0,9,2022,9
poonaford_sea_2022_9,sea_2022_9,poonaford_sea_2022,sea_2022,poonaford,48875,di,sea,1,0,0,29,0,0,0,0,0,0,0,0,0,0,0,0,0,0,0,0,0,0,0,0,0,0,0,0,0,0,9,2022,9
danielwise_was_2022_9,was_2022_9,danielwise_was_2022,was_2022,danielwise,48922,di,was,1,0,0,32,0,0,0,0,0,0,0,0,0,0,0,0,0,0,0,0,0,0,0,0,0,0,0,0,0,0,9,2022,9
justinjones_chi_2022_9,chi_2022_9,justinjones_chi_2022,chi_2022,justinjones,48940,di,chi,1,0,0,6,0,0,0,0,0,0,0,0,0,0,0,0,0,0,0,0,0,0,0,0,0,0,0,0,0,0,9,2022,9
vitavea_tb_2022_9,tb_2022_9,vitavea_tb_2022,tb_2022,vitavea,48956,di,tb,1,0,0,30,0,0,0,0,0,0,0,0,0,0,0,0,0,0,0,0,0,0,0,0,0,0,0,0,0,0,9,2022,9
timsettle_buf_2022_9,buf_2022_9,timsettle_buf_2022,buf_2022,timsettle,48966,di,buf,1,1,0,4,0,0,0,0,0,0,0,0,0,0,0,0,0,0,0,0,0,0,0,0,0,0,0,0,0,0,9,2022,9
kevinstrongjr_ten_2022_9,ten_2022_9,kevinstrongjr_ten_2022,ten_2022,kevinstrongjr,48981,di,ten,1,0,0,31,0,0,0,0,0,0,0,0,0,0,0,0,0,0,0,0,0,0,0,0,0,0,0,0,0,0,9,2022,9
kendalvickers_lv_2022_9,lv_2022_9,kendalvickers_lv_2022,lv_2022,kendalvickers,48993,di,lv,1,0,0,23,0,0,0,0,0,0,0,0,0,0,0,0,0,0,0,0,0,0,0,0,0,0,0,0,0,0,9,2022,9
nickscott_lar_2022_9,lar_2022_9,nickscott_lar_2022,lar_2022,nickscott,49012,s,lar,1,0,0,26,0,0,0,0,0,0,0,0,0,0,0,0,0,0,0,0,0,0,0,0,0,0,0,0,0,0,9,2022,9
ryanneal_sea_2022_9,sea_2022_9,ryanneal_sea_2022,sea_2022,ryanneal,49132,s,sea,1,0,0,29,0,0,0,0,0,0,0,0,0,0,0,0,0,0,0,0,0,0,0,0,0,0,0,0,0,0,9,2022,9
myleshartsfield_car_2022_9,car_2022_9,myleshartsfield_car_2022,car_2022,myleshartsfield,49159,s,car,1,0,0,5,0,0,0,0,0,0,0,0,0,0,0,0,0,0,0,0,0,0,0,0,0,0,0,0,0,0,9,2022,9
jessiebatesiii_cin_2022_9,cin_2022_9,jessiebatesiii_cin_2022,cin_2022,jessiebatesiii,49162,s,cin,1,0,0,7,0,0,0,0,0,0,0,0,0,0,0,0,0,0,0,0,0,0,0,0,0,0,0,0,0,0,9,2022,9
ronnieharrison_cle_2022_9,cle_2022_9,ronnieharrison_cle_2022,cle_2022,ronnieharrison,49206,s,cle,1,0,0,8,0,0,0,0,0,0,0,0,0,0,0,0,0,0,0,0,0,0,0,0,0,0,0,0,0,0,9,2022,9
chaunceygardnerjohnson_phi_2022_9,phi_2022_9,chaunceygardnerjohnson_phi_2022,phi_2022,chaunceygardnerjohnson,49371,s,phi,1,0,0,24,0,0,0,0,0,0,0,0,0,0,0,0,0,0,0,0,0,0,0,0,0,0,0,0,0,0,9,2022,9
donovanwilson_dal_2022_9,dal_2022_9,donovanwilson_dal_2022,dal_2022,donovanwilson,49408,s,dal,1,0,0,9,0,0,0,0,0,0,0,0,0,0,0,0,0,0,0,0,0,0,0,0,0,0,0,0,0,0,9,2022,9
jujuhughes_det_2022_9,det_2022_9,jujuhughes_det_2022,det_2022,jujuhughes,49545,s,det,1,0,0,11,0,0,0,0,0,0,0,0,0,0,0,0,0,0,0,0,0,0,0,0,0,0,0,0,0,0,9,2022,9
zachallen_ari_2022_9,ari_2022_9,zachallen_ari_2022,ari_2022,zachallen,49605,di,ari,1,0,0,1,0,0,0,0,0,0,0,0,0,0,0,0,0,0,0,0,0,0,0,0,0,0,0,0,0,0,9,2022,9
shaquilleleonard_ind_2022_9,ind_2022_9,shaquilleleonard_ind_2022,ind_2022,shaquilleleonard,49684,lb,ind,1,0,0,14,0,0,0,0,0,0,0,0,0,0,0,0,0,0,0,0,0,0,0,0,0,0,0,0,0,0,9,2022,9
quincywilliams_nyj_2022_9,nyj_2022_9,quincywilliams_nyj_2022,nyj_2022,quincywilliams,49779,lb,nyj,1,0,0,22,0,0,0,0,0,0,0,0,0,0,0,0,0,0,0,0,0,0,0,0,0,0,0,0,0,0,9,2022,9
zairefranklin_ind_2022_9,ind_2022_9,zairefranklin_ind_2022,ind_2022,zairefranklin,49834,lb,ind,1,0,0,14,0,0,0,0,0,0,0,0,0,0,0,0,0,0,0,0,0,0,0,0,0,0,0,0,0,0,9,2022,9
bjhill_cin_2022_9,cin_2022_9,bjhill_cin_2022,cin_2022,bjhill,49894,di,cin,1,0,0,7,0,0,0,0,0,0,0,0,0,0,0,0,0,0,0,0,0,0,0,0,0,0,0,0,0,0,9,2022,9
broderickwashingtonjr_bal_2022_9,bal_2022_9,broderickwashingtonjr_bal_2022,bal_2022,broderickwashingtonjr,50049,di,bal,1,2,0,3,0,0,0,0,0,0,0,0,0,0,0,0,0,0,0,0,0,0,0,0,0,0,0,0,0,0,9,2022,9
uchennanwosu_sea_2022_9,sea_2022_9,uchennanwosu_sea_2022,sea_2022,uchennanwosu,50084,ed,sea,1,0,0,29,0,0,0,0,0,0,0,0,0,0,0,0,0,0,0,0,0,0,0,0,0,0,0,0,0,0,9,2022,9
johnfranklinmyers_nyj_2022_9,nyj_2022_9,johnfranklinmyers_nyj_2022,nyj_2022,johnfranklinmyers,50088,ed,nyj,1,0,0,22,0,0,0,0,0,0,0,0,0,0,0,0,0,0,0,0,0,0,0,0,0,0,0,0,0,0,9,2022,9
joshsweat_phi_2022_9,phi_2022_9,joshsweat_phi_2022,phi_2022,joshsweat,50120,ed,phi,1,0,0,24,0,0,0,0,0,0,0,0,0,0,0,0,0,0,0,0,0,0,0,0,0,0,0,0,0,0,9,2022,9
lorenzocarter_atl_2022_9,atl_2022_9,lorenzocarter_atl_2022,atl_2022,lorenzocarter,50126,ed,atl,1,0,0,2,0,0,0,0,0,0,0,0,0,0,0,0,0,0,0,0,0,0,0,0,0,0,0,0,0,0,9,2022,9
ogbonniaokoronkwo_hou_2022_9,hou_2022_9,ogbonniaokoronkwo_hou_2022,hou_2022,ogbonniaokoronkwo,50130,ed,hou,1,0,0,13,0,0,0,0,0,0,0,0,0,0,0,0,0,0,0,0,0,0,0,0,0,0,0,0,0,0,9,2022,9
jacobmartin_nyj_2022_9,nyj_2022_9,jacobmartin_nyj_2022,nyj_2022,jacobmartin,50152,ed,nyj,1,0,0,22,0,0,0,0,0,0,0,0,0,0,0,0,0,0,0,0,0,0,0,0,0,0,0,0,0,0,9,2022,9
malcolmroach_no_2022_9,no_2022_9,malcolmroach_no_2022,no_2022,malcolmroach,50191,di,no,1,0,0,20,0,0,0,0,0,0,0,0,0,0,0,0,0,0,0,0,0,0,0,0,0,0,0,0,0,0,9,2022,9
ardenkey_jax_2022_9,jax_2022_9,ardenkey_jax_2022,jax_2022,ardenkey,50201,ed,jax,1,1,0,15,0,0,0,0,0,0,0,0,0,0,0,0,0,0,0,0,0,0,0,0,0,0,0,0,0,0,9,2022,9
orenburks_sf_2022_9,sf_2022_9,orenburks_sf_2022,sf_2022,orenburks,50203,lb,sf,1,0,0,28,0,0,0,0,0,0,0,0,0,0,0,0,0,0,0,0,0,0,0,0,0,0,0,0,0,0,9,2022,9
rashaanevans_atl_2022_9,atl_2022_9,rashaanevans_atl_2022,atl_2022,rashaanevans,50213,lb,atl,1,0,0,2,0,0,0,0,0,0,0,0,0,0,0,0,0,0,0,0,0,0,0,0,0,0,0,0,0,0,9,2022,9
joshallen_jax_2022_9,jax_2022_9,joshallen_jax_2022,jax_2022,joshallen,50235,ed,jax,1,0,0,15,0,0,0,0,0,0,0,0,0,0,0,0,0,0,0,0,0,0,0,0,0,0,0,0,0,0,9,2022,9
marquishaynes_car_2022_9,car_2022_9,marquishaynes_car_2022,car_2022,marquishaynes,50244,ed,car,1,0,0,5,0,0,0,0,0,0,0,0,0,0,0,0,0,0,0,0,0,0,0,0,0,0,0,0,0,0,9,2022,9
marcusdavenport_no_2022_9,no_2022_9,marcusdavenport_no_2022,no_2022,marcusdavenport,50291,ed,no,1,0,0,20,0,0,0,0,0,0,0,0,0,0,0,0,0,0,0,0,0,0,0,0,0,0,0,0,0,0,9,2022,9
christianwilkins_mia_2022_9,mia_2022_9,christianwilkins_mia_2022,mia_2022,christianwilkins,50293,di,mia,1,1,2,17,0,0,0,0,0,0,0,0,0,0,0,0,0,0,0,0,0,0,0,0,0,0,0,0,0,0,9,2022,9
byroncowart_ind_2022_9,ind_2022_9,byroncowart_ind_2022,ind_2022,byroncowart,50588,di,ind,1,0,0,14,0,0,0,0,0,0,0,0,0,0,0,0,0,0,0,0,0,0,0,0,0,0,0,0,0,0,9,2022,9
charlesomenihu_sf_2022_9,sf_2022_9,charlesomenihu_sf_2022,sf_2022,charlesomenihu,50612,ed,sf,1,0,0,28,0,0,0,0,0,0,0,0,0,0,0,0,0,0,0,0,0,0,0,0,0,0,0,0,0,0,9,2022,9
joseyjewell_den_2022_9,den_2022_9,joseyjewell_den_2022,den_2022,joseyjewell,50720,lb,den,1,0,0,10,0,0,0,0,0,0,0,0,0,0,0,0,0,0,0,0,0,0,0,0,0,0,0,0,0,0,9,2022,9
codybarton_sea_2022_9,sea_2022_9,codybarton_sea_2022,sea_2022,codybarton,50727,lb,sea,1,0,0,29,0,0,0,0,0,0,0,0,0,0,0,0,0,0,0,0,0,0,0,0,0,0,0,0,0,0,9,2022,9
jordynbrooks_sea_2022_9,sea_2022_9,jordynbrooks_sea_2022,sea_2022,jordynbrooks,50851,lb,sea,1,0,0,29,0,0,0,0,0,0,0,0,0,0,0,0,0,0,0,0,0,0,0,0,0,0,0,0,0,0,9,2022,9
roquansmith_chi_2022_9,chi_2022_9,roquansmith_chi_2022,chi_2022,roquansmith,50892,lb,chi,1,0,0,6,0,0,0,0,0,0,0,0,0,0,0,0,0,0,0,0,0,0,0,0,0,0,0,0,0,0,9,2022,9
tremaineedmunds_buf_2022_9,buf_2022_9,tremaineedmunds_buf_2022,buf_2022,tremaineedmunds,50905,lb,buf,1,0,0,4,0,0,0,0,0,0,0,0,0,0,0,0,0,0,0,0,0,0,0,0,0,0,0,0,0,0,9,2022,9
robertspillane_pit_2022_9,pit_2022_9,robertspillane_pit_2022,pit_2022,robertspillane,50918,lb,pit,1,0,0,25,0,0,0,0,0,0,0,0,0,0,0,0,0,0,0,0,0,0,0,0,0,0,0,0,0,0,9,2022,9
bobbyokereke_ind_2022_9,ind_2022_9,bobbyokereke_ind_2022,ind_2022,bobbyokereke,50954,lb,ind,1,0,0,14,0,0,0,0,0,0,0,0,0,0,0,0,0,0,0,0,0,0,0,0,0,0,0,0,0,0,9,2022,9
jawhaunbentley_ne_2022_9,ne_2022_9,jawhaunbentley_ne_2022,ne_2022,jawhaunbentley,50966,lb,ne,1,0,0,19,0,0,0,0,0,0,0,0,0,0,0,0,0,0,0,0,0,0,0,0,0,0,0,0,0,0,9,2022,9
frankieluvu_car_2022_9,car_2022_9,frankieluvu_car_2022,car_2022,frankieluvu,51028,lb,car,1,0,0,5,0,0,0,0,0,0,0,0,0,0,0,0,0,0,0,0,0,0,0,0,0,0,0,0,0,0,9,2022,9
jahlanitavai_ne_2022_9,ne_2022_9,jahlanitavai_ne_2022,ne_2022,jahlanitavai,51055,lb,ne,1,0,0,19,0,0,0,0,0,0,0,0,0,0,0,0,0,0,0,0,0,0,0,0,0,0,0,0,0,0,9,2022,9
julianlove_nyg_2022_9,nyg_2022_9,julianlove_nyg_2022,nyg_2022,julianlove,51081,s,nyg,1,0,0,21,0,0,0,0,0,0,0,0,0,0,0,0,0,0,0,0,0,0,0,0,0,0,0,0,0,0,9,2022,9
benniemann_ari_2022_9,ari_2022_9,benniemann_ari_2022,ari_2022,benniemann,51099,lb,ari,1,0,0,1,0,0,0,0,0,0,0,0,0,0,0,0,0,0,0,0,0,0,0,0,0,0,0,0,0,0,9,2022,9
minkahfitzpatrick_pit_2022_9,pit_2022_9,minkahfitzpatrick_pit_2022,pit_2022,minkahfitzpatrick,51206,s,pit,1,0,0,25,0,0,0,0,0,0,0,0,0,0,0,0,0,0,0,0,0,0,0,0,0,0,0,0,0,0,9,2022,9
fredwarner_sf_2022_9,sf_2022_9,fredwarner_sf_2022,sf_2022,fredwarner,51222,lb,sf,1,0,0,28,0,0,0,0,0,0,0,0,0,0,0,0,0,0,0,0,0,0,0,0,0,0,0,0,0,0,9,2022,9
terrelledmunds_pit_2022_9,pit_2022_9,terrelledmunds_pit_2022,pit_2022,terrelledmunds,51334,s,pit,1,0,0,25,0,0,0,0,0,0,0,0,0,0,0,0,0,0,0,0,0,0,0,0,0,0,0,0,0,0,9,2022,9
kadenelliss_no_2022_9,no_2022_9,kadenelliss_no_2022,no_2022,kadenelliss,51485,lb,no,1,0,0,20,0,0,0,0,0,0,0,0,0,0,0,0,0,0,0,0,0,0,0,0,0,0,0,0,0,0,9,2022,9
nicholasmorrow_chi_2022_9,chi_2022_9,nicholasmorrow_chi_2022,chi_2022,nicholasmorrow,51674,lb,chi,1,0,0,6,0,0,0,0,0,0,0,0,0,0,0,0,0,0,0,0,0,0,0,0,0,0,0,0,0,0,9,2022,9
khyiristonga_min_2022_9,min_2022_9,khyiristonga_min_2022,min_2022,khyiristonga,52000,di,min,1,0,0,18,0,0,0,0,0,0,0,0,0,0,0,0,0,0,0,0,0,0,0,0,0,0,0,0,0,0,9,2022,9
malcolmkoonce_lv_2022_9,lv_2022_9,malcolmkoonce_lv_2022,lv_2022,malcolmkoonce,55015,ed,lv,1,0,0,23,0,0,0,0,0,0,0,0,0,0,0,0,0,0,0,0,0,0,0,0,0,0,0,0,0,0,9,2022,9
boyemafe_sea_2022_9,sea_2022_9,boyemafe_sea_2022,sea_2022,boyemafe,55220,ed,sea,1,0,0,29,0,0,0,0,0,0,0,0,0,0,0,0,0,0,0,0,0,0,0,0,0,0,0,0,0,0,9,2022,9
xaviermckinney_nyg_2022_9,nyg_2022_9,xaviermckinney_nyg_2022,nyg_2022,xaviermckinney,55775,s,nyg,1,0,0,21,0,0,0,0,0,0,0,0,0,0,0,0,0,0,0,0,0,0,0,0,0,0,0,0,0,0,9,2022,9
kamrencurl_was_2022_9,was_2022_9,kamrencurl_was_2022,was_2022,kamrencurl,55800,s,was,1,0,0,32,0,0,0,0,0,0,0,0,0,0,0,0,0,0,0,0,0,0,0,0,0,0,0,0,0,0,9,2022,9
victordimukeje_ari_2022_9,ari_2022_9,victordimukeje_ari_2022,ari_2022,victordimukeje,56347,ed,ari,1,0,0,1,0,0,0,0,0,0,0,0,0,0,0,0,0,0,0,0,0,0,0,0,0,0,0,0,0,0,9,2022,9
zacharycarter_cin_2022_9,cin_2022_9,zacharycarter_cin_2022,cin_2022,zacharycarter,56349,di,cin,1,0,0,7,0,0,0,0,0,0,0,0,0,0,0,0,0,0,0,0,0,0,0,0,0,0,0,0,0,0,9,2022,9
ajepenesa_buf_2022_9,buf_2022_9,ajepenesa_buf_2022,buf_2022,ajepenesa,56369,ed,buf,1,0,0,4,0,0,0,0,0,0,0,0,0,0,0,0,0,0,0,0,0,0,0,0,0,0,0,0,0,0,9,2022,9
neilfarrelljr_lv_2022_9,lv_2022_9,neilfarrelljr_lv_2022,lv_2022,neilfarrelljr,56401,di,lv,1,0,0,23,0,0,0,0,0,0,0,0,0,0,0,0,0,0,0,0,0,0,0,0,0,0,0,0,0,0,9,2022,9
yeturgrossmatos_car_2022_9,car_2022_9,yeturgrossmatos_car_2022,car_2022,yeturgrossmatos,56444,ed,car,1,0,0,5,0,0,0,0,0,0,0,0,0,0,0,0,0,0,0,0,0,0,0,0,0,0,0,0,0,0,9,2022,9
patrickjohnson_phi_2022_9,phi_2022_9,patrickjohnson_phi_2022,phi_2022,patrickjohnson,56460,ed,phi,1,0,0,24,0,0,0,0,0,0,0,0,0,0,0,0,0,0,0,0,0,0,0,0,0,0,0,0,0,0,9,2022,9
cameronsample_cin_2022_9,cin_2022_9,cameronsample_cin_2022,cin_2022,cameronsample,56462,ed,cin,1,0,0,7,0,0,0,0,0,0,0,0,0,0,0,0,0,0,0,0,0,0,0,0,0,0,0,0,0,0,9,2022,9
matthenningsen_den_2022_9,den_2022_9,matthenningsen_den_2022,den_2022,matthenningsen,56484,di,den,1,0,0,10,0,0,0,0,0,0,0,0,0,0,0,0,0,0,0,0,0,0,0,0,0,0,0,0,0,0,9,2022,9
isaiahbuggs_det_2022_9,det_2022_9,isaiahbuggs_det_2022,det_2022,isaiahbuggs,56503,di,det,1,0,0,11,0,0,0,0,0,0,0,0,0,0,0,0,0,0,0,0,0,0,0,0,0,0,0,0,0,0,9,2022,9
tedarrellslaton_gb_2022_9,gb_2022_9,tedarrellslaton_gb_2022,gb_2022,tedarrellslaton,56597,di,gb,1,0,0,12,0,0,0,0,0,0,0,0,0,0,0,0,0,0,0,0,0,0,0,0,0,0,0,0,0,0,9,2022,9
paytonturner_no_2022_9,no_2022_9,paytonturner_no_2022,no_2022,paytonturner,56624,ed,no,1,0,0,20,0,0,0,0,0,0,0,0,0,0,0,0,0,0,0,0,0,0,0,0,0,0,0,0,0,0,9,2022,9
quintonbohanna_dal_2022_9,dal_2022_9,quintonbohanna_dal_2022,dal_2022,quintonbohanna,56673,di,dal,1,0,0,9,0,0,0,0,0,0,0,0,0,0,0,0,0,0,0,0,0,0,0,0,0,0,0,0,0,0,9,2022,9
miltonwilliams_phi_2022_9,phi_2022_9,miltonwilliams_phi_2022,phi_2022,miltonwilliams,56682,di,phi,1,1,0,24,0,0,0,0,0,0,0,0,0,0,0,0,0,0,0,0,0,0,0,0,0,0,0,0,0,0,9,2022,9
jordanelliott_cle_2022_9,cle_2022_9,jordanelliott_cle_2022,cle_2022,jordanelliott,56734,di,cle,1,0,0,8,0,0,0,0,0,0,0,0,0,0,0,0,0,0,0,0,0,0,0,0,0,0,0,0,0,0,9,2022,9
kurthinish_hou_2022_9,hou_2022_9,kurthinish_hou_2022,hou_2022,kurthinish,56787,di,hou,1,0,0,13,0,0,0,0,0,0,0,0,0,0,0,0,0,0,0,0,0,0,0,0,0,0,0,0,0,0,9,2022,9
isaiahthomas_cle_2022_9,cle_2022_9,isaiahthomas_cle_2022,cle_2022,isaiahthomas,56798,ed,cle,1,1,0,8,0,0,0,0,0,0,0,0,0,0,0,0,0,0,0,0,0,0,0,0,0,0,0,0,0,0,9,2022,9
kingsleyjonathan_chi_2022_9,chi_2022_9,kingsleyjonathan_chi_2022,chi_2022,kingsleyjonathan,56856,ed,chi,1,0,0,6,0,0,0,0,0,0,0,0,0,0,0,0,0,0,0,0,0,0,0,0,0,0,0,0,0,0,9,2022,9
arnoldebiketie_atl_2022_9,atl_2022_9,arnoldebiketie_atl_2022,atl_2022,arnoldebiketie,56862,ed,atl,1,1,0,2,0,0,0,0,0,0,0,0,0,0,0,0,0,0,0,0,0,0,0,0,0,0,0,0,0,0,9,2022,9
taquongraham_atl_2022_9,atl_2022_9,taquongraham_atl_2022,atl_2022,taquongraham,56868,di,atl,1,0,0,2,0,0,0,0,0,0,0,0,0,0,0,0,0,0,0,0,0,0,0,0,0,0,0,0,0,0,9,2022,9
michealclemons_nyj_2022_9,nyj_2022_9,michealclemons_nyj_2022,nyj_2022,michealclemons,56872,ed,nyj,1,0,0,22,0,0,0,0,0,0,0,0,0,0,0,0,0,0,0,0,0,0,0,0,0,0,0,0,0,0,9,2022,9
jaelanphillips_mia_2022_9,mia_2022_9,jaelanphillips_mia_2022,mia_2022,jaelanphillips,56902,ed,mia,1,0,0,17,0,0,0,0,0,0,0,0,0,0,0,0,0,0,0,0,0,0,0,0,0,0,0,0,0,0,9,2022,9
jaytufele_cin_2022_9,cin_2022_9,jaytufele_cin_2022,cin_2022,jaytufele,56913,di,cin,1,0,0,7,0,0,0,0,0,0,0,0,0,0,0,0,0,0,0,0,0,0,0,0,0,0,0,0,0,0,9,2022,9
dayoodeyingbo_ind_2022_9,ind_2022_9,dayoodeyingbo_ind_2022,ind_2022,dayoodeyingbo,56923,ed,ind,1,0,0,14,0,0,0,0,0,0,0,0,0,0,0,0,0,0,0,0,0,0,0,0,0,0,0,0,0,0,9,2022,9
deangelomalone_atl_2022_9,atl_2022_9,deangelomalone_atl_2022,atl_2022,deangelomalone,56941,ed,atl,1,0,0,2,0,0,0,0,0,0,0,0,0,0,0,0,0,0,0,0,0,0,0,0,0,0,0,0,0,0,9,2022,9
jameslynch_min_2022_9,min_2022_9,jameslynch_min_2022,min_2022,jameslynch,56962,di,min,1,0,0,18,0,0,0,0,0,0,0,0,0,0,0,0,0,0,0,0,0,0,0,0,0,0,0,0,0,0,9,2022,9
larrellmurchison_ten_2022_9,ten_2022_9,larrellmurchison_ten_2022,ten_2022,larrellmurchison,57004,di,ten,1,0,0,31,0,0,0,0,0,0,0,0,0,0,0,0,0,0,0,0,0,0,0,0,0,0,0,0,0,0,9,2022,9
marlontuipulotu_phi_2022_9,phi_2022_9,marlontuipulotu_phi_2022,phi_2022,marlontuipulotu,57035,di,phi,1,0,0,24,0,0,0,0,0,0,0,0,0,0,0,0,0,0,0,0,0,0,0,0,0,0,0,0,0,0,9,2022,9
isaiahmcduffie_gb_2022_9,gb_2022_9,isaiahmcduffie_gb_2022,gb_2022,isaiahmcduffie,57754,lb,gb,1,0,0,12,0,0,0,0,0,0,0,0,0,0,0,0,0,0,0,0,0,0,0,0,0,0,0,0,0,0,9,2022,9
mykalwalker_atl_2022_9,atl_2022_9,mykalwalker_atl_2022,atl_2022,mykalwalker,57834,lb,atl,1,0,0,2,0,0,0,0,0,0,0,0,0,0,0,0,0,0,0,0,0,0,0,0,0,0,0,0,0,0,9,2022,9
kyronjohnson_phi_2022_9,phi_2022_9,kyronjohnson_phi_2022,phi_2022,kyronjohnson,57890,ed,phi,1,0,0,24,0,0,0,0,0,0,0,0,0,0,0,0,0,0,0,0,0,0,0,0,0,0,0,0,0,0,9,2022,9
jamindavis_was_2022_9,was_2022_9,jamindavis_was_2022,was_2022,jamindavis,57905,lb,was,1,0,0,32,0,0,0,0,0,0,0,0,0,0,0,0,0,0,0,0,0,0,0,0,0,0,0,0,0,0,9,2022,9
joshpaschal_det_2022_9,det_2022_9,joshpaschal_det_2022,det_2022,joshpaschal,57908,ed,det,1,0,0,11,0,0,0,0,0,0,0,0,0,0,0,0,0,0,0,0,0,0,0,0,0,0,0,0,0,0,9,2022,9
patrickqueen_bal_2022_9,bal_2022_9,patrickqueen_bal_2022,bal_2022,patrickqueen,57941,lb,bal,1,0,0,3,0,0,0,0,0,0,0,0,0,0,0,0,0,0,0,0,0,0,0,0,0,0,0,0,0,0,9,2022,9
petewerner_no_2022_9,no_2022_9,petewerner_no_2022,no_2022,petewerner,58093,lb,no,1,0,0,20,0,0,0,0,0,0,0,0,0,0,0,0,0,0,0,0,0,0,0,0,0,0,0,0,0,0,9,2022,9
derrickbarnes_det_2022_9,det_2022_9,derrickbarnes_det_2022,det_2022,derrickbarnes,58120,lb,det,1,0,0,11,0,0,0,0,0,0,0,0,0,0,0,0,0,0,0,0,0,0,0,0,0,0,0,0,0,0,9,2022,9
devinlloyd_jax_2022_9,jax_2022_9,devinlloyd_jax_2022,jax_2022,devinlloyd,58238,lb,jax,1,0,0,15,0,0,0,0,0,0,0,0,0,0,0,0,0,0,0,0,0,0,0,0,0,0,0,0,0,0,9,2022,9
joetryonshoyinka_tb_2022_9,tb_2022_9,joetryonshoyinka_tb_2022,tb_2022,joetryonshoyinka,58272,ed,tb,1,0,0,30,0,0,0,0,0,0,0,0,0,0,0,0,0,0,0,0,0,0,0,0,0,0,0,0,0,0,9,2022,9
joshuahbledsoe_ne_2022_9,ne_2022_9,joshuahbledsoe_ne_2022,ne_2022,joshuahbledsoe,60691,s,ne,1,0,0,19,0,0,0,0,0,0,0,0,0,0,0,0,0,0,0,0,0,0,0,0,0,0,0,0,0,0,9,2022,9
malcolmrodriguez_det_2022_9,det_2022_9,malcolmrodriguez_det_2022,det_2022,malcolmrodriguez,60731,lb,det,1,0,0,11,0,0,0,0,0,0,0,0,0,0,0,0,0,0,0,0,0,0,0,0,0,0,0,0,0,0,9,2022,9
garretwallow_hou_2022_9,hou_2022_9,garretwallow_hou_2022,hou_2022,garretwallow,60761,lb,hou,1,0,0,13,0,0,0,0,0,0,0,0,0,0,0,0,0,0,0,0,0,0,0,0,0,0,0,0,0,0,9,2022,9
dominiquerobinson_chi_2022_9,chi_2022_9,dominiquerobinson_chi_2022,chi_2022,dominiquerobinson,61436,ed,chi,1,0,1,6,0,0,0,0,0,0,0,0,0,0,0,0,0,0,0,0,0,0,0,0,0,0,0,0,0,0,9,2022,9
johnridgeway_was_2022_9,was_2022_9,johnridgeway_was_2022,was_2022,johnridgeway,66694,di,was,1,0,0,32,0,0,0,0,0,0,0,0,0,0,0,0,0,0,0,0,0,0,0,0,0,0,0,0,0,0,9,2022,9
zachsieler_mia_2022_9,mia_2022_9,zachsieler_mia_2022,mia_2022,zachsieler,66917,di,mia,1,2,0,17,0,0,0,0,0,0,0,0,0,0,0,0,0,0,0,0,0,0,0,0,0,0,0,0,0,0,9,2022,9
drakejackson_sf_2022_9,sf_2022_9,drakejackson_sf_2022,sf_2022,drakejackson,70839,ed,sf,1,0,0,28,0,0,0,0,0,0,0,0,0,0,0,0,0,0,0,0,0,0,0,0,0,0,0,0,0,0,9,2022,9
myjaisanders_ari_2022_9,ari_2022_9,myjaisanders_ari_2022,ari_2022,myjaisanders,76816,ed,ari,1,0,0,1,0,0,0,0,0,0,0,0,0,0,0,0,0,0,0,0,0,0,0,0,0,0,0,0,0,0,9,2022,9
gregoryrousseau_buf_2022_9,buf_2022_9,gregoryrousseau_buf_2022,buf_2022,gregoryrousseau,76889,ed,buf,1,0,0,4,0,0,0,0,0,0,0,0,0,0,0,0,0,0,0,0,0,0,0,0,0,0,0,0,0,0,9,2022,9
travisjones_bal_2022_9,bal_2022_9,travisjones_bal_2022,bal_2022,travisjones,76914,di,bal,1,1,0,3,0,0,0,0,0,0,0,0,0,0,0,0,0,0,0,0,0,0,0,0,0,0,0,0,0,0,9,2022,9
loganhall_tb_2022_9,tb_2022_9,loganhall_tb_2022,tb_2022,loganhall,76919,di,tb,1,0,0,30,0,0,0,0,0,0,0,0,0,0,0,0,0,0,0,0,0,0,0,0,0,0,0,0,0,0,9,2022,9
alimmcneill_det_2022_9,det_2022_9,alimmcneill_det_2022,det_2022,alimmcneill,76996,di,det,1,0,0,11,0,0,0,0,0,0,0,0,0,0,0,0,0,0,0,0,0,0,0,0,0,0,0,0,0,0,9,2022,9
zavencollins_ari_2022_9,ari_2022_9,zavencollins_ari_2022,ari_2022,zavencollins,77190,lb,ari,1,1,0,1,0,0,0,0,0,0,0,0,0,0,0,0,0,0,0,0,0,0,0,0,0,0,0,0,0,0,9,2022,9
nikbonitto_den_2022_9,den_2022_9,nikbonitto_den_2022,den_2022,nikbonitto,77196,ed,den,1,0,0,10,0,0,0,0,0,0,0,0,0,0,0,0,0,0,0,0,0,0,0,0,0,0,0,0,0,0,9,2022,9
josephossai_cin_2022_9,cin_2022_9,josephossai_cin_2022,cin_2022,josephossai,77205,ed,cin,1,0,0,7,0,0,0,0,0,0,0,0,0,0,0,0,0,0,0,0,0,0,0,0,0,0,0,0,0,0,9,2022,9
micahmcfadden_nyg_2022_9,nyg_2022_9,micahmcfadden_nyg_2022,nyg_2022,micahmcfadden,81246,lb,nyg,1,0,0,21,0,0,0,0,0,0,0,0,0,0,0,0,0,0,0,0,0,0,0,0,0,0,0,0,0,0,9,2022,9
damoneclark_dal_2022_9,dal_2022_9,damoneclark_dal_2022,dal_2022,damoneclark,81282,lb,dal,1,0,0,9,0,0,0,0,0,0,0,0,0,0,0,0,0,0,0,0,0,0,0,0,0,0,0,0,0,0,9,2022,9
micahparsons_dal_2022_9,dal_2022_9,micahparsons_dal_2022,dal_2022,micahparsons,81360,ed,dal,1,0,0,9,0,0,0,0,0,0,0,0,0,0,0,0,0,0,0,0,0,0,0,0,0,0,0,0,0,0,9,2022,9
jesseluketa_ari_2022_9,ari_2022_9,jesseluketa_ari_2022,ari_2022,jesseluketa,81361,ed,ari,1,0,0,1,0,0,0,0,0,0,0,0,0,0,0,0,0,0,0,0,0,0,0,0,0,0,0,0,0,0,9,2022,9
ernestjones_lar_2022_9,lar_2022_9,ernestjones_lar_2022,lar_2022,ernestjones,81399,lb,lar,1,0,0,26,0,0,0,0,0,0,0,0,0,0,0,0,0,0,0,0,0,0,0,0,0,0,0,0,0,0,9,2022,9
odafeoweh_bal_2022_9,bal_2022_9,odafeoweh_bal_2022,bal_2022,odafeoweh,82161,ed,bal,1,0,0,3,0,0,0,0,0,0,0,0,0,0,0,0,0,0,0,0,0,0,0,0,0,0,0,0,0,0,9,2022,9
thomasbooker_hou_2022_9,hou_2022_9,thomasbooker_hou_2022,hou_2022,thomasbooker,82168,di,hou,1,0,0,13,0,0,0,0,0,0,0,0,0,0,0,0,0,0,0,0,0,0,0,0,0,0,0,0,0,0,9,2022,9
teairtart_ten_2022_9,ten_2022_9,teairtart_ten_2022,ten_2022,teairtart,82261,di,ten,1,0,0,31,0,0,0,0,0,0,0,0,0,0,0,0,0,0,0,0,0,0,0,0,0,0,0,0,0,0,9,2022,9
devontewyatt_gb_2022_9,gb_2022_9,devontewyatt_gb_2022,gb_2022,devontewyatt,82268,di,gb,1,0,0,12,0,0,0,0,0,0,0,0,0,0,0,0,0,0,0,0,0,0,0,0,0,0,0,0,0,0,9,2022,9
marquanmccall_car_2022_9,car_2022_9,marquanmccall_car_2022,car_2022,marquanmccall,82301,di,car,1,0,0,5,0,0,0,0,0,0,0,0,0,0,0,0,0,0,0,0,0,0,0,0,0,0,0,0,0,0,9,2022,9
aidanhutchinson_det_2022_9,det_2022_9,aidanhutchinson_det_2022,det_2022,aidanhutchinson,82330,ed,det,1,0,0,11,0,0,0,0,0,0,0,0,0,0,0,0,0,0,0,0,0,0,0,0,0,0,0,0,0,0,9,2022,9
cameronthomas_ari_2022_9,ari_2022_9,cameronthomas_ari_2022,ari_2022,cameronthomas,82387,ed,ari,1,0,0,1,0,0,0,0,0,0,0,0,0,0,0,0,0,0,0,0,0,0,0,0,0,0,0,0,0,0,9,2022,9
kingsleyenagbare_gb_2022_9,gb_2022_9,kingsleyenagbare_gb_2022,gb_2022,kingsleyenagbare,82409,ed,gb,1,0,0,12,0,0,0,0,0,0,0,0,0,0,0,0,0,0,0,0,0,0,0,0,0,0,0,0,0,0,9,2022,9
tommytogiai_cle_2022_9,cle_2022_9,tommytogiai_cle_2022,cle_2022,tommytogiai,82501,di,cle,1,1,0,8,0,0,0,0,0,0,0,0,0,0,0,0,0,0,0,0,0,0,0,0,0,0,0,0,0,0,9,2022,9
jacksanborn_chi_2022_9,chi_2022_9,jacksanborn_chi_2022,chi_2022,jacksanborn,82566,lb,chi,1,0,0,6,0,0,0,0,0,0,0,0,0,0,0,0,0,0,0,0,0,0,0,0,0,0,0,0,0,0,9,2022,9
veronemckinleyiii_mia_2022_9,mia_2022_9,veronemckinleyiii_mia_2022,mia_2022,veronemckinleyiii,83068,s,mia,1,0,0,17,0,0,0,0,0,0,0,0,0,0,0,0,0,0,0,0,0,0,0,0,0,0,0,0,0,0,9,2022,9
kerbyjoseph_det_2022_9,det_2022_9,kerbyjoseph_det_2022,det_2022,kerbyjoseph,83239,s,det,1,0,0,11,0,0,0,0,0,0,0,0,0,0,0,0,0,0,0,0,0,0,0,0,0,0,0,0,0,0,9,2022,9
israelmukuamu_dal_2022_9,dal_2022_9,israelmukuamu_dal_2022,dal_2022,israelmukuamu,83377,s,dal,1,0,0,9,0,0,0,0,0,0,0,0,0,0,0,0,0,0,0,0,0,0,0,0,0,0,0,0,0,0,9,2022,9
jevonholland_mia_2022_9,mia_2022_9,jevonholland_mia_2022,mia_2022,jevonholland,83873,s,mia,1,0,0,17,0,0,0,0,0,0,0,0,0,0,0,0,0,0,0,0,0,0,0,0,0,0,0,0,0,0,9,2022,9
talanoahufanga_sf_2022_9,sf_2022_9,talanoahufanga_sf_2022,sf_2022,talanoahufanga,83903,s,sf,1,0,0,28,0,0,0,0,0,0,0,0,0,0,0,0,0,0,0,0,0,0,0,0,0,0,0,0,0,0,9,2022,9
johncominsky_det_2022_9,det_2022_9,johncominsky_det_2022,det_2022,johncominsky,88313,di,det,1,0,0,11,0,0,0,0,0,0,0,0,0,0,0,0,0,0,0,0,0,0,0,0,0,0,0,0,0,0,9,2022,9
alexwright_cle_2022_9,cle_2022_9,alexwright_cle_2022,cle_2022,alexwright,98318,ed,cle,1,0,0,8,0,0,0,0,0,0,0,0,0,0,0,0,0,0,0,0,0,0,0,0,0,0,0,0,0,0,9,2022,9
kayvonthibodeaux_nyg_2022_9,nyg_2022_9,kayvonthibodeaux_nyg_2022,nyg_2022,kayvonthibodeaux,98444,ed,nyg,1,0,0,21,0,0,0,0,0,0,0,0,0,0,0,0,0,0,0,0,0,0,0,0,0,0,0,0,0,0,9,2022,9
travonwalker_jax_2022_9,jax_2022_9,travonwalker_jax_2022,jax_2022,travonwalker,98940,ed,jax,1,0,0,15,0,0,0,0,0,0,0,0,0,0,0,0,0,0,0,0,0,0,0,0,0,0,0,0,0,0,9,2022,9
christianharris_hou_2022_9,hou_2022_9,christianharris_hou_2022,hou_2022,christianharris,98996,lb,hou,1,0,0,13,0,0,0,0,0,0,0,0,0,0,0,0,0,0,0,0,0,0,0,0,0,0,0,0,0,0,9,2022,9
amarebarno_car_2022_9,car_2022_9,amarebarno_car_2022,car_2022,amarebarno,99780,ed,car,1,0,0,5,0,0,0,0,0,0,0,0,0,0,0,0,0,0,0,0,0,0,0,0,0,0,0,0,0,0,9,2022,9
danebelton_nyg_2022_9,nyg_2022_9,danebelton_nyg_2022,nyg_2022,danebelton,101398,s,nyg,1,0,0,21,0,0,0,0,0,0,0,0,0,0,0,0,0,0,0,0,0,0,0,0,0,0,0,0,0,0,9,2022,9
samokuayinonu_ten_2022_9,ten_2022_9,samokuayinonu_ten_2022,ten_2022,samokuayinonu,101425,ed,ten,1,0,0,31,0,0,0,0,0,0,0,0,0,0,0,0,0,0,0,0,0,0,0,0,0,0,0,0,0,0,9,2022,9
jaquanbrisker_chi_2022_9,chi_2022_9,jaquanbrisker_chi_2022,chi_2022,jaquanbrisker,101665,s,chi,1,0,0,6,0,0,0,0,0,0,0,0,0,0,0,0,0,0,0,0,0,0,0,0,0,0,0,0,0,0,9,2022,9
kylehamilton_bal_2022_9,bal_2022_9,kylehamilton_bal_2022,bal_2022,kylehamilton,102684,s,bal,1,0,0,3,0,0,0,0,0,0,0,0,0,0,0,0,0,0,0,0,0,0,0,0,0,0,0,0,0,0,9,2022,9
domeniquedavis_cin_2022_9,cin_2022_9,domeniquedavis_cin_2022,cin_2022,domeniquedavis,112887,di,cin,1,0,0,7,0,0,0,0,0,0,0,0,0,0,0,0,0,0,0,0,0,0,0,0,0,0,0,0,0,0,9,2022,9
