p_id,unique_team_id,player_team_id,team_id_impute,player,numeric_id,position,team_name,player_game_count,base_targets,declined_penalties,franchise_id,man_avg_depth_of_target,man_avoided_tackles,man_caught_percent,man_contested_catch_rate,man_contested_receptions,man_contested_targets,man_drop_rate,man_drops,man_first_downs,man_fumbles,man_grades_hands_drop,man_grades_pass_route,man_interceptions,man_longest,man_pass_block_rate,man_pass_blocks,man_pass_plays,man_receptions,man_route_rate,man_routes,man_targeted_qb_rating,man_targets,man_targets_percent,man_touchdowns,man_yards,man_yards_after_catch,man_yards_after_catch_per_reception,man_yards_per_reception,man_yprr,penalties,zone_avg_depth_of_target,zone_avoided_tackles,zone_caught_percent,zone_contested_catch_rate,zone_contested_receptions,zone_contested_targets,zone_drop_rate,zone_drops,zone_first_downs,zone_fumbles,zone_grades_hands_drop,zone_grades_pass_route,zone_interceptions,zone_longest,zone_pass_block_rate,zone_pass_blocks,zone_pass_plays,zone_receptions,zone_route_rate,zone_routes,zone_targeted_qb_rating,zone_targets,zone_targets_percent,zone_touchdowns,zone_yards,zone_yards_after_catch,zone_yards_after_catch_per_reception,zone_yards_per_reception,zone_yprr,week,year,plyr_number
austinekeler_lac_2022_9,lac_2022_9,austinekeler_lac_2022,lac_2022,austinekeler,12164,hb,lac,1,12,0,27,0,0,0,0,0,0,0,0,0,0,0,0,0,0,0,0,0,0,0,0,0,0,0,0,0,0,0,0,0,0,0,0,0,0,0,0,0,0,0,0,0,0,0,0,0,0,0,0,0,0,0,0,0,0,0,0,0,0,0,9,2022,9
geraldeverett_lac_2022_9,lac_2022_9,geraldeverett_lac_2022,lac_2022,geraldeverett,11799,te,lac,1,8,0,27,0,0,0,0,0,0,0,0,0,0,0,0,0,0,0,0,0,0,0,0,0,0,0,0,0,0,0,0,0,0,0,0,0,0,0,0,0,0,0,0,0,0,0,0,0,0,0,0,0,0,0,0,0,0,0,0,0,0,0,9,2022,9
traviskelce_kc_2022_9,kc_2022_9,traviskelce_kc_2022,kc_2022,traviskelce,7844,te,kc,1,7,0,16,0,0,0,0,0,0,0,0,0,0,0,0,0,0,0,0,0,0,0,0,0,0,0,0,0,0,0,0,0,0,0,0,0,0,0,0,0,0,0,0,0,0,0,0,0,0,0,0,0,0,0,0,0,0,0,0,0,0,0,9,2022,9
davidnjoku_cle_2022_9,cle_2022_9,davidnjoku_cle_2022,cle_2022,davidnjoku,11784,te,cle,1,7,0,8,0,0,0,0,0,0,0,0,0,0,0,0,0,0,0,0,0,0,0,0,0,0,0,0,0,0,0,0,0,0,0,0,0,0,0,0,0,0,0,0,0,0,0,0,0,0,0,0,0,0,0,0,0,0,0,0,0,0,0,9,2022,9
noahbrown_dal_2022_9,dal_2022_9,noahbrown_dal_2022,dal_2022,noahbrown,11993,wr,dal,1,7,0,9,0,0,0,0,0,0,0,0,0,0,0,0,0,0,0,0,0,0,0,0,0,0,0,0,0,0,0,0,0,0,0,0,0,0,0,0,0,0,0,0,0,0,0,0,0,0,0,0,0,0,0,0,0,0,0,0,0,0,0,9,2022,9
jujusmithschuster_kc_2022_9,kc_2022_9,jujusmithschuster_kc_2022,kc_2022,jujusmithschuster,11817,wr,kc,1,7,0,16,0,0,0,0,0,0,0,0,0,0,0,0,0,0,0,0,0,0,0,0,0,0,0,0,0,0,0,0,0,0,0,0,0,0,0,0,0,0,0,0,0,0,0,0,0,0,0,0,0,0,0,0,0,0,0,0,0,0,0,9,2022,9
allenlazard_gb_2022_9,gb_2022_9,allenlazard_gb_2022,gb_2022,allenlazard,48135,wr,gb,1,7,0,12,0,0,0,0,0,0,0,0,0,0,0,0,0,0,0,0,0,0,0,0,0,0,0,0,0,0,0,0,0,0,0,0,0,0,0,0,0,0,0,0,0,0,0,0,0,0,0,0,0,0,0,0,0,0,0,0,0,0,0,9,2022,9
deandrecarter_lac_2022_9,lac_2022_9,deandrecarter_lac_2022,lac_2022,deandrecarter,9859,wr,lac,1,6,0,27,0,0,0,0,0,0,0,0,0,0,0,0,0,0,0,0,0,0,0,0,0,0,0,0,0,0,0,0,0,0,0,0,0,0,0,0,0,0,0,0,0,0,0,0,0,0,0,0,0,0,0,0,0,0,0,0,0,0,0,9,2022,9
deebosamuel_sf_2022_9,sf_2022_9,deebosamuel_sf_2022,sf_2022,deebosamuel,48274,wr,sf,1,6,0,28,0,0,0,0,0,0,0,0,0,0,0,0,0,0,0,0,0,0,0,0,0,0,0,0,0,0,0,0,0,0,0,0,0,0,0,0,0,0,0,0,0,0,0,0,0,0,0,0,0,0,0,0,0,0,0,0,0,0,0,9,2022,9
michaelbandy_lac_2022_9,lac_2022_9,michaelbandy_lac_2022,lac_2022,michaelbandy,91824,wr,lac,1,5,0,27,0,0,0,0,0,0,0,0,0,0,0,0,0,0,0,0,0,0,0,0,0,0,0,0,0,0,0,0,0,0,0,0,0,0,0,0,0,0,0,0,0,0,0,0,0,0,0,0,0,0,0,0,0,0,0,0,0,0,0,9,2022,9
russellgage_tb_2022_9,tb_2022_9,russellgage_tb_2022,tb_2022,russellgage,44771,wr,tb,1,5,0,30,0,0,0,0,0,0,0,0,0,0,0,0,0,0,0,0,0,0,0,0,0,0,0,0,0,0,0,0,0,0,0,0,0,0,0,0,0,0,0,0,0,0,0,0,0,0,0,0,0,0,0,0,0,0,0,0,0,0,0,9,2022,9
chrismoore_hou_2022_9,hou_2022_9,chrismoore_hou_2022,hou_2022,chrismoore,10741,wr,hou,1,4,0,13,0,0,0,0,0,0,0,0,0,0,0,0,0,0,0,0,0,0,0,0,0,0,0,0,0,0,0,0,0,0,0,0,0,0,0,0,0,0,0,0,0,0,0,0,0,0,0,0,0,0,0,0,0,0,0,0,0,0,0,9,2022,9
mecolehardman_kc_2022_9,kc_2022_9,mecolehardman_kc_2022,kc_2022,mecolehardman,42683,wr,kc,1,4,0,16,0,0,0,0,0,0,0,0,0,0,0,0,0,0,0,0,0,0,0,0,0,0,0,0,0,0,0,0,0,0,0,0,0,0,0,0,0,0,0,0,0,0,0,0,0,0,0,0,0,0,0,0,0,0,0,0,0,0,0,9,2022,9
marquezvaldesscantling_kc_2022_9,kc_2022_9,marquezvaldesscantling_kc_2022,kc_2022,marquezvaldesscantling,47809,wr,kc,1,4,0,16,0,0,0,0,0,0,0,0,0,0,0,0,0,0,0,0,0,0,0,0,0,0,0,0,0,0,0,0,0,0,0,0,0,0,0,0,0,0,0,0,0,0,0,0,0,0,0,0,0,0,0,0,0,0,0,0,0,0,0,9,2022,9
jauanjennings_sf_2022_9,sf_2022_9,jauanjennings_sf_2022,sf_2022,jauanjennings,48027,wr,sf,1,4,0,28,0,0,0,0,0,0,0,0,0,0,0,0,0,0,0,0,0,0,0,0,0,0,0,0,0,0,0,0,0,0,0,0,0,0,0,0,0,0,0,0,0,0,0,0,0,0,0,0,0,0,0,0,0,0,0,0,0,0,0,9,2022,9
tomkennedy_det_2022_9,det_2022_9,tomkennedy_det_2022,det_2022,tomkennedy,94379,wr,det,1,3,0,11,0,0,0,0,0,0,0,0,0,0,0,0,0,0,0,0,0,0,0,0,0,0,0,0,0,0,0,0,0,0,0,0,0,0,0,0,0,0,0,0,0,0,0,0,0,0,0,0,0,0,0,0,0,0,0,0,0,0,0,9,2022,9
jerickmckinnon_kc_2022_9,kc_2022_9,jerickmckinnon_kc_2022,kc_2022,jerickmckinnon,8731,hb,kc,1,3,0,16,0,0,0,0,0,0,0,0,0,0,0,0,0,0,0,0,0,0,0,0,0,0,0,0,0,0,0,0,0,0,0,0,0,0,0,0,0,0,0,0,0,0,0,0,0,0,0,0,0,0,0,0,0,0,0,0,0,0,0,9,2022,9
chubahubbard_car_2022_9,car_2022_9,chubahubbard_car_2022,car_2022,chubahubbard,57373,hb,car,1,3,0,5,0,0,0,0,0,0,0,0,0,0,0,0,0,0,0,0,0,0,0,0,0,0,0,0,0,0,0,0,0,0,0,0,0,0,0,0,0,0,0,0,0,0,0,0,0,0,0,0,0,0,0,0,0,0,0,0,0,0,0,9,2022,9
kylejuszczyk_sf_2022_9,sf_2022_9,kylejuszczyk_sf_2022,sf_2022,kylejuszczyk,7912,fb,sf,1,3,0,28,0,0,0,0,0,0,0,0,0,0,0,0,0,0,0,0,0,0,0,0,0,0,0,0,0,0,0,0,0,0,0,0,0,0,0,0,0,0,0,0,0,0,0,0,0,0,0,0,0,0,0,0,0,0,0,0,0,0,0,9,2022,9
nicocollins_hou_2022_9,hou_2022_9,nicocollins_hou_2022,hou_2022,nicocollins,61441,wr,hou,1,3,0,13,0,0,0,0,0,0,0,0,0,0,0,0,0,0,0,0,0,0,0,0,0,0,0,0,0,0,0,0,0,0,0,0,0,0,0,0,0,0,0,0,0,0,0,0,0,0,0,0,0,0,0,0,0,0,0,0,0,0,0,9,2022,9
coleturner_was_2022_9,was_2022_9,coleturner_was_2022,was_2022,coleturner,84330,te,was,1,2,0,32,0,0,0,0,0,0,0,0,0,0,0,0,0,0,0,0,0,0,0,0,0,0,0,0,0,0,0,0,0,0,0,0,0,0,0,0,0,0,0,0,0,0,0,0,0,0,0,0,0,0,0,0,0,0,0,0,0,0,0,9,2022,9
patrickricard_bal_2022_9,bal_2022_9,patrickricard_bal_2022,bal_2022,patrickricard,48862,fb,bal,1,2,0,3,0,0,0,0,0,0,0,0,0,0,0,0,0,0,0,0,0,0,0,0,0,0,0,0,0,0,0,0,0,0,0,0,0,0,0,0,0,0,0,0,0,0,0,0,0,0,0,0,0,0,0,0,0,0,0,0,0,0,0,9,2022,9
deejaydallas_sea_2022_9,sea_2022_9,deejaydallas_sea_2022,sea_2022,deejaydallas,55632,hb,sea,1,2,0,29,0,0,0,0,0,0,0,0,0,0,0,0,0,0,0,0,0,0,0,0,0,0,0,0,0,0,0,0,0,0,0,0,0,0,0,0,0,0,0,0,0,0,0,0,0,0,0,0,0,0,0,0,0,0,0,0,0,0,0,9,2022,9
brianrobinsonjr_was_2022_9,was_2022_9,brianrobinsonjr_was_2022,was_2022,brianrobinsonjr,57120,hb,was,1,2,0,32,0,0,0,0,0,0,0,0,0,0,0,0,0,0,0,0,0,0,0,0,0,0,0,0,0,0,0,0,0,0,0,0,0,0,0,0,0,0,0,0,0,0,0,0,0,0,0,0,0,0,0,0,0,0,0,0,0,0,0,9,2022,9
erictomlinson_den_2022_9,den_2022_9,erictomlinson_den_2022,den_2022,erictomlinson,9786,te,den,1,2,0,10,0,0,0,0,0,0,0,0,0,0,0,0,0,0,0,0,0,0,0,0,0,0,0,0,0,0,0,0,0,0,0,0,0,0,0,0,0,0,0,0,0,0,0,0,0,0,0,0,0,0,0,0,0,0,0,0,0,0,0,9,2022,9
chaseedmonds_mia_2022_9,mia_2022_9,chaseedmonds_mia_2022,mia_2022,chaseedmonds,45851,hb,mia,1,2,0,17,0,0,0,0,0,0,0,0,0,0,0,0,0,0,0,0,0,0,0,0,0,0,0,0,0,0,0,0,0,0,0,0,0,0,0,0,0,0,0,0,0,0,0,0,0,0,0,0,0,0,0,0,0,0,0,0,0,0,0,9,2022,9
keaontayingram_ari_2022_9,ari_2022_9,keaontayingram_ari_2022,ari_2022,keaontayingram,77761,hb,ari,1,2,0,1,0,0,0,0,0,0,0,0,0,0,0,0,0,0,0,0,0,0,0,0,0,0,0,0,0,0,0,0,0,0,0,0,0,0,0,0,0,0,0,0,0,0,0,0,0,0,0,0,0,0,0,0,0,0,0,0,0,0,0,9,2022,9
keenanallen_lac_2022_9,lac_2022_9,keenanallen_lac_2022,lac_2022,keenanallen,7857,wr,lac,1,2,0,27,0,0,0,0,0,0,0,0,0,0,0,0,0,0,0,0,0,0,0,0,0,0,0,0,0,0,0,0,0,0,0,0,0,0,0,0,0,0,0,0,0,0,0,0,0,0,0,0,0,0,0,0,0,0,0,0,0,0,0,9,2022,9
tyriondavisprice_sf_2022_9,sf_2022_9,tyriondavisprice_sf_2022,sf_2022,tyriondavisprice,99169,hb,sf,1,2,0,28,0,0,0,0,0,0,0,0,0,0,0,0,0,0,0,0,0,0,0,0,0,0,0,0,0,0,0,0,0,0,0,0,0,0,0,0,0,0,0,0,0,0,0,0,0,0,0,0,0,0,0,0,0,0,0,0,0,0,0,9,2022,9
joefortson_kc_2022_9,kc_2022_9,joefortson_kc_2022,kc_2022,joefortson,94384,te,kc,1,2,0,16,0,0,0,0,0,0,0,0,0,0,0,0,0,0,0,0,0,0,0,0,0,0,0,0,0,0,0,0,0,0,0,0,0,0,0,0,0,0,0,0,0,0,0,0,0,0,0,0,0,0,0,0,0,0,0,0,0,0,0,9,2022,9
jasonmoore_lac_2022_9,lac_2022_9,jasonmoore_lac_2022,lac_2022,jasonmoore,91472,wr,lac,1,2,0,27,0,0,0,0,0,0,0,0,0,0,0,0,0,0,0,0,0,0,0,0,0,0,0,0,0,0,0,0,0,0,0,0,0,0,0,0,0,0,0,0,0,0,0,0,0,0,0,0,0,0,0,0,0,0,0,0,0,0,0,9,2022,9
dannygray_sf_2022_9,sf_2022_9,dannygray_sf_2022,sf_2022,dannygray,121926,wr,sf,1,2,0,28,0,0,0,0,0,0,0,0,0,0,0,0,0,0,0,0,0,0,0,0,0,0,0,0,0,0,0,0,0,0,0,0,0,0,0,0,0,0,0,0,0,0,0,0,0,0,0,0,0,0,0,0,0,0,0,0,0,0,0,9,2022,9
sonymichel_lac_2022_9,lac_2022_9,sonymichel_lac_2022,lac_2022,sonymichel,27589,hb,lac,1,2,0,27,0,0,0,0,0,0,0,0,0,0,0,0,0,0,0,0,0,0,0,0,0,0,0,0,0,0,0,0,0,0,0,0,0,0,0,0,0,0,0,0,0,0,0,0,0,0,0,0,0,0,0,0,0,0,0,0,0,0,0,9,2022,9
harrisonbryant_cle_2022_9,cle_2022_9,harrisonbryant_cle_2022,cle_2022,harrisonbryant,26394,te,cle,1,2,0,8,0,0,0,0,0,0,0,0,0,0,0,0,0,0,0,0,0,0,0,0,0,0,0,0,0,0,0,0,0,0,0,0,0,0,0,0,0,0,0,0,0,0,0,0,0,0,0,0,0,0,0,0,0,0,0,0,0,0,0,9,2022,9
richiejamesjr_nyg_2022_9,nyg_2022_9,richiejamesjr_nyg_2022,nyg_2022,richiejamesjr,28991,wr,nyg,1,2,0,21,0,0,0,0,0,0,0,0,0,0,0,0,0,0,0,0,0,0,0,0,0,0,0,0,0,0,0,0,0,0,0,0,0,0,0,0,0,0,0,0,0,0,0,0,0,0,0,0,0,0,0,0,0,0,0,0,0,0,0,9,2022,9
andrewbeck_den_2022_9,den_2022_9,andrewbeck_den_2022,den_2022,andrewbeck,47121,fb,den,1,1,0,10,0,0,0,0,0,0,0,0,0,0,0,0,0,0,0,0,0,0,0,0,0,0,0,0,0,0,0,0,0,0,0,0,0,0,0,0,0,0,0,0,0,0,0,0,0,0,0,0,0,0,0,0,0,0,0,0,0,0,0,9,2022,9
ericsaubert_den_2022_9,den_2022_9,ericsaubert_den_2022,den_2022,ericsaubert,11929,te,den,1,1,0,10,0,0,0,0,0,0,0,0,0,0,0,0,0,0,0,0,0,0,0,0,0,0,0,0,0,0,0,0,0,0,0,0,0,0,0,0,0,0,0,0,0,0,0,0,0,0,0,0,0,0,0,0,0,0,0,0,0,0,0,9,2022,9
nickwestbrookikhine_ten_2022_9,ten_2022_9,nickwestbrookikhine_ten_2022,ten_2022,nickwestbrookikhine,47861,wr,ten,1,1,0,31,0,0,0,0,0,0,0,0,0,0,0,0,0,0,0,0,0,0,0,0,0,0,0,0,0,0,0,0,0,0,0,0,0,0,0,0,0,0,0,0,0,0,0,0,0,0,0,0,0,0,0,0,0,0,0,0,0,0,0,9,2022,9
coreydavis_nyj_2022_9,nyj_2022_9,coreydavis_nyj_2022,nyj_2022,coreydavis,11760,wr,nyj,1,1,0,22,0,0,0,0,0,0,0,0,0,0,0,0,0,0,0,0,0,0,0,0,0,0,0,0,0,0,0,0,0,0,0,0,0,0,0,0,0,0,0,0,0,0,0,0,0,0,0,0,0,0,0,0,0,0,0,0,0,0,0,9,2022,9
skyymoore_kc_2022_9,kc_2022_9,skyymoore_kc_2022,kc_2022,skyymoore,97116,wr,kc,1,1,0,16,0,0,0,0,0,0,0,0,0,0,0,0,0,0,0,0,0,0,0,0,0,0,0,0,0,0,0,0,0,0,0,0,0,0,0,0,0,0,0,0,0,0,0,0,0,0,0,0,0,0,0,0,0,0,0,0,0,0,0,9,2022,9
connorheyward_pit_2022_9,pit_2022_9,connorheyward_pit_2022,pit_2022,connorheyward,57301,te,pit,1,1,0,25,0,0,0,0,0,0,0,0,0,0,0,0,0,0,0,0,0,0,0,0,0,0,0,0,0,0,0,0,0,0,0,0,0,0,0,0,0,0,0,0,0,0,0,0,0,0,0,0,0,0,0,0,0,0,0,0,0,0,0,9,2022,9
jelaniwoods_ind_2022_9,ind_2022_9,jelaniwoods_ind_2022,ind_2022,jelaniwoods,60509,te,ind,1,1,0,14,0,0,0,0,0,0,0,0,0,0,0,0,0,0,0,0,0,0,0,0,0,0,0,0,0,0,0,0,0,0,0,0,0,0,0,0,0,0,0,0,0,0,0,0,0,0,0,0,0,0,0,0,0,0,0,0,0,0,0,9,2022,9
noahgray_kc_2022_9,kc_2022_9,noahgray_kc_2022,kc_2022,noahgray,60878,te,kc,1,1,0,16,0,0,0,0,0,0,0,0,0,0,0,0,0,0,0,0,0,0,0,0,0,0,0,0,0,0,0,0,0,0,0,0,0,0,0,0,0,0,0,0,0,0,0,0,0,0,0,0,0,0,0,0,0,0,0,0,0,0,0,9,2022,9
geoffswaim_ten_2022_9,ten_2022_9,geoffswaim_ten_2022,ten_2022,geoffswaim,9679,te,ten,1,1,0,31,0,0,0,0,0,0,0,0,0,0,0,0,0,0,0,0,0,0,0,0,0,0,0,0,0,0,0,0,0,0,0,0,0,0,0,0,0,0,0,0,0,0,0,0,0,0,0,0,0,0,0,0,0,0,0,0,0,0,0,9,2022,9
jaelondarden_tb_2022_9,tb_2022_9,jaelondarden_tb_2022,tb_2022,jaelondarden,61522,wr,tb,1,1,0,30,0,0,0,0,0,0,0,0,0,0,0,0,0,0,0,0,0,0,0,0,0,0,0,0,0,0,0,0,0,0,0,0,0,0,0,0,0,0,0,0,0,0,0,0,0,0,0,0,0,0,0,0,0,0,0,0,0,0,0,9,2022,9
timjones_jax_2022_9,jax_2022_9,timjones_jax_2022,jax_2022,timjones,61669,wr,jax,1,1,0,15,0,0,0,0,0,0,0,0,0,0,0,0,0,0,0,0,0,0,0,0,0,0,0,0,0,0,0,0,0,0,0,0,0,0,0,0,0,0,0,0,0,0,0,0,0,0,0,0,0,0,0,0,0,0,0,0,0,0,0,9,2022,9
justinwatson_kc_2022_9,kc_2022_9,justinwatson_kc_2022,kc_2022,justinwatson,66915,wr,kc,1,1,0,16,0,0,0,0,0,0,0,0,0,0,0,0,0,0,0,0,0,0,0,0,0,0,0,0,0,0,0,0,0,0,0,0,0,0,0,0,0,0,0,0,0,0,0,0,0,0,0,0,0,0,0,0,0,0,0,0,0,0,0,9,2022,9
hassanhaskins_ten_2022_9,ten_2022_9,hassanhaskins_ten_2022,ten_2022,hassanhaskins,83701,hb,ten,1,1,0,31,0,0,0,0,0,0,0,0,0,0,0,0,0,0,0,0,0,0,0,0,0,0,0,0,0,0,0,0,0,0,0,0,0,0,0,0,0,0,0,0,0,0,0,0,0,0,0,0,0,0,0,0,0,0,0,0,0,0,0,9,2022,9
masonkinsey_ten_2022_9,ten_2022_9,masonkinsey_ten_2022,ten_2022,masonkinsey,115664,wr,ten,1,1,0,31,0,0,0,0,0,0,0,0,0,0,0,0,0,0,0,0,0,0,0,0,0,0,0,0,0,0,0,0,0,0,0,0,0,0,0,0,0,0,0,0,0,0,0,0,0,0,0,0,0,0,0,0,0,0,0,0,0,0,0,9,2022,9
kevinwhite_no_2022_9,no_2022_9,kevinwhite_no_2022,no_2022,kevinwhite,9440,wr,no,1,1,0,20,0,0,0,0,0,0,0,0,0,0,0,0,0,0,0,0,0,0,0,0,0,0,0,0,0,0,0,0,0,0,0,0,0,0,0,0,0,0,0,0,0,0,0,0,0,0,0,0,0,0,0,0,0,0,0,0,0,0,0,9,2022,9
ryangriffin_chi_2022_9,chi_2022_9,ryangriffin_chi_2022,chi_2022,ryangriffin,7982,te,chi,1,1,0,6,0,0,0,0,0,0,0,0,0,0,0,0,0,0,0,0,0,0,0,0,0,0,0,0,0,0,0,0,0,0,0,0,0,0,0,0,0,0,0,0,0,0,0,0,0,0,0,0,0,0,0,0,0,0,0,0,0,0,0,9,2022,9
kendallhinton_den_2022_9,den_2022_9,kendallhinton_den_2022,den_2022,kendallhinton,34045,wr,den,1,1,0,10,0,0,0,0,0,0,0,0,0,0,0,0,0,0,0,0,0,0,0,0,0,0,0,0,0,0,0,0,0,0,0,0,0,0,0,0,0,0,0,0,0,0,0,0,0,0,0,0,0,0,0,0,0,0,0,0,0,0,0,9,2022,9
jamesrobinson_jax_2022_9,jax_2022_9,jamesrobinson_jax_2022,jax_2022,jamesrobinson,22425,hb,jax,1,1,0,15,0,0,0,0,0,0,0,0,0,0,0,0,0,0,0,0,0,0,0,0,0,0,0,0,0,0,0,0,0,0,0,0,0,0,0,0,0,0,0,0,0,0,0,0,0,0,0,0,0,0,0,0,0,0,0,0,0,0,0,9,2022,9
khalilherbert_chi_2022_9,chi_2022_9,khalilherbert_chi_2022,chi_2022,khalilherbert,41668,hb,chi,1,1,0,6,0,0,0,0,0,0,0,0,0,0,0,0,0,0,0,0,0,0,0,0,0,0,0,0,0,0,0,0,0,0,0,0,0,0,0,0,0,0,0,0,0,0,0,0,0,0,0,0,0,0,0,0,0,0,0,0,0,0,0,9,2022,9
tyreekhill_mia_2022_9,mia_2022_9,tyreekhill_mia_2022,mia_2022,tyreekhill,10799,wr,mia,1,14,0,17,0,0,0,0,0,0,0,0,0,0,0,0,0,0,0,0,0,0,0,0,0,0,0,0,0,0,0,0,0,0,0,0,0,0,0,0,0,0,0,0,0,0,0,0,0,0,0,0,0,0,0,0,0,0,0,0,0,0,0,9,2022,9
deandrehopkins_ari_2022_9,ari_2022_9,deandrehopkins_ari_2022,ari_2022,deandrehopkins,7808,wr,ari,1,13,0,1,0,0,0,0,0,0,0,0,0,0,0,0,0,0,0,0,0,0,0,0,0,0,0,0,0,0,0,0,0,0,0,0,0,0,0,0,0,0,0,0,0,0,0,0,0,0,0,0,0,0,0,0,0,0,0,0,0,0,0,9,2022,9
djmoore_car_2022_9,car_2022_9,djmoore_car_2022,car_2022,djmoore,48267,wr,car,1,11,0,5,0,0,0,0,0,0,0,0,0,0,0,0,0,0,0,0,0,0,0,0,0,0,0,0,0,0,0,0,0,0,0,0,0,0,0,0,0,0,0,0,0,0,0,0,0,0,0,0,0,0,0,0,0,0,0,0,0,0,0,9,2022,9
tylerconklin_nyj_2022_9,nyj_2022_9,tylerconklin_nyj_2022,nyj_2022,tylerconklin,47124,te,nyj,1,11,0,22,0,0,0,0,0,0,0,0,0,0,0,0,0,0,0,0,0,0,0,0,0,0,0,0,0,0,0,0,0,0,0,0,0,0,0,0,0,0,0,0,0,0,0,0,0,0,0,0,0,0,0,0,0,0,0,0,0,0,0,9,2022,9
mikeevans_tb_2022_9,tb_2022_9,mikeevans_tb_2022,tb_2022,mikeevans,8642,wr,tb,1,11,0,30,0,0,0,0,0,0,0,0,0,0,0,0,0,0,0,0,0,0,0,0,0,0,0,0,0,0,0,0,0,0,0,0,0,0,0,0,0,0,0,0,0,0,0,0,0,0,0,0,0,0,0,0,0,0,0,0,0,0,0,9,2022,9
jakobimeyers_ne_2022_9,ne_2022_9,jakobimeyers_ne_2022,ne_2022,jakobimeyers,47468,wr,ne,1,11,0,19,0,0,0,0,0,0,0,0,0,0,0,0,0,0,0,0,0,0,0,0,0,0,0,0,0,0,0,0,0,0,0,0,0,0,0,0,0,0,0,0,0,0,0,0,0,0,0,0,0,0,0,0,0,0,0,0,0,0,0,9,2022,9
cooperkupp_lar_2022_9,lar_2022_9,cooperkupp_lar_2022,lar_2022,cooperkupp,11824,wr,lar,1,11,0,26,0,0,0,0,0,0,0,0,0,0,0,0,0,0,0,0,0,0,0,0,0,0,0,0,0,0,0,0,0,0,0,0,0,0,0,0,0,0,0,0,0,0,0,0,0,0,0,0,0,0,0,0,0,0,0,0,0,0,0,9,2022,9
dkmetcalf_sea_2022_9,sea_2022_9,dkmetcalf_sea_2022,sea_2022,dkmetcalf,47864,wr,sea,1,10,0,29,0,0,0,0,0,0,0,0,0,0,0,0,0,0,0,0,0,0,0,0,0,0,0,0,0,0,0,0,0,0,0,0,0,0,0,0,0,0,0,0,0,0,0,0,0,0,0,0,0,0,0,0,0,0,0,0,0,0,0,9,2022,9
ajbrown_phi_2022_9,phi_2022_9,ajbrown_phi_2022,phi_2022,ajbrown,48327,wr,phi,1,10,0,24,0,0,0,0,0,0,0,0,0,0,0,0,0,0,0,0,0,0,0,0,0,0,0,0,0,0,0,0,0,0,0,0,0,0,0,0,0,0,0,0,0,0,0,0,0,0,0,0,0,0,0,0,0,0,0,0,0,0,0,9,2022,9
terracemarshalljr_car_2022_9,car_2022_9,terracemarshalljr_car_2022,car_2022,terracemarshalljr,84271,wr,car,1,9,0,5,0,0,0,0,0,0,0,0,0,0,0,0,0,0,0,0,0,0,0,0,0,0,0,0,0,0,0,0,0,0,0,0,0,0,0,0,0,0,0,0,0,0,0,0,0,0,0,0,0,0,0,0,0,0,0,0,0,0,0,9,2022,9
christianmccaffrey_sf_2022_9,sf_2022_9,christianmccaffrey_sf_2022,sf_2022,christianmccaffrey,11763,hb,sf,1,9,0,28,0,0,0,0,0,0,0,0,0,0,0,0,0,0,0,0,0,0,0,0,0,0,0,0,0,0,0,0,0,0,0,0,0,0,0,0,0,0,0,0,0,0,0,0,0,0,0,0,0,0,0,0,0,0,0,0,0,0,0,9,2022,9
alvinkamara_no_2022_9,no_2022_9,alvinkamara_no_2022,no_2022,alvinkamara,11822,hb,no,1,9,0,20,0,0,0,0,0,0,0,0,0,0,0,0,0,0,0,0,0,0,0,0,0,0,0,0,0,0,0,0,0,0,0,0,0,0,0,0,0,0,0,0,0,0,0,0,0,0,0,0,0,0,0,0,0,0,0,0,0,0,0,9,2022,9
jaylenwaddle_mia_2022_9,mia_2022_9,jaylenwaddle_mia_2022,mia_2022,jaylenwaddle,84088,wr,mia,1,9,0,17,0,0,0,0,0,0,0,0,0,0,0,0,0,0,0,0,0,0,0,0,0,0,0,0,0,0,0,0,0,0,0,0,0,0,0,0,0,0,0,0,0,0,0,0,0,0,0,0,0,0,0,0,0,0,0,0,0,0,0,9,2022,9
amonrastbrown_det_2022_9,det_2022_9,amonrastbrown_det_2022,det_2022,amonrastbrown,84470,wr,det,1,9,0,11,0,0,0,0,0,0,0,0,0,0,0,0,0,0,0,0,0,0,0,0,0,0,0,0,0,0,0,0,0,0,0,0,0,0,0,0,0,0,0,0,0,0,0,0,0,0,0,0,0,0,0,0,0,0,0,0,0,0,0,9,2022,9
michaelpittmanjr_ind_2022_9,ind_2022_9,michaelpittmanjr_ind_2022,ind_2022,michaelpittmanjr,29049,wr,ind,1,9,0,14,0,0,0,0,0,0,0,0,0,0,0,0,0,0,0,0,0,0,0,0,0,0,0,0,0,0,0,0,0,0,0,0,0,0,0,0,0,0,0,0,0,0,0,0,0,0,0,0,0,0,0,0,0,0,0,0,0,0,0,9,2022,9
diontaejohnson_pit_2022_9,pit_2022_9,diontaejohnson_pit_2022,pit_2022,diontaejohnson,33441,wr,pit,1,9,0,25,0,0,0,0,0,0,0,0,0,0,0,0,0,0,0,0,0,0,0,0,0,0,0,0,0,0,0,0,0,0,0,0,0,0,0,0,0,0,0,0,0,0,0,0,0,0,0,0,0,0,0,0,0,0,0,0,0,0,0,9,2022,9
joemixon_cin_2022_9,cin_2022_9,joemixon_cin_2022,cin_2022,joemixon,11803,hb,cin,1,8,0,7,0,0,0,0,0,0,0,0,0,0,0,0,0,0,0,0,0,0,0,0,0,0,0,0,0,0,0,0,0,0,0,0,0,0,0,0,0,0,0,0,0,0,0,0,0,0,0,0,0,0,0,0,0,0,0,0,0,0,0,9,2022,9
mackhollins_lv_2022_9,lv_2022_9,mackhollins_lv_2022,lv_2022,mackhollins,11873,wr,lv,1,8,0,23,0,0,0,0,0,0,0,0,0,0,0,0,0,0,0,0,0,0,0,0,0,0,0,0,0,0,0,0,0,0,0,0,0,0,0,0,0,0,0,0,0,0,0,0,0,0,0,0,0,0,0,0,0,0,0,0,0,0,0,9,2022,9
terrymclaurin_was_2022_9,was_2022_9,terrymclaurin_was_2022,was_2022,terrymclaurin,48229,wr,was,1,8,0,32,0,0,0,0,0,0,0,0,0,0,0,0,0,0,0,0,0,0,0,0,0,0,0,0,0,0,0,0,0,0,0,0,0,0,0,0,0,0,0,0,0,0,0,0,0,0,0,0,0,0,0,0,0,0,0,0,0,0,0,9,2022,9
demarcusrobinson_bal_2022_9,bal_2022_9,demarcusrobinson_bal_2022,bal_2022,demarcusrobinson,10760,wr,bal,1,8,0,3,0,0,0,0,0,0,0,0,0,0,0,0,0,0,0,0,0,0,0,0,0,0,0,0,0,0,0,0,0,0,0,0,0,0,0,0,0,0,0,0,0,0,0,0,0,0,0,0,0,0,0,0,0,0,0,0,0,0,0,9,2022,9
devontasmith_phi_2022_9,phi_2022_9,devontasmith_phi_2022,phi_2022,devontasmith,61100,wr,phi,1,8,0,24,0,0,0,0,0,0,0,0,0,0,0,0,0,0,0,0,0,0,0,0,0,0,0,0,0,0,0,0,0,0,0,0,0,0,0,0,0,0,0,0,0,0,0,0,0,0,0,0,0,0,0,0,0,0,0,0,0,0,0,9,2022,9
rondalemoore_ari_2022_9,ari_2022_9,rondalemoore_ari_2022,ari_2022,rondalemoore,62890,wr,ari,1,8,0,1,0,0,0,0,0,0,0,0,0,0,0,0,0,0,0,0,0,0,0,0,0,0,0,0,0,0,0,0,0,0,0,0,0,0,0,0,0,0,0,0,0,0,0,0,0,0,0,0,0,0,0,0,0,0,0,0,0,0,0,9,2022,9
justinjefferson_min_2022_9,min_2022_9,justinjefferson_min_2022,min_2022,justinjefferson,61398,wr,min,1,8,0,18,0,0,0,0,0,0,0,0,0,0,0,0,0,0,0,0,0,0,0,0,0,0,0,0,0,0,0,0,0,0,0,0,0,0,0,0,0,0,0,0,0,0,0,0,0,0,0,0,0,0,0,0,0,0,0,0,0,0,0,9,2022,9
stefondiggs_buf_2022_9,buf_2022_9,stefondiggs_buf_2022,buf_2022,stefondiggs,9579,wr,buf,1,8,0,4,0,0,0,0,0,0,0,0,0,0,0,0,0,0,0,0,0,0,0,0,0,0,0,0,0,0,0,0,0,0,0,0,0,0,0,0,0,0,0,0,0,0,0,0,0,0,0,0,0,0,0,0,0,0,0,0,0,0,0,9,2022,9
chrisgodwin_tb_2022_9,tb_2022_9,chrisgodwin_tb_2022,tb_2022,chrisgodwin,11839,wr,tb,1,8,0,30,0,0,0,0,0,0,0,0,0,0,0,0,0,0,0,0,0,0,0,0,0,0,0,0,0,0,0,0,0,0,0,0,0,0,0,0,0,0,0,0,0,0,0,0,0,0,0,0,0,0,0,0,0,0,0,0,0,0,0,9,2022,9
fostermoreau_lv_2022_9,lv_2022_9,fostermoreau_lv_2022,lv_2022,fostermoreau,47043,te,lv,1,8,0,23,0,0,0,0,0,0,0,0,0,0,0,0,0,0,0,0,0,0,0,0,0,0,0,0,0,0,0,0,0,0,0,0,0,0,0,0,0,0,0,0,0,0,0,0,0,0,0,0,0,0,0,0,0,0,0,0,0,0,0,9,2022,9
kylepitts_atl_2022_9,atl_2022_9,kylepitts_atl_2022,atl_2022,kylepitts,83964,te,atl,1,7,0,2,0,0,0,0,0,0,0,0,0,0,0,0,0,0,0,0,0,0,0,0,0,0,0,0,0,0,0,0,0,0,0,0,0,0,0,0,0,0,0,0,0,0,0,0,0,0,0,0,0,0,0,0,0,0,0,0,0,0,0,9,2022,9
tylerlockett_sea_2022_9,sea_2022_9,tylerlockett_sea_2022,sea_2022,tylerlockett,9502,wr,sea,1,7,0,29,0,0,0,0,0,0,0,0,0,0,0,0,0,0,0,0,0,0,0,0,0,0,0,0,0,0,0,0,0,0,0,0,0,0,0,0,0,0,0,0,0,0,0,0,0,0,0,0,0,0,0,0,0,0,0,0,0,0,0,9,2022,9
chrisolave_no_2022_9,no_2022_9,chrisolave_no_2022,no_2022,chrisolave,84355,wr,no,1,7,0,20,0,0,0,0,0,0,0,0,0,0,0,0,0,0,0,0,0,0,0,0,0,0,0,0,0,0,0,0,0,0,0,0,0,0,0,0,0,0,0,0,0,0,0,0,0,0,0,0,0,0,0,0,0,0,0,0,0,0,0,9,2022,9
adamthielen_min_2022_9,min_2022_9,adamthielen_min_2022,min_2022,adamthielen,8288,wr,min,1,7,0,18,0,0,0,0,0,0,0,0,0,0,0,0,0,0,0,0,0,0,0,0,0,0,0,0,0,0,0,0,0,0,0,0,0,0,0,0,0,0,0,0,0,0,0,0,0,0,0,0,0,0,0,0,0,0,0,0,0,0,0,9,2022,9
garrettwilson_nyj_2022_9,nyj_2022_9,garrettwilson_nyj_2022,nyj_2022,garrettwilson,97405,wr,nyj,1,7,0,22,0,0,0,0,0,0,0,0,0,0,0,0,0,0,0,0,0,0,0,0,0,0,0,0,0,0,0,0,0,0,0,0,0,0,0,0,0,0,0,0,0,0,0,0,0,0,0,0,0,0,0,0,0,0,0,0,0,0,0,9,2022,9
rhamondrestevenson_ne_2022_9,ne_2022_9,rhamondrestevenson_ne_2022,ne_2022,rhamondrestevenson,98689,hb,ne,1,7,0,19,0,0,0,0,0,0,0,0,0,0,0,0,0,0,0,0,0,0,0,0,0,0,0,0,0,0,0,0,0,0,0,0,0,0,0,0,0,0,0,0,0,0,0,0,0,0,0,0,0,0,0,0,0,0,0,0,0,0,0,9,2022,9
christiankirk_jax_2022_9,jax_2022_9,christiankirk_jax_2022,jax_2022,christiankirk,47546,wr,jax,1,7,0,15,0,0,0,0,0,0,0,0,0,0,0,0,0,0,0,0,0,0,0,0,0,0,0,0,0,0,0,0,0,0,0,0,0,0,0,0,0,0,0,0,0,0,0,0,0,0,0,0,0,0,0,0,0,0,0,0,0,0,0,9,2022,9
gabrieldavis_buf_2022_9,buf_2022_9,gabrieldavis_buf_2022,buf_2022,gabrieldavis,55410,wr,buf,1,7,0,4,0,0,0,0,0,0,0,0,0,0,0,0,0,0,0,0,0,0,0,0,0,0,0,0,0,0,0,0,0,0,0,0,0,0,0,0,0,0,0,0,0,0,0,0,0,0,0,0,0,0,0,0,0,0,0,0,0,0,0,9,2022,9
jerryjeudy_den_2022_9,den_2022_9,jerryjeudy_den_2022,den_2022,jerryjeudy,61103,wr,den,1,7,0,10,0,0,0,0,0,0,0,0,0,0,0,0,0,0,0,0,0,0,0,0,0,0,0,0,0,0,0,0,0,0,0,0,0,0,0,0,0,0,0,0,0,0,0,0,0,0,0,0,0,0,0,0,0,0,0,0,0,0,0,9,2022,9
ceedeelamb_dal_2022_9,dal_2022_9,ceedeelamb_dal_2022,dal_2022,ceedeelamb,61570,wr,dal,1,7,0,9,0,0,0,0,0,0,0,0,0,0,0,0,0,0,0,0,0,0,0,0,0,0,0,0,0,0,0,0,0,0,0,0,0,0,0,0,0,0,0,0,0,0,0,0,0,0,0,0,0,0,0,0,0,0,0,0,0,0,0,9,2022,9
amaricooper_cle_2022_9,cle_2022_9,amaricooper_cle_2022,cle_2022,amaricooper,9437,wr,cle,1,7,0,8,0,0,0,0,0,0,0,0,0,0,0,0,0,0,0,0,0,0,0,0,0,0,0,0,0,0,0,0,0,0,0,0,0,0,0,0,0,0,0,0,0,0,0,0,0,0,0,0,0,0,0,0,0,0,0,0,0,0,0,9,2022,9
allenrobinsonii_lar_2022_9,lar_2022_9,allenrobinsonii_lar_2022,lar_2022,allenrobinsonii,8696,wr,lar,1,7,0,26,0,0,0,0,0,0,0,0,0,0,0,0,0,0,0,0,0,0,0,0,0,0,0,0,0,0,0,0,0,0,0,0,0,0,0,0,0,0,0,0,0,0,0,0,0,0,0,0,0,0,0,0,0,0,0,0,0,0,0,9,2022,9
antoniogibson_was_2022_9,was_2022_9,antoniogibson_was_2022,was_2022,antoniogibson,78050,hb,was,1,7,0,32,0,0,0,0,0,0,0,0,0,0,0,0,0,0,0,0,0,0,0,0,0,0,0,0,0,0,0,0,0,0,0,0,0,0,0,0,0,0,0,0,0,0,0,0,0,0,0,0,0,0,0,0,0,0,0,0,0,0,0,9,2022,9
isaiahlikely_bal_2022_9,bal_2022_9,isaiahlikely_bal_2022,bal_2022,isaiahlikely,83955,te,bal,1,7,0,3,0,0,0,0,0,0,0,0,0,0,0,0,0,0,0,0,0,0,0,0,0,0,0,0,0,0,0,0,0,0,0,0,0,0,0,0,0,0,0,0,0,0,0,0,0,0,0,0,0,0,0,0,0,0,0,0,0,0,0,9,2022,9
patfreiermuth_pit_2022_9,pit_2022_9,patfreiermuth_pit_2022,pit_2022,patfreiermuth,84085,te,pit,1,7,0,25,0,0,0,0,0,0,0,0,0,0,0,0,0,0,0,0,0,0,0,0,0,0,0,0,0,0,0,0,0,0,0,0,0,0,0,0,0,0,0,0,0,0,0,0,0,0,0,0,0,0,0,0,0,0,0,0,0,0,0,9,2022,9
dallasgoedert_phi_2022_9,phi_2022_9,dallasgoedert_phi_2022,phi_2022,dallasgoedert,47272,te,phi,1,6,0,24,0,0,0,0,0,0,0,0,0,0,0,0,0,0,0,0,0,0,0,0,0,0,0,0,0,0,0,0,0,0,0,0,0,0,0,0,0,0,0,0,0,0,0,0,0,0,0,0,0,0,0,0,0,0,0,0,0,0,0,9,2022,9
michaelcarter_nyj_2022_9,nyj_2022_9,michaelcarter_nyj_2022,nyj_2022,michaelcarter,57337,hb,nyj,1,6,0,22,0,0,0,0,0,0,0,0,0,0,0,0,0,0,0,0,0,0,0,0,0,0,0,0,0,0,0,0,0,0,0,0,0,0,0,0,0,0,0,0,0,0,0,0,0,0,0,0,0,0,0,0,0,0,0,0,0,0,0,9,2022,9
teehiggins_cin_2022_9,cin_2022_9,teehiggins_cin_2022,cin_2022,teehiggins,61211,wr,cin,1,6,0,7,0,0,0,0,0,0,0,0,0,0,0,0,0,0,0,0,0,0,0,0,0,0,0,0,0,0,0,0,0,0,0,0,0,0,0,0,0,0,0,0,0,0,0,0,0,0,0,0,0,0,0,0,0,0,0,0,0,0,0,9,2022,9
brandincooks_hou_2022_9,hou_2022_9,brandincooks_hou_2022,hou_2022,brandincooks,8655,wr,hou,1,6,0,13,0,0,0,0,0,0,0,0,0,0,0,0,0,0,0,0,0,0,0,0,0,0,0,0,0,0,0,0,0,0,0,0,0,0,0,0,0,0,0,0,0,0,0,0,0,0,0,0,0,0,0,0,0,0,0,0,0,0,0,9,2022,9
daltonschultz_dal_2022_9,dal_2022_9,daltonschultz_dal_2022,dal_2022,daltonschultz,47304,te,dal,1,6,0,9,0,0,0,0,0,0,0,0,0,0,0,0,0,0,0,0,0,0,0,0,0,0,0,0,0,0,0,0,0,0,0,0,0,0,0,0,0,0,0,0,0,0,0,0,0,0,0,0,0,0,0,0,0,0,0,0,0,0,0,9,2022,9
evanengram_jax_2022_9,jax_2022_9,evanengram_jax_2022,jax_2022,evanengram,11778,te,jax,1,6,0,15,0,0,0,0,0,0,0,0,0,0,0,0,0,0,0,0,0,0,0,0,0,0,0,0,0,0,0,0,0,0,0,0,0,0,0,0,0,0,0,0,0,0,0,0,0,0,0,0,0,0,0,0,0,0,0,0,0,0,0,9,2022,9
brandonaiyuk_sf_2022_9,sf_2022_9,brandonaiyuk_sf_2022,sf_2022,brandonaiyuk,84109,wr,sf,1,6,0,28,0,0,0,0,0,0,0,0,0,0,0,0,0,0,0,0,0,0,0,0,0,0,0,0,0,0,0,0,0,0,0,0,0,0,0,0,0,0,0,0,0,0,0,0,0,0,0,0,0,0,0,0,0,0,0,0,0,0,0,9,2022,9
roberttonyan_gb_2022_9,gb_2022_9,roberttonyan_gb_2022,gb_2022,roberttonyan,12193,te,gb,1,6,0,12,0,0,0,0,0,0,0,0,0,0,0,0,0,0,0,0,0,0,0,0,0,0,0,0,0,0,0,0,0,0,0,0,0,0,0,0,0,0,0,0,0,0,0,0,0,0,0,0,0,0,0,0,0,0,0,0,0,0,0,9,2022,9
damierebyrd_atl_2022_9,atl_2022_9,damierebyrd_atl_2022,atl_2022,damierebyrd,9964,wr,atl,1,6,0,2,0,0,0,0,0,0,0,0,0,0,0,0,0,0,0,0,0,0,0,0,0,0,0,0,0,0,0,0,0,0,0,0,0,0,0,0,0,0,0,0,0,0,0,0,0,0,0,0,0,0,0,0,0,0,0,0,0,0,0,9,2022,9
dariusslayton_nyg_2022_9,nyg_2022_9,dariusslayton_nyg_2022,nyg_2022,dariusslayton,25578,wr,nyg,1,6,0,21,0,0,0,0,0,0,0,0,0,0,0,0,0,0,0,0,0,0,0,0,0,0,0,0,0,0,0,0,0,0,0,0,0,0,0,0,0,0,0,0,0,0,0,0,0,0,0,0,0,0,0,0,0,0,0,0,0,0,0,9,2022,9
dalvincook_min_2022_9,min_2022_9,dalvincook_min_2022,min_2022,dalvincook,11796,hb,min,1,6,0,18,0,0,0,0,0,0,0,0,0,0,0,0,0,0,0,0,0,0,0,0,0,0,0,0,0,0,0,0,0,0,0,0,0,0,0,0,0,0,0,0,0,0,0,0,0,0,0,0,0,0,0,0,0,0,0,0,0,0,0,9,2022,9
tylerhigbee_lar_2022_9,lar_2022_9,tylerhigbee_lar_2022,lar_2022,tylerhigbee,10744,te,lar,1,6,0,26,0,0,0,0,0,0,0,0,0,0,0,0,0,0,0,0,0,0,0,0,0,0,0,0,0,0,0,0,0,0,0,0,0,0,0,0,0,0,0,0,0,0,0,0,0,0,0,0,0,0,0,0,0,0,0,0,0,0,0,9,2022,9
michaelgallup_dal_2022_9,dal_2022_9,michaelgallup_dal_2022,dal_2022,michaelgallup,26075,wr,dal,1,6,0,9,0,0,0,0,0,0,0,0,0,0,0,0,0,0,0,0,0,0,0,0,0,0,0,0,0,0,0,0,0,0,0,0,0,0,0,0,0,0,0,0,0,0,0,0,0,0,0,0,0,0,0,0,0,0,0,0,0,0,0,9,2022,9
najeeharris_pit_2022_9,pit_2022_9,najeeharris_pit_2022,pit_2022,najeeharris,57121,hb,pit,1,6,0,25,0,0,0,0,0,0,0,0,0,0,0,0,0,0,0,0,0,0,0,0,0,0,0,0,0,0,0,0,0,0,0,0,0,0,0,0,0,0,0,0,0,0,0,0,0,0,0,0,0,0,0,0,0,0,0,0,0,0,0,9,2022,9
laviskashenaultjr_car_2022_9,car_2022_9,laviskashenaultjr_car_2022,car_2022,laviskashenaultjr,61220,wr,car,1,6,0,5,0,0,0,0,0,0,0,0,0,0,0,0,0,0,0,0,0,0,0,0,0,0,0,0,0,0,0,0,0,0,0,0,0,0,0,0,0,0,0,0,0,0,0,0,0,0,0,0,0,0,0,0,0,0,0,0,0,0,0,9,2022,9
drakelondon_atl_2022_9,atl_2022_9,drakelondon_atl_2022,atl_2022,drakelondon,86519,wr,atl,1,5,0,2,0,0,0,0,0,0,0,0,0,0,0,0,0,0,0,0,0,0,0,0,0,0,0,0,0,0,0,0,0,0,0,0,0,0,0,0,0,0,0,0,0,0,0,0,0,0,0,0,0,0,0,0,0,0,0,0,0,0,0,9,2022,9
keelancole_lv_2022_9,lv_2022_9,keelancole_lv_2022,lv_2022,keelancole,51593,wr,lv,1,5,0,23,0,0,0,0,0,0,0,0,0,0,0,0,0,0,0,0,0,0,0,0,0,0,0,0,0,0,0,0,0,0,0,0,0,0,0,0,0,0,0,0,0,0,0,0,0,0,0,0,0,0,0,0,0,0,0,0,0,0,0,9,2022,9
enobenjamin_ari_2022_9,ari_2022_9,enobenjamin_ari_2022,ari_2022,enobenjamin,57136,hb,ari,1,5,0,1,0,0,0,0,0,0,0,0,0,0,0,0,0,0,0,0,0,0,0,0,0,0,0,0,0,0,0,0,0,0,0,0,0,0,0,0,0,0,0,0,0,0,0,0,0,0,0,0,0,0,0,0,0,0,0,0,0,0,0,9,2022,9
dandreswift_det_2022_9,det_2022_9,dandreswift_det_2022,det_2022,dandreswift,57212,hb,det,1,5,0,11,0,0,0,0,0,0,0,0,0,0,0,0,0,0,0,0,0,0,0,0,0,0,0,0,0,0,0,0,0,0,0,0,0,0,0,0,0,0,0,0,0,0,0,0,0,0,0,0,0,0,0,0,0,0,0,0,0,0,0,9,2022,9
cadeotton_tb_2022_9,tb_2022_9,cadeotton_tb_2022,tb_2022,cadeotton,61071,te,tb,1,5,0,30,0,0,0,0,0,0,0,0,0,0,0,0,0,0,0,0,0,0,0,0,0,0,0,0,0,0,0,0,0,0,0,0,0,0,0,0,0,0,0,0,0,0,0,0,0,0,0,0,0,0,0,0,0,0,0,0,0,0,0,9,2022,9
joshreynolds_det_2022_9,det_2022_9,joshreynolds_det_2022,det_2022,joshreynolds,11872,wr,det,1,5,0,11,0,0,0,0,0,0,0,0,0,0,0,0,0,0,0,0,0,0,0,0,0,0,0,0,0,0,0,0,0,0,0,0,0,0,0,0,0,0,0,0,0,0,0,0,0,0,0,0,0,0,0,0,0,0,0,0,0,0,0,9,2022,9
tannerhudson_nyg_2022_9,nyg_2022_9,tannerhudson_nyg_2022,nyg_2022,tannerhudson,66924,te,nyg,1,5,0,21,0,0,0,0,0,0,0,0,0,0,0,0,0,0,0,0,0,0,0,0,0,0,0,0,0,0,0,0,0,0,0,0,0,0,0,0,0,0,0,0,0,0,0,0,0,0,0,0,0,0,0,0,0,0,0,0,0,0,0,9,2022,9
marquisegoodwin_sea_2022_9,sea_2022_9,marquisegoodwin_sea_2022,sea_2022,marquisegoodwin,7859,wr,sea,1,5,0,29,0,0,0,0,0,0,0,0,0,0,0,0,0,0,0,0,0,0,0,0,0,0,0,0,0,0,0,0,0,0,0,0,0,0,0,0,0,0,0,0,0,0,0,0,0,0,0,0,0,0,0,0,0,0,0,0,0,0,0,9,2022,9
alecpierce_ind_2022_9,ind_2022_9,alecpierce_ind_2022,ind_2022,alecpierce,78038,wr,ind,1,5,0,14,0,0,0,0,0,0,0,0,0,0,0,0,0,0,0,0,0,0,0,0,0,0,0,0,0,0,0,0,0,0,0,0,0,0,0,0,0,0,0,0,0,0,0,0,0,0,0,0,0,0,0,0,0,0,0,0,0,0,0,9,2022,9
phillipdorsett_hou_2022_9,hou_2022_9,phillipdorsett_hou_2022,hou_2022,phillipdorsett,9462,wr,hou,1,5,0,13,0,0,0,0,0,0,0,0,0,0,0,0,0,0,0,0,0,0,0,0,0,0,0,0,0,0,0,0,0,0,0,0,0,0,0,0,0,0,0,0,0,0,0,0,0,0,0,0,0,0,0,0,0,0,0,0,0,0,0,9,2022,9
gregdulcich_den_2022_9,den_2022_9,gregdulcich_den_2022,den_2022,gregdulcich,84068,te,den,1,5,0,10,0,0,0,0,0,0,0,0,0,0,0,0,0,0,0,0,0,0,0,0,0,0,0,0,0,0,0,0,0,0,0,0,0,0,0,0,0,0,0,0,0,0,0,0,0,0,0,0,0,0,0,0,0,0,0,0,0,0,0,9,2022,9
aaronjones_gb_2022_9,gb_2022_9,aaronjones_gb_2022,gb_2022,aaronjones,11937,hb,gb,1,5,0,12,0,0,0,0,0,0,0,0,0,0,0,0,0,0,0,0,0,0,0,0,0,0,0,0,0,0,0,0,0,0,0,0,0,0,0,0,0,0,0,0,0,0,0,0,0,0,0,0,0,0,0,0,0,0,0,0,0,0,0,9,2022,9
ameerabdullah_lv_2022_9,lv_2022_9,ameerabdullah_lv_2022,lv_2022,ameerabdullah,9487,hb,lv,1,5,0,23,0,0,0,0,0,0,0,0,0,0,0,0,0,0,0,0,0,0,0,0,0,0,0,0,0,0,0,0,0,0,0,0,0,0,0,0,0,0,0,0,0,0,0,0,0,0,0,0,0,0,0,0,0,0,0,0,0,0,0,9,2022,9
romeodoubs_gb_2022_9,gb_2022_9,romeodoubs_gb_2022,gb_2022,romeodoubs,84329,wr,gb,1,5,0,12,0,0,0,0,0,0,0,0,0,0,0,0,0,0,0,0,0,0,0,0,0,0,0,0,0,0,0,0,0,0,0,0,0,0,0,0,0,0,0,0,0,0,0,0,0,0,0,0,0,0,0,0,0,0,0,0,0,0,0,9,2022,9
davanteadams_lv_2022_9,lv_2022_9,davanteadams_lv_2022,lv_2022,davanteadams,8688,wr,lv,1,5,0,23,0,0,0,0,0,0,0,0,0,0,0,0,0,0,0,0,0,0,0,0,0,0,0,0,0,0,0,0,0,0,0,0,0,0,0,0,0,0,0,0,0,0,0,0,0,0,0,0,0,0,0,0,0,0,0,0,0,0,0,9,2022,9
tylerboyd_cin_2022_9,cin_2022_9,tylerboyd_cin_2022,cin_2022,tylerboyd,10689,wr,cin,1,5,0,7,0,0,0,0,0,0,0,0,0,0,0,0,0,0,0,0,0,0,0,0,0,0,0,0,0,0,0,0,0,0,0,0,0,0,0,0,0,0,0,0,0,0,0,0,0,0,0,0,0,0,0,0,0,0,0,0,0,0,0,9,2022,9
zachertz_ari_2022_9,ari_2022_9,zachertz_ari_2022,ari_2022,zachertz,7816,te,ari,1,5,0,1,0,0,0,0,0,0,0,0,0,0,0,0,0,0,0,0,0,0,0,0,0,0,0,0,0,0,0,0,0,0,0,0,0,0,0,0,0,0,0,0,0,0,0,0,0,0,0,0,0,0,0,0,0,0,0,0,0,0,0,9,2022,9
chaseclaypool_pit_2022_9,pit_2022_9,chaseclaypool_pit_2022,pit_2022,chaseclaypool,42312,wr,pit,1,5,0,25,0,0,0,0,0,0,0,0,0,0,0,0,0,0,0,0,0,0,0,0,0,0,0,0,0,0,0,0,0,0,0,0,0,0,0,0,0,0,0,0,0,0,0,0,0,0,0,0,0,0,0,0,0,0,0,0,0,0,0,9,2022,9
jdmckissic_was_2022_9,was_2022_9,jdmckissic_was_2022,was_2022,jdmckissic,11047,hb,was,1,5,0,32,0,0,0,0,0,0,0,0,0,0,0,0,0,0,0,0,0,0,0,0,0,0,0,0,0,0,0,0,0,0,0,0,0,0,0,0,0,0,0,0,0,0,0,0,0,0,0,0,0,0,0,0,0,0,0,0,0,0,0,9,2022,9
saquonbarkley_nyg_2022_9,nyg_2022_9,saquonbarkley_nyg_2022,nyg_2022,saquonbarkley,45791,hb,nyg,1,5,0,21,0,0,0,0,0,0,0,0,0,0,0,0,0,0,0,0,0,0,0,0,0,0,0,0,0,0,0,0,0,0,0,0,0,0,0,0,0,0,0,0,0,0,0,0,0,0,0,0,0,0,0,0,0,0,0,0,0,0,0,9,2022,9
marcusjohnson_nyg_2022_9,nyg_2022_9,marcusjohnson_nyg_2022,nyg_2022,marcusjohnson,11074,wr,nyg,1,5,0,21,0,0,0,0,0,0,0,0,0,0,0,0,0,0,0,0,0,0,0,0,0,0,0,0,0,0,0,0,0,0,0,0,0,0,0,0,0,0,0,0,0,0,0,0,0,0,0,0,0,0,0,0,0,0,0,0,0,0,0,9,2022,9
markandrews_bal_2022_9,bal_2022_9,markandrews_bal_2022,bal_2022,markandrews,47436,te,bal,1,5,0,3,0,0,0,0,0,0,0,0,0,0,0,0,0,0,0,0,0,0,0,0,0,0,0,0,0,0,0,0,0,0,0,0,0,0,0,0,0,0,0,0,0,0,0,0,0,0,0,0,0,0,0,0,0,0,0,0,0,0,0,9,2022,9
dantepettis_chi_2022_9,chi_2022_9,dantepettis_chi_2022,chi_2022,dantepettis,48113,wr,chi,1,5,0,6,0,0,0,0,0,0,0,0,0,0,0,0,0,0,0,0,0,0,0,0,0,0,0,0,0,0,0,0,0,0,0,0,0,0,0,0,0,0,0,0,0,0,0,0,0,0,0,0,0,0,0,0,0,0,0,0,0,0,0,9,2022,9
darnellmooney_chi_2022_9,chi_2022_9,darnellmooney_chi_2022,chi_2022,darnellmooney,48236,wr,chi,1,5,0,6,0,0,0,0,0,0,0,0,0,0,0,0,0,0,0,0,0,0,0,0,0,0,0,0,0,0,0,0,0,0,0,0,0,0,0,0,0,0,0,0,0,0,0,0,0,0,0,0,0,0,0,0,0,0,0,0,0,0,0,9,2022,9
georgekittle_sf_2022_9,sf_2022_9,georgekittle_sf_2022,sf_2022,georgekittle,11901,te,sf,1,4,0,28,0,0,0,0,0,0,0,0,0,0,0,0,0,0,0,0,0,0,0,0,0,0,0,0,0,0,0,0,0,0,0,0,0,0,0,0,0,0,0,0,0,0,0,0,0,0,0,0,0,0,0,0,0,0,0,0,0,0,0,9,2022,9
jamesproche_bal_2022_9,bal_2022_9,jamesproche_bal_2022,bal_2022,jamesproche,48037,wr,bal,1,4,0,3,0,0,0,0,0,0,0,0,0,0,0,0,0,0,0,0,0,0,0,0,0,0,0,0,0,0,0,0,0,0,0,0,0,0,0,0,0,0,0,0,0,0,0,0,0,0,0,0,0,0,0,0,0,0,0,0,0,0,0,9,2022,9
irvsmithjr_min_2022_9,min_2022_9,irvsmithjr_min_2022,min_2022,irvsmithjr,42060,te,min,1,4,0,18,0,0,0,0,0,0,0,0,0,0,0,0,0,0,0,0,0,0,0,0,0,0,0,0,0,0,0,0,0,0,0,0,0,0,0,0,0,0,0,0,0,0,0,0,0,0,0,0,0,0,0,0,0,0,0,0,0,0,0,9,2022,9
tommytremble_car_2022_9,car_2022_9,tommytremble_car_2022,car_2022,tommytremble,84025,te,car,1,4,0,5,0,0,0,0,0,0,0,0,0,0,0,0,0,0,0,0,0,0,0,0,0,0,0,0,0,0,0,0,0,0,0,0,0,0,0,0,0,0,0,0,0,0,0,0,0,0,0,0,0,0,0,0,0,0,0,0,0,0,0,9,2022,9
kenyandrake_bal_2022_9,bal_2022_9,kenyandrake_bal_2022,bal_2022,kenyandrake,10707,hb,bal,1,4,0,3,0,0,0,0,0,0,0,0,0,0,0,0,0,0,0,0,0,0,0,0,0,0,0,0,0,0,0,0,0,0,0,0,0,0,0,0,0,0,0,0,0,0,0,0,0,0,0,0,0,0,0,0,0,0,0,0,0,0,0,9,2022,9
devinduvernay_bal_2022_9,bal_2022_9,devinduvernay_bal_2022,bal_2022,devinduvernay,40006,wr,bal,1,4,0,3,0,0,0,0,0,0,0,0,0,0,0,0,0,0,0,0,0,0,0,0,0,0,0,0,0,0,0,0,0,0,0,0,0,0,0,0,0,0,0,0,0,0,0,0,0,0,0,0,0,0,0,0,0,0,0,0,0,0,0,9,2022,9
courtlandsutton_den_2022_9,den_2022_9,courtlandsutton_den_2022,den_2022,courtlandsutton,48164,wr,den,1,4,0,10,0,0,0,0,0,0,0,0,0,0,0,0,0,0,0,0,0,0,0,0,0,0,0,0,0,0,0,0,0,0,0,0,0,0,0,0,0,0,0,0,0,0,0,0,0,0,0,0,0,0,0,0,0,0,0,0,0,0,0,9,2022,9
kareemhunt_cle_2022_9,cle_2022_9,kareemhunt_cle_2022,cle_2022,kareemhunt,11841,hb,cle,1,4,0,8,0,0,0,0,0,0,0,0,0,0,0,0,0,0,0,0,0,0,0,0,0,0,0,0,0,0,0,0,0,0,0,0,0,0,0,0,0,0,0,0,0,0,0,0,0,0,0,0,0,0,0,0,0,0,0,0,0,0,0,9,2022,9
kjosborn_min_2022_9,min_2022_9,kjosborn_min_2022,min_2022,kjosborn,23503,wr,min,1,4,0,18,0,0,0,0,0,0,0,0,0,0,0,0,0,0,0,0,0,0,0,0,0,0,0,0,0,0,0,0,0,0,0,0,0,0,0,0,0,0,0,0,0,0,0,0,0,0,0,0,0,0,0,0,0,0,0,0,0,0,0,9,2022,9
juliojones_tb_2022_9,tb_2022_9,juliojones_tb_2022,tb_2022,juliojones,6158,wr,tb,1,4,0,30,0,0,0,0,0,0,0,0,0,0,0,0,0,0,0,0,0,0,0,0,0,0,0,0,0,0,0,0,0,0,0,0,0,0,0,0,0,0,0,0,0,0,0,0,0,0,0,0,0,0,0,0,0,0,0,0,0,0,0,9,2022,9
jamycalhasty_jax_2022_9,jax_2022_9,jamycalhasty_jax_2022,jax_2022,jamycalhasty,25582,hb,jax,1,4,0,15,0,0,0,0,0,0,0,0,0,0,0,0,0,0,0,0,0,0,0,0,0,0,0,0,0,0,0,0,0,0,0,0,0,0,0,0,0,0,0,0,0,0,0,0,0,0,0,0,0,0,0,0,0,0,0,0,0,0,0,9,2022,9
jonnusmith_ne_2022_9,ne_2022_9,jonnusmith_ne_2022,ne_2022,jonnusmith,11855,te,ne,1,4,0,19,0,0,0,0,0,0,0,0,0,0,0,0,0,0,0,0,0,0,0,0,0,0,0,0,0,0,0,0,0,0,0,0,0,0,0,0,0,0,0,0,0,0,0,0,0,0,0,0,0,0,0,0,0,0,0,0,0,0,0,9,2022,9
haydenhurst_cin_2022_9,cin_2022_9,haydenhurst_cin_2022,cin_2022,haydenhurst,47294,te,cin,1,4,0,7,0,0,0,0,0,0,0,0,0,0,0,0,0,0,0,0,0,0,0,0,0,0,0,0,0,0,0,0,0,0,0,0,0,0,0,0,0,0,0,0,0,0,0,0,0,0,0,0,0,0,0,0,0,0,0,0,0,0,0,9,2022,9
mikegesicki_mia_2022_9,mia_2022_9,mikegesicki_mia_2022,mia_2022,mikegesicki,47153,te,mia,1,4,0,17,0,0,0,0,0,0,0,0,0,0,0,0,0,0,0,0,0,0,0,0,0,0,0,0,0,0,0,0,0,0,0,0,0,0,0,0,0,0,0,0,0,0,0,0,0,0,0,0,0,0,0,0,0,0,0,0,0,0,0,9,2022,9
donovanpeoplesjones_cle_2022_9,cle_2022_9,donovanpeoplesjones_cle_2022,cle_2022,donovanpeoplesjones,61439,wr,cle,1,4,0,8,0,0,0,0,0,0,0,0,0,0,0,0,0,0,0,0,0,0,0,0,0,0,0,0,0,0,0,0,0,0,0,0,0,0,0,0,0,0,0,0,0,0,0,0,0,0,0,0,0,0,0,0,0,0,0,0,0,0,0,9,2022,9
brevinjordan_hou_2022_9,hou_2022_9,brevinjordan_hou_2022,hou_2022,brevinjordan,77887,te,hou,1,4,0,13,0,0,0,0,0,0,0,0,0,0,0,0,0,0,0,0,0,0,0,0,0,0,0,0,0,0,0,0,0,0,0,0,0,0,0,0,0,0,0,0,0,0,0,0,0,0,0,0,0,0,0,0,0,0,0,0,0,0,0,9,2022,9
ronnierivers_lar_2022_9,lar_2022_9,ronnierivers_lar_2022,lar_2022,ronnierivers,57208,hb,lar,1,4,0,26,0,0,0,0,0,0,0,0,0,0,0,0,0,0,0,0,0,0,0,0,0,0,0,0,0,0,0,0,0,0,0,0,0,0,0,0,0,0,0,0,0,0,0,0,0,0,0,0,0,0,0,0,0,0,0,0,0,0,0,9,2022,9
kalifraymond_det_2022_9,det_2022_9,kalifraymond_det_2022,det_2022,kalifraymond,11028,wr,det,1,4,0,11,0,0,0,0,0,0,0,0,0,0,0,0,0,0,0,0,0,0,0,0,0,0,0,0,0,0,0,0,0,0,0,0,0,0,0,0,0,0,0,0,0,0,0,0,0,0,0,0,0,0,0,0,0,0,0,0,0,0,0,9,2022,9
denzelmims_nyj_2022_9,nyj_2022_9,denzelmims_nyj_2022,nyj_2022,denzelmims,47800,wr,nyj,1,3,0,22,0,0,0,0,0,0,0,0,0,0,0,0,0,0,0,0,0,0,0,0,0,0,0,0,0,0,0,0,0,0,0,0,0,0,0,0,0,0,0,0,0,0,0,0,0,0,0,0,0,0,0,0,0,0,0,0,0,0,0,9,2022,9
samoritoure_gb_2022_9,gb_2022_9,samoritoure_gb_2022,gb_2022,samoritoure,25276,wr,gb,1,3,0,12,0,0,0,0,0,0,0,0,0,0,0,0,0,0,0,0,0,0,0,0,0,0,0,0,0,0,0,0,0,0,0,0,0,0,0,0,0,0,0,0,0,0,0,0,0,0,0,0,0,0,0,0,0,0,0,0,0,0,0,9,2022,9
dameonpierce_hou_2022_9,hou_2022_9,dameonpierce_hou_2022,hou_2022,dameonpierce,83659,hb,hou,1,3,0,13,0,0,0,0,0,0,0,0,0,0,0,0,0,0,0,0,0,0,0,0,0,0,0,0,0,0,0,0,0,0,0,0,0,0,0,0,0,0,0,0,0,0,0,0,0,0,0,0,0,0,0,0,0,0,0,0,0,0,0,9,2022,9
juwanjohnson_no_2022_9,no_2022_9,juwanjohnson_no_2022,no_2022,juwanjohnson,28305,te,no,1,3,0,20,0,0,0,0,0,0,0,0,0,0,0,0,0,0,0,0,0,0,0,0,0,0,0,0,0,0,0,0,0,0,0,0,0,0,0,0,0,0,0,0,0,0,0,0,0,0,0,0,0,0,0,0,0,0,0,0,0,0,0,9,2022,9
tylerallgeier_atl_2022_9,atl_2022_9,tylerallgeier_atl_2022,atl_2022,tylerallgeier,83639,hb,atl,1,3,0,2,0,0,0,0,0,0,0,0,0,0,0,0,0,0,0,0,0,0,0,0,0,0,0,0,0,0,0,0,0,0,0,0,0,0,0,0,0,0,0,0,0,0,0,0,0,0,0,0,0,0,0,0,0,0,0,0,0,0,0,9,2022,9
travisetienne_jax_2022_9,jax_2022_9,travisetienne_jax_2022,jax_2022,travisetienne,57185,hb,jax,1,3,0,15,0,0,0,0,0,0,0,0,0,0,0,0,0,0,0,0,0,0,0,0,0,0,0,0,0,0,0,0,0,0,0,0,0,0,0,0,0,0,0,0,0,0,0,0,0,0,0,0,0,0,0,0,0,0,0,0,0,0,0,9,2022,9
dawsonknox_buf_2022_9,buf_2022_9,dawsonknox_buf_2022,buf_2022,dawsonknox,35883,te,buf,1,3,0,4,0,0,0,0,0,0,0,0,0,0,0,0,0,0,0,0,0,0,0,0,0,0,0,0,0,0,0,0,0,0,0,0,0,0,0,0,0,0,0,0,0,0,0,0,0,0,0,0,0,0,0,0,0,0,0,0,0,0,0,9,2022,9
jamaalwilliams_det_2022_9,det_2022_9,jamaalwilliams_det_2022,det_2022,jamaalwilliams,11889,hb,det,1,3,0,11,0,0,0,0,0,0,0,0,0,0,0,0,0,0,0,0,0,0,0,0,0,0,0,0,0,0,0,0,0,0,0,0,0,0,0,0,0,0,0,0,0,0,0,0,0,0,0,0,0,0,0,0,0,0,0,0,0,0,0,9,2022,9
kylengranson_ind_2022_9,ind_2022_9,kylengranson_ind_2022,ind_2022,kylengranson,40630,te,ind,1,3,0,14,0,0,0,0,0,0,0,0,0,0,0,0,0,0,0,0,0,0,0,0,0,0,0,0,0,0,0,0,0,0,0,0,0,0,0,0,0,0,0,0,0,0,0,0,0,0,0,0,0,0,0,0,0,0,0,0,0,0,0,9,2022,9
tjhockenson_det_2022_9,det_2022_9,tjhockenson_det_2022,det_2022,tjhockenson,40912,te,det,1,3,0,11,0,0,0,0,0,0,0,0,0,0,0,0,0,0,0,0,0,0,0,0,0,0,0,0,0,0,0,0,0,0,0,0,0,0,0,0,0,0,0,0,0,0,0,0,0,0,0,0,0,0,0,0,0,0,0,0,0,0,0,9,2022,9
rashidshaheed_no_2022_9,no_2022_9,rashidshaheed_no_2022,no_2022,rashidshaheed,63707,wr,no,1,3,0,20,0,0,0,0,0,0,0,0,0,0,0,0,0,0,0,0,0,0,0,0,0,0,0,0,0,0,0,0,0,0,0,0,0,0,0,0,0,0,0,0,0,0,0,0,0,0,0,0,0,0,0,0,0,0,0,0,0,0,0,9,2022,9
samajeperine_cin_2022_9,cin_2022_9,samajeperine_cin_2022,cin_2022,samajeperine,11869,hb,cin,1,3,0,7,0,0,0,0,0,0,0,0,0,0,0,0,0,0,0,0,0,0,0,0,0,0,0,0,0,0,0,0,0,0,0,0,0,0,0,0,0,0,0,0,0,0,0,0,0,0,0,0,0,0,0,0,0,0,0,0,0,0,0,9,2022,9
gregdortch_ari_2022_9,ari_2022_9,gregdortch_ari_2022,ari_2022,gregdortch,42237,wr,ari,1,3,0,1,0,0,0,0,0,0,0,0,0,0,0,0,0,0,0,0,0,0,0,0,0,0,0,0,0,0,0,0,0,0,0,0,0,0,0,0,0,0,0,0,0,0,0,0,0,0,0,0,0,0,0,0,0,0,0,0,0,0,0,9,2022,9
melvingordoniii_den_2022_9,den_2022_9,melvingordoniii_den_2022,den_2022,melvingordoniii,9448,hb,den,1,3,0,10,0,0,0,0,0,0,0,0,0,0,0,0,0,0,0,0,0,0,0,0,0,0,0,0,0,0,0,0,0,0,0,0,0,0,0,0,0,0,0,0,0,0,0,0,0,0,0,0,0,0,0,0,0,0,0,0,0,0,0,9,2022,9
curtissamuel_was_2022_9,was_2022_9,curtissamuel_was_2022,was_2022,curtissamuel,11795,wr,was,1,3,0,32,0,0,0,0,0,0,0,0,0,0,0,0,0,0,0,0,0,0,0,0,0,0,0,0,0,0,0,0,0,0,0,0,0,0,0,0,0,0,0,0,0,0,0,0,0,0,0,0,0,0,0,0,0,0,0,0,0,0,0,9,2022,9
davidmontgomery_chi_2022_9,chi_2022_9,davidmontgomery_chi_2022,chi_2022,davidmontgomery,45719,hb,chi,1,3,0,6,0,0,0,0,0,0,0,0,0,0,0,0,0,0,0,0,0,0,0,0,0,0,0,0,0,0,0,0,0,0,0,0,0,0,0,0,0,0,0,0,0,0,0,0,0,0,0,0,0,0,0,0,0,0,0,0,0,0,0,9,2022,9
stevensims_pit_2022_9,pit_2022_9,stevensims_pit_2022,pit_2022,stevensims,48341,wr,pit,1,3,0,25,0,0,0,0,0,0,0,0,0,0,0,0,0,0,0,0,0,0,0,0,0,0,0,0,0,0,0,0,0,0,0,0,0,0,0,0,0,0,0,0,0,0,0,0,0,0,0,0,0,0,0,0,0,0,0,0,0,0,0,9,2022,9
joshjacobs_lv_2022_9,lv_2022_9,joshjacobs_lv_2022,lv_2022,joshjacobs,45953,hb,lv,1,3,0,23,0,0,0,0,0,0,0,0,0,0,0,0,0,0,0,0,0,0,0,0,0,0,0,0,0,0,0,0,0,0,0,0,0,0,0,0,0,0,0,0,0,0,0,0,0,0,0,0,0,0,0,0,0,0,0,0,0,0,0,9,2022,9
robbieanderson_ari_2022_9,ari_2022_9,robbieanderson_ari_2022,ari_2022,robbieanderson,11254,wr,ari,1,3,0,1,0,0,0,0,0,0,0,0,0,0,0,0,0,0,0,0,0,0,0,0,0,0,0,0,0,0,0,0,0,0,0,0,0,0,0,0,0,0,0,0,0,0,0,0,0,0,0,0,0,0,0,0,0,0,0,0,0,0,0,9,2022,9
kjhamler_den_2022_9,den_2022_9,kjhamler_den_2022,den_2022,kjhamler,61590,wr,den,1,3,0,10,0,0,0,0,0,0,0,0,0,0,0,0,0,0,0,0,0,0,0,0,0,0,0,0,0,0,0,0,0,0,0,0,0,0,0,0,0,0,0,0,0,0,0,0,0,0,0,0,0,0,0,0,0,0,0,0,0,0,0,9,2022,9
leonardfournette_tb_2022_9,tb_2022_9,leonardfournette_tb_2022,tb_2022,leonardfournette,11759,hb,tb,1,3,0,30,0,0,0,0,0,0,0,0,0,0,0,0,0,0,0,0,0,0,0,0,0,0,0,0,0,0,0,0,0,0,0,0,0,0,0,0,0,0,0,0,0,0,0,0,0,0,0,0,0,0,0,0,0,0,0,0,0,0,0,9,2022,9
ojhoward_hou_2022_9,hou_2022_9,ojhoward_hou_2022,hou_2022,ojhoward,11774,te,hou,1,3,0,13,0,0,0,0,0,0,0,0,0,0,0,0,0,0,0,0,0,0,0,0,0,0,0,0,0,0,0,0,0,0,0,0,0,0,0,0,0,0,0,0,0,0,0,0,0,0,0,0,0,0,0,0,0,0,0,0,0,0,0,9,2022,9
amarirodgers_gb_2022_9,gb_2022_9,amarirodgers_gb_2022,gb_2022,amarirodgers,61212,wr,gb,1,3,0,12,0,0,0,0,0,0,0,0,0,0,0,0,0,0,0,0,0,0,0,0,0,0,0,0,0,0,0,0,0,0,0,0,0,0,0,0,0,0,0,0,0,0,0,0,0,0,0,0,0,0,0,0,0,0,0,0,0,0,0,9,2022,9
zayjones_jax_2022_9,jax_2022_9,zayjones_jax_2022,jax_2022,zayjones,11792,wr,jax,1,3,0,15,0,0,0,0,0,0,0,0,0,0,0,0,0,0,0,0,0,0,0,0,0,0,0,0,0,0,0,0,0,0,0,0,0,0,0,0,0,0,0,0,0,0,0,0,0,0,0,0,0,0,0,0,0,0,0,0,0,0,0,9,2022,9
equanimeousstbrown_chi_2022_9,chi_2022_9,equanimeousstbrown_chi_2022,chi_2022,equanimeousstbrown,47967,wr,chi,1,3,0,6,0,0,0,0,0,0,0,0,0,0,0,0,0,0,0,0,0,0,0,0,0,0,0,0,0,0,0,0,0,0,0,0,0,0,0,0,0,0,0,0,0,0,0,0,0,0,0,0,0,0,0,0,0,0,0,0,0,0,0,9,2022,9
jaylenwarren_pit_2022_9,pit_2022_9,jaylenwarren_pit_2022,pit_2022,jaylenwarren,98692,hb,pit,1,3,0,25,0,0,0,0,0,0,0,0,0,0,0,0,0,0,0,0,0,0,0,0,0,0,0,0,0,0,0,0,0,0,0,0,0,0,0,0,0,0,0,0,0,0,0,0,0,0,0,0,0,0,0,0,0,0,0,0,0,0,0,9,2022,9
georgepickens_pit_2022_9,pit_2022_9,georgepickens_pit_2022,pit_2022,georgepickens,99229,wr,pit,1,3,0,25,0,0,0,0,0,0,0,0,0,0,0,0,0,0,0,0,0,0,0,0,0,0,0,0,0,0,0,0,0,0,0,0,0,0,0,0,0,0,0,0,0,0,0,0,0,0,0,0,0,0,0,0,0,0,0,0,0,0,0,9,2022,9
wandalerobinson_nyg_2022_9,nyg_2022_9,wandalerobinson_nyg_2022,nyg_2022,wandalerobinson,101735,wr,nyg,1,3,0,21,0,0,0,0,0,0,0,0,0,0,0,0,0,0,0,0,0,0,0,0,0,0,0,0,0,0,0,0,0,0,0,0,0,0,0,0,0,0,0,0,0,0,0,0,0,0,0,0,0,0,0,0,0,0,0,0,0,0,0,9,2022,9
rachaadwhite_tb_2022_9,tb_2022_9,rachaadwhite_tb_2022,tb_2022,rachaadwhite,131633,hb,tb,1,3,0,30,0,0,0,0,0,0,0,0,0,0,0,0,0,0,0,0,0,0,0,0,0,0,0,0,0,0,0,0,0,0,0,0,0,0,0,0,0,0,0,0,0,0,0,0,0,0,0,0,0,0,0,0,0,0,0,0,0,0,0,9,2022,9
marvinjonesjr_jax_2022_9,jax_2022_9,marvinjonesjr_jax_2022,jax_2022,marvinjonesjr,7158,wr,jax,1,3,0,15,0,0,0,0,0,0,0,0,0,0,0,0,0,0,0,0,0,0,0,0,0,0,0,0,0,0,0,0,0,0,0,0,0,0,0,0,0,0,0,0,0,0,0,0,0,0,0,0,0,0,0,0,0,0,0,0,0,0,0,9,2022,9
darrelwilliams_ari_2022_9,ari_2022_9,darrelwilliams_ari_2022,ari_2022,darrelwilliams,13014,hb,ari,1,3,0,1,0,0,0,0,0,0,0,0,0,0,0,0,0,0,0,0,0,0,0,0,0,0,0,0,0,0,0,0,0,0,0,0,0,0,0,0,0,0,0,0,0,0,0,0,0,0,0,0,0,0,0,0,0,0,0,0,0,0,0,9,2022,9
michaelwoodsii_cle_2022_9,cle_2022_9,michaelwoodsii_cle_2022,cle_2022,michaelwoodsii,84117,wr,cle,1,2,0,8,0,0,0,0,0,0,0,0,0,0,0,0,0,0,0,0,0,0,0,0,0,0,0,0,0,0,0,0,0,0,0,0,0,0,0,0,0,0,0,0,0,0,0,0,0,0,0,0,0,0,0,0,0,0,0,0,0,0,0,9,2022,9
jeffsmith_nyj_2022_9,nyj_2022_9,jeffsmith_nyj_2022,nyj_2022,jeffsmith,48055,wr,nyj,1,2,0,22,0,0,0,0,0,0,0,0,0,0,0,0,0,0,0,0,0,0,0,0,0,0,0,0,0,0,0,0,0,0,0,0,0,0,0,0,0,0,0,0,0,0,0,0,0,0,0,0,0,0,0,0,0,0,0,0,0,0,0,9,2022,9
trentonirwin_cin_2022_9,cin_2022_9,trentonirwin_cin_2022,cin_2022,trentonirwin,48080,wr,cin,1,2,0,7,0,0,0,0,0,0,0,0,0,0,0,0,0,0,0,0,0,0,0,0,0,0,0,0,0,0,0,0,0,0,0,0,0,0,0,0,0,0,0,0,0,0,0,0,0,0,0,0,0,0,0,0,0,0,0,0,0,0,0,9,2022,9
braylonsanders_mia_2022_9,mia_2022_9,braylonsanders_mia_2022,mia_2022,braylonsanders,61457,wr,mia,1,2,0,17,0,0,0,0,0,0,0,0,0,0,0,0,0,0,0,0,0,0,0,0,0,0,0,0,0,0,0,0,0,0,0,0,0,0,0,0,0,0,0,0,0,0,0,0,0,0,0,0,0,0,0,0,0,0,0,0,0,0,0,9,2022,9
willdissly_sea_2022_9,sea_2022_9,willdissly_sea_2022,sea_2022,willdissly,30762,te,sea,1,2,0,29,0,0,0,0,0,0,0,0,0,0,0,0,0,0,0,0,0,0,0,0,0,0,0,0,0,0,0,0,0,0,0,0,0,0,0,0,0,0,0,0,0,0,0,0,0,0,0,0,0,0,0,0,0,0,0,0,0,0,0,9,2022,9
dwayneeskridge_sea_2022_9,sea_2022_9,dwayneeskridge_sea_2022,sea_2022,dwayneeskridge,29573,wr,sea,1,2,0,29,0,0,0,0,0,0,0,0,0,0,0,0,0,0,0,0,0,0,0,0,0,0,0,0,0,0,0,0,0,0,0,0,0,0,0,0,0,0,0,0,0,0,0,0,0,0,0,0,0,0,0,0,0,0,0,0,0,0,0,9,2022,9
taysomhill_no_2022_9,no_2022_9,taysomhill_no_2022,no_2022,taysomhill,12112,te,no,1,2,0,20,0,0,0,0,0,0,0,0,0,0,0,0,0,0,0,0,0,0,0,0,0,0,0,0,0,0,0,0,0,0,0,0,0,0,0,0,0,0,0,0,0,0,0,0,0,0,0,0,0,0,0,0,0,0,0,0,0,0,0,9,2022,9
davidbell_cle_2022_9,cle_2022_9,davidbell_cle_2022,cle_2022,davidbell,97989,wr,cle,1,2,0,8,0,0,0,0,0,0,0,0,0,0,0,0,0,0,0,0,0,0,0,0,0,0,0,0,0,0,0,0,0,0,0,0,0,0,0,0,0,0,0,0,0,0,0,0,0,0,0,0,0,0,0,0,0,0,0,0,0,0,0,9,2022,9
jeffwilsonjr_sf_2022_9,sf_2022_9,jeffwilsonjr_sf_2022,sf_2022,jeffwilsonjr,29413,hb,sf,1,2,0,28,0,0,0,0,0,0,0,0,0,0,0,0,0,0,0,0,0,0,0,0,0,0,0,0,0,0,0,0,0,0,0,0,0,0,0,0,0,0,0,0,0,0,0,0,0,0,0,0,0,0,0,0,0,0,0,0,0,0,0,9,2022,9
tyquanthornton_ne_2022_9,ne_2022_9,tyquanthornton_ne_2022,ne_2022,tyquanthornton,78092,wr,ne,1,2,0,19,0,0,0,0,0,0,0,0,0,0,0,0,0,0,0,0,0,0,0,0,0,0,0,0,0,0,0,0,0,0,0,0,0,0,0,0,0,0,0,0,0,0,0,0,0,0,0,0,0,0,0,0,0,0,0,0,0,0,0,9,2022,9
colekmet_chi_2022_9,chi_2022_9,colekmet_chi_2022,chi_2022,colekmet,60995,te,chi,1,2,0,6,0,0,0,0,0,0,0,0,0,0,0,0,0,0,0,0,0,0,0,0,0,0,0,0,0,0,0,0,0,0,0,0,0,0,0,0,0,0,0,0,0,0,0,0,0,0,0,0,0,0,0,0,0,0,0,0,0,0,0,9,2022,9
nkealharry_chi_2022_9,chi_2022_9,nkealharry_chi_2022,chi_2022,nkealharry,48297,wr,chi,1,2,0,6,0,0,0,0,0,0,0,0,0,0,0,0,0,0,0,0,0,0,0,0,0,0,0,0,0,0,0,0,0,0,0,0,0,0,0,0,0,0,0,0,0,0,0,0,0,0,0,0,0,0,0,0,0,0,0,0,0,0,0,9,2022,9
robertwoods_ten_2022_9,ten_2022_9,robertwoods_ten_2022,ten_2022,robertwoods,7822,wr,ten,1,2,0,31,0,0,0,0,0,0,0,0,0,0,0,0,0,0,0,0,0,0,0,0,0,0,0,0,0,0,0,0,0,0,0,0,0,0,0,0,0,0,0,0,0,0,0,0,0,0,0,0,0,0,0,0,0,0,0,0,0,0,0,9,2022,9
scottymiller_tb_2022_9,tb_2022_9,scottymiller_tb_2022,tb_2022,scottymiller,47481,wr,tb,1,2,0,30,0,0,0,0,0,0,0,0,0,0,0,0,0,0,0,0,0,0,0,0,0,0,0,0,0,0,0,0,0,0,0,0,0,0,0,0,0,0,0,0,0,0,0,0,0,0,0,0,0,0,0,0,0,0,0,0,0,0,0,9,2022,9
armanirogers_was_2022_9,was_2022_9,armanirogers_was_2022,was_2022,armanirogers,40034,te,was,1,2,0,32,0,0,0,0,0,0,0,0,0,0,0,0,0,0,0,0,0,0,0,0,0,0,0,0,0,0,0,0,0,0,0,0,0,0,0,0,0,0,0,0,0,0,0,0,0,0,0,0,0,0,0,0,0,0,0,0,0,0,0,9,2022,9
velusjonesjr_chi_2022_9,chi_2022_9,velusjonesjr_chi_2022,chi_2022,velusjonesjr,40573,wr,chi,1,2,0,6,0,0,0,0,0,0,0,0,0,0,0,0,0,0,0,0,0,0,0,0,0,0,0,0,0,0,0,0,0,0,0,0,0,0,0,0,0,0,0,0,0,0,0,0,0,0,0,0,0,0,0,0,0,0,0,0,0,0,0,9,2022,9
hunterrenfrow_lv_2022_9,lv_2022_9,hunterrenfrow_lv_2022,lv_2022,hunterrenfrow,47509,wr,lv,1,2,0,23,0,0,0,0,0,0,0,0,0,0,0,0,0,0,0,0,0,0,0,0,0,0,0,0,0,0,0,0,0,0,0,0,0,0,0,0,0,0,0,0,0,0,0,0,0,0,0,0,0,0,0,0,0,0,0,0,0,0,0,9,2022,9
peytonhendershot_dal_2022_9,dal_2022_9,peytonhendershot_dal_2022,dal_2022,peytonhendershot,60915,te,dal,1,2,0,9,0,0,0,0,0,0,0,0,0,0,0,0,0,0,0,0,0,0,0,0,0,0,0,0,0,0,0,0,0,0,0,0,0,0,0,0,0,0,0,0,0,0,0,0,0,0,0,0,0,0,0,0,0,0,0,0,0,0,0,9,2022,9
darrellhenderson_lar_2022_9,lar_2022_9,darrellhenderson_lar_2022,lar_2022,darrellhenderson,41193,hb,lar,1,2,0,26,0,0,0,0,0,0,0,0,0,0,0,0,0,0,0,0,0,0,0,0,0,0,0,0,0,0,0,0,0,0,0,0,0,0,0,0,0,0,0,0,0,0,0,0,0,0,0,0,0,0,0,0,0,0,0,0,0,0,0,9,2022,9
troyhairstonii_hou_2022_9,hou_2022_9,troyhairstonii_hou_2022,hou_2022,troyhairstonii,65088,fb,hou,1,2,0,13,0,0,0,0,0,0,0,0,0,0,0,0,0,0,0,0,0,0,0,0,0,0,0,0,0,0,0,0,0,0,0,0,0,0,0,0,0,0,0,0,0,0,0,0,0,0,0,0,0,0,0,0,0,0,0,0,0,0,0,9,2022,9
kennethwalkeriii_sea_2022_9,sea_2022_9,kennethwalkeriii_sea_2022,sea_2022,kennethwalkeriii,97199,hb,sea,1,2,0,29,0,0,0,0,0,0,0,0,0,0,0,0,0,0,0,0,0,0,0,0,0,0,0,0,0,0,0,0,0,0,0,0,0,0,0,0,0,0,0,0,0,0,0,0,0,0,0,0,0,0,0,0,0,0,0,0,0,0,0,9,2022,9
damienharris_ne_2022_9,ne_2022_9,damienharris_ne_2022,ne_2022,damienharris,35134,hb,ne,1,2,0,19,0,0,0,0,0,0,0,0,0,0,0,0,0,0,0,0,0,0,0,0,0,0,0,0,0,0,0,0,0,0,0,0,0,0,0,0,0,0,0,0,0,0,0,0,0,0,0,0,0,0,0,0,0,0,0,0,0,0,0,9,2022,9
chigoziemokonkwo_ten_2022_9,ten_2022_9,chigoziemokonkwo_ten_2022,ten_2022,chigoziemokonkwo,84000,te,ten,1,2,0,31,0,0,0,0,0,0,0,0,0,0,0,0,0,0,0,0,0,0,0,0,0,0,0,0,0,0,0,0,0,0,0,0,0,0,0,0,0,0,0,0,0,0,0,0,0,0,0,0,0,0,0,0,0,0,0,0,0,0,0,9,2022,9
rayraymccloudiii_sf_2022_9,sf_2022_9,rayraymccloudiii_sf_2022,sf_2022,rayraymccloudiii,47895,wr,sf,1,2,0,28,0,0,0,0,0,0,0,0,0,0,0,0,0,0,0,0,0,0,0,0,0,0,0,0,0,0,0,0,0,0,0,0,0,0,0,0,0,0,0,0,0,0,0,0,0,0,0,0,0,0,0,0,0,0,0,0,0,0,0,9,2022,9
derekwatt_pit_2022_9,pit_2022_9,derekwatt_pit_2022,pit_2022,derekwatt,10832,fb,pit,1,2,0,25,0,0,0,0,0,0,0,0,0,0,0,0,0,0,0,0,0,0,0,0,0,0,0,0,0,0,0,0,0,0,0,0,0,0,0,0,0,0,0,0,0,0,0,0,0,0,0,0,0,0,0,0,0,0,0,0,0,0,0,9,2022,9
camsims_was_2022_9,was_2022_9,camsims_was_2022,was_2022,camsims,47908,wr,was,1,2,0,32,0,0,0,0,0,0,0,0,0,0,0,0,0,0,0,0,0,0,0,0,0,0,0,0,0,0,0,0,0,0,0,0,0,0,0,0,0,0,0,0,0,0,0,0,0,0,0,0,0,0,0,0,0,0,0,0,0,0,0,9,2022,9
parriscampbell_ind_2022_9,ind_2022_9,parriscampbell_ind_2022,ind_2022,parriscampbell,47940,wr,ind,1,2,0,14,0,0,0,0,0,0,0,0,0,0,0,0,0,0,0,0,0,0,0,0,0,0,0,0,0,0,0,0,0,0,0,0,0,0,0,0,0,0,0,0,0,0,0,0,0,0,0,0,0,0,0,0,0,0,0,0,0,0,0,9,2022,9
noahfant_sea_2022_9,sea_2022_9,noahfant_sea_2022,sea_2022,noahfant,42388,te,sea,1,2,0,29,0,0,0,0,0,0,0,0,0,0,0,0,0,0,0,0,0,0,0,0,0,0,0,0,0,0,0,0,0,0,0,0,0,0,0,0,0,0,0,0,0,0,0,0,0,0,0,0,0,0,0,0,0,0,0,0,0,0,0,9,2022,9
averywilliams_atl_2022_9,atl_2022_9,averywilliams_atl_2022,atl_2022,averywilliams,42873,hb,atl,1,2,0,2,0,0,0,0,0,0,0,0,0,0,0,0,0,0,0,0,0,0,0,0,0,0,0,0,0,0,0,0,0,0,0,0,0,0,0,0,0,0,0,0,0,0,0,0,0,0,0,0,0,0,0,0,0,0,0,0,0,0,0,9,2022,9
davidsills_nyg_2022_9,nyg_2022_9,davidsills_nyg_2022,nyg_2022,davidsills,34579,wr,nyg,1,2,0,21,0,0,0,0,0,0,0,0,0,0,0,0,0,0,0,0,0,0,0,0,0,0,0,0,0,0,0,0,0,0,0,0,0,0,0,0,0,0,0,0,0,0,0,0,0,0,0,0,0,0,0,0,0,0,0,0,0,0,0,9,2022,9
dontrellhilliard_ten_2022_9,ten_2022_9,dontrellhilliard_ten_2022,ten_2022,dontrellhilliard,45691,hb,ten,1,2,0,31,0,0,0,0,0,0,0,0,0,0,0,0,0,0,0,0,0,0,0,0,0,0,0,0,0,0,0,0,0,0,0,0,0,0,0,0,0,0,0,0,0,0,0,0,0,0,0,0,0,0,0,0,0,0,0,0,0,0,0,9,2022,9
mattbreida_nyg_2022_9,nyg_2022_9,mattbreida_nyg_2022,nyg_2022,mattbreida,12271,hb,nyg,1,2,0,21,0,0,0,0,0,0,0,0,0,0,0,0,0,0,0,0,0,0,0,0,0,0,0,0,0,0,0,0,0,0,0,0,0,0,0,0,0,0,0,0,0,0,0,0,0,0,0,0,0,0,0,0,0,0,0,0,0,0,0,9,2022,9
tyjohnson_nyj_2022_9,nyj_2022_9,tyjohnson_nyj_2022,nyj_2022,tyjohnson,45769,hb,nyj,1,2,0,22,0,0,0,0,0,0,0,0,0,0,0,0,0,0,0,0,0,0,0,0,0,0,0,0,0,0,0,0,0,0,0,0,0,0,0,0,0,0,0,0,0,0,0,0,0,0,0,0,0,0,0,0,0,0,0,0,0,0,0,9,2022,9
nyheimhines_ind_2022_9,ind_2022_9,nyheimhines_ind_2022,ind_2022,nyheimhines,48103,hb,ind,1,2,0,14,0,0,0,0,0,0,0,0,0,0,0,0,0,0,0,0,0,0,0,0,0,0,0,0,0,0,0,0,0,0,0,0,0,0,0,0,0,0,0,0,0,0,0,0,0,0,0,0,0,0,0,0,0,0,0,0,0,0,0,9,2022,9
zachpascal_phi_2022_9,phi_2022_9,zachpascal_phi_2022,phi_2022,zachpascal,12303,wr,phi,1,2,0,24,0,0,0,0,0,0,0,0,0,0,0,0,0,0,0,0,0,0,0,0,0,0,0,0,0,0,0,0,0,0,0,0,0,0,0,0,0,0,0,0,0,0,0,0,0,0,0,0,0,0,0,0,0,0,0,0,0,0,0,9,2022,9
malikdavis_dal_2022_9,dal_2022_9,malikdavis_dal_2022,dal_2022,malikdavis,57196,hb,dal,1,2,0,9,0,0,0,0,0,0,0,0,0,0,0,0,0,0,0,0,0,0,0,0,0,0,0,0,0,0,0,0,0,0,0,0,0,0,0,0,0,0,0,0,0,0,0,0,0,0,0,0,0,0,0,0,0,0,0,0,0,0,0,9,2022,9
trentsherfield_mia_2022_9,mia_2022_9,trentsherfield_mia_2022,mia_2022,trentsherfield,48021,wr,mia,1,2,0,17,0,0,0,0,0,0,0,0,0,0,0,0,0,0,0,0,0,0,0,0,0,0,0,0,0,0,0,0,0,0,0,0,0,0,0,0,0,0,0,0,0,0,0,0,0,0,0,0,0,0,0,0,0,0,0,0,0,0,0,9,2022,9
braxtonberrios_nyj_2022_9,nyj_2022_9,braxtonberrios_nyj_2022,nyj_2022,braxtonberrios,47961,wr,nyj,1,1,0,22,0,0,0,0,0,0,0,0,0,0,0,0,0,0,0,0,0,0,0,0,0,0,0,0,0,0,0,0,0,0,0,0,0,0,0,0,0,0,0,0,0,0,0,0,0,0,0,0,0,0,0,0,0,0,0,0,0,0,0,9,2022,9
markingramii_no_2022_9,no_2022_9,markingramii_no_2022,no_2022,markingramii,6180,hb,no,1,1,0,20,0,0,0,0,0,0,0,0,0,0,0,0,0,0,0,0,0,0,0,0,0,0,0,0,0,0,0,0,0,0,0,0,0,0,0,0,0,0,0,0,0,0,0,0,0,0,0,0,0,0,0,0,0,0,0,0,0,0,0,9,2022,9
kylerudolph_tb_2022_9,tb_2022_9,kylerudolph_tb_2022,tb_2022,kylerudolph,6195,te,tb,1,1,0,30,0,0,0,0,0,0,0,0,0,0,0,0,0,0,0,0,0,0,0,0,0,0,0,0,0,0,0,0,0,0,0,0,0,0,0,0,0,0,0,0,0,0,0,0,0,0,0,0,0,0,0,0,0,0,0,0,0,0,0,9,2022,9
lataviusmurray_den_2022_9,den_2022_9,lataviusmurray_den_2022,den_2022,lataviusmurray,7962,hb,den,1,1,0,10,0,0,0,0,0,0,0,0,0,0,0,0,0,0,0,0,0,0,0,0,0,0,0,0,0,0,0,0,0,0,0,0,0,0,0,0,0,0,0,0,0,0,0,0,0,0,0,0,0,0,0,0,0,0,0,0,0,0,0,9,2022,9
rexburkhead_hou_2022_9,hou_2022_9,rexburkhead_hou_2022,hou_2022,rexburkhead,7971,hb,hou,1,1,0,13,0,0,0,0,0,0,0,0,0,0,0,0,0,0,0,0,0,0,0,0,0,0,0,0,0,0,0,0,0,0,0,0,0,0,0,0,0,0,0,0,0,0,0,0,0,0,0,0,0,0,0,0,0,0,0,0,0,0,0,9,2022,9
sammywatkins_gb_2022_9,gb_2022_9,sammywatkins_gb_2022,gb_2022,sammywatkins,8639,wr,gb,1,1,0,12,0,0,0,0,0,0,0,0,0,0,0,0,0,0,0,0,0,0,0,0,0,0,0,0,0,0,0,0,0,0,0,0,0,0,0,0,0,0,0,0,0,0,0,0,0,0,0,0,0,0,0,0,0,0,0,0,0,0,0,9,2022,9
devanteparker_ne_2022_9,ne_2022_9,devanteparker_ne_2022,ne_2022,devanteparker,9447,wr,ne,1,1,0,19,0,0,0,0,0,0,0,0,0,0,0,0,0,0,0,0,0,0,0,0,0,0,0,0,0,0,0,0,0,0,0,0,0,0,0,0,0,0,0,0,0,0,0,0,0,0,0,0,0,0,0,0,0,0,0,0,0,0,0,9,2022,9
nelsonagholor_ne_2022_9,ne_2022_9,nelsonagholor_ne_2022,ne_2022,nelsonagholor,9453,wr,ne,1,1,0,19,0,0,0,0,0,0,0,0,0,0,0,0,0,0,0,0,0,0,0,0,0,0,0,0,0,0,0,0,0,0,0,0,0,0,0,0,0,0,0,0,0,0,0,0,0,0,0,0,0,0,0,0,0,0,0,0,0,0,0,9,2022,9
breshadperriman_tb_2022_9,tb_2022_9,breshadperriman_tb_2022,tb_2022,breshadperriman,9459,wr,tb,1,1,0,30,0,0,0,0,0,0,0,0,0,0,0,0,0,0,0,0,0,0,0,0,0,0,0,0,0,0,0,0,0,0,0,0,0,0,0,0,0,0,0,0,0,0,0,0,0,0,0,0,0,0,0,0,0,0,0,0,0,0,0,9,2022,9
tylerkroft_sf_2022_9,sf_2022_9,tylerkroft_sf_2022,sf_2022,tylerkroft,9518,te,sf,1,1,0,28,0,0,0,0,0,0,0,0,0,0,0,0,0,0,0,0,0,0,0,0,0,0,0,0,0,0,0,0,0,0,0,0,0,0,0,0,0,0,0,0,0,0,0,0,0,0,0,0,0,0,0,0,0,0,0,0,0,0,0,9,2022,9
cjuzomah_nyj_2022_9,nyj_2022_9,cjuzomah_nyj_2022,nyj_2022,cjuzomah,9590,te,nyj,1,1,0,22,0,0,0,0,0,0,0,0,0,0,0,0,0,0,0,0,0,0,0,0,0,0,0,0,0,0,0,0,0,0,0,0,0,0,0,0,0,0,0,0,0,0,0,0,0,0,0,0,0,0,0,0,0,0,0,0,0,0,0,9,2022,9
raheemmostert_mia_2022_9,mia_2022_9,raheemmostert_mia_2022,mia_2022,raheemmostert,9783,hb,mia,1,1,0,17,0,0,0,0,0,0,0,0,0,0,0,0,0,0,0,0,0,0,0,0,0,0,0,0,0,0,0,0,0,0,0,0,0,0,0,0,0,0,0,0,0,0,0,0,0,0,0,0,0,0,0,0,0,0,0,0,0,0,0,9,2022,9
jakekumerow_buf_2022_9,buf_2022_9,jakekumerow_buf_2022,buf_2022,jakekumerow,9883,wr,buf,1,1,0,4,0,0,0,0,0,0,0,0,0,0,0,0,0,0,0,0,0,0,0,0,0,0,0,0,0,0,0,0,0,0,0,0,0,0,0,0,0,0,0,0,0,0,0,0,0,0,0,0,0,0,0,0,0,0,0,0,0,0,0,9,2022,9
chrismanhertz_jax_2022_9,jax_2022_9,chrismanhertz_jax_2022,jax_2022,chrismanhertz,10211,te,jax,1,1,0,15,0,0,0,0,0,0,0,0,0,0,0,0,0,0,0,0,0,0,0,0,0,0,0,0,0,0,0,0,0,0,0,0,0,0,0,0,0,0,0,0,0,0,0,0,0,0,0,0,0,0,0,0,0,0,0,0,0,0,0,9,2022,9
hunterhenry_ne_2022_9,ne_2022_9,hunterhenry_ne_2022,ne_2022,hunterhenry,10669,te,ne,1,1,0,19,0,0,0,0,0,0,0,0,0,0,0,0,0,0,0,0,0,0,0,0,0,0,0,0,0,0,0,0,0,0,0,0,0,0,0,0,0,0,0,0,0,0,0,0,0,0,0,0,0,0,0,0,0,0,0,0,0,0,0,9,2022,9
derrickhenry_ten_2022_9,ten_2022_9,derrickhenry_ten_2022,ten_2022,derrickhenry,10679,hb,ten,1,1,0,31,0,0,0,0,0,0,0,0,0,0,0,0,0,0,0,0,0,0,0,0,0,0,0,0,0,0,0,0,0,0,0,0,0,0,0,0,0,0,0,0,0,0,0,0,0,0,0,0,0,0,0,0,0,0,0,0,0,0,0,9,2022,9
austinhooper_ten_2022_9,ten_2022_9,austinhooper_ten_2022,ten_2022,austinhooper,10715,te,ten,1,1,0,31,0,0,0,0,0,0,0,0,0,0,0,0,0,0,0,0,0,0,0,0,0,0,0,0,0,0,0,0,0,0,0,0,0,0,0,0,0,0,0,0,0,0,0,0,0,0,0,0,0,0,0,0,0,0,0,0,0,0,0,9,2022,9
nickvannett_no_2022_9,no_2022_9,nickvannett_no_2022,no_2022,nickvannett,10728,te,no,1,1,0,20,0,0,0,0,0,0,0,0,0,0,0,0,0,0,0,0,0,0,0,0,0,0,0,0,0,0,0,0,0,0,0,0,0,0,0,0,0,0,0,0,0,0,0,0,0,0,0,0,0,0,0,0,0,0,0,0,0,0,0,9,2022,9
mikethomas_cin_2022_9,cin_2022_9,mikethomas_cin_2022,cin_2022,mikethomas,10840,wr,cin,1,1,0,7,0,0,0,0,0,0,0,0,0,0,0,0,0,0,0,0,0,0,0,0,0,0,0,0,0,0,0,0,0,0,0,0,0,0,0,0,0,0,0,0,0,0,0,0,0,0,0,0,0,0,0,0,0,0,0,0,0,0,0,9,2022,9
dontaforeman_car_2022_9,car_2022_9,dontaforeman_car_2022,car_2022,dontaforeman,11844,hb,car,1,1,0,5,0,0,0,0,0,0,0,0,0,0,0,0,0,0,0,0,0,0,0,0,0,0,0,0,0,0,0,0,0,0,0,0,0,0,0,0,0,0,0,0,0,0,0,0,0,0,0,0,0,0,0,0,0,0,0,0,0,0,0,9,2022,9
isaiahmckenzie_buf_2022_9,buf_2022_9,isaiahmckenzie_buf_2022,buf_2022,isaiahmckenzie,11927,wr,buf,1,1,0,4,0,0,0,0,0,0,0,0,0,0,0,0,0,0,0,0,0,0,0,0,0,0,0,0,0,0,0,0,0,0,0,0,0,0,0,0,0,0,0,0,0,0,0,0,0,0,0,0,0,0,0,0,0,0,0,0,0,0,0,9,2022,9
trenttaylor_cin_2022_9,cin_2022_9,trenttaylor_cin_2022,cin_2022,trenttaylor,11932,wr,cin,1,1,0,7,0,0,0,0,0,0,0,0,0,0,0,0,0,0,0,0,0,0,0,0,0,0,0,0,0,0,0,0,0,0,0,0,0,0,0,0,0,0,0,0,0,0,0,0,0,0,0,0,0,0,0,0,0,0,0,0,0,0,0,9,2022,9
codyhollister_ten_2022_9,ten_2022_9,codyhollister_ten_2022,ten_2022,codyhollister,12052,wr,ten,1,1,0,31,0,0,0,0,0,0,0,0,0,0,0,0,0,0,0,0,0,0,0,0,0,0,0,0,0,0,0,0,0,0,0,0,0,0,0,0,0,0,0,0,0,0,0,0,0,0,0,0,0,0,0,0,0,0,0,0,0,0,0,9,2022,9
moaliecox_ind_2022_9,ind_2022_9,moaliecox_ind_2022,ind_2022,moaliecox,12078,te,ind,1,1,0,14,0,0,0,0,0,0,0,0,0,0,0,0,0,0,0,0,0,0,0,0,0,0,0,0,0,0,0,0,0,0,0,0,0,0,0,0,0,0,0,0,0,0,0,0,0,0,0,0,0,0,0,0,0,0,0,0,0,0,0,9,2022,9
johnnymundt_min_2022_9,min_2022_9,johnnymundt_min_2022,min_2022,johnnymundt,12206,te,min,1,1,0,18,0,0,0,0,0,0,0,0,0,0,0,0,0,0,0,0,0,0,0,0,0,0,0,0,0,0,0,0,0,0,0,0,0,0,0,0,0,0,0,0,0,0,0,0,0,0,0,0,0,0,0,0,0,0,0,0,0,0,0,9,2022,9
kendrickbourne_ne_2022_9,ne_2022_9,kendrickbourne_ne_2022,ne_2022,kendrickbourne,12270,wr,ne,1,1,0,19,0,0,0,0,0,0,0,0,0,0,0,0,0,0,0,0,0,0,0,0,0,0,0,0,0,0,0,0,0,0,0,0,0,0,0,0,0,0,0,0,0,0,0,0,0,0,0,0,0,0,0,0,0,0,0,0,0,0,0,9,2022,9
dareogunbowale_hou_2022_9,hou_2022_9,dareogunbowale_hou_2022,hou_2022,dareogunbowale,12329,hb,hou,1,1,0,13,0,0,0,0,0,0,0,0,0,0,0,0,0,0,0,0,0,0,0,0,0,0,0,0,0,0,0,0,0,0,0,0,0,0,0,0,0,0,0,0,0,0,0,0,0,0,0,0,0,0,0,0,0,0,0,0,0,0,0,9,2022,9
rossdwelley_sf_2022_9,sf_2022_9,rossdwelley_sf_2022,sf_2022,rossdwelley,20994,te,sf,1,1,0,28,0,0,0,0,0,0,0,0,0,0,0,0,0,0,0,0,0,0,0,0,0,0,0,0,0,0,0,0,0,0,0,0,0,0,0,0,0,0,0,0,0,0,0,0,0,0,0,0,0,0,0,0,0,0,0,0,0,0,0,9,2022,9
tonypollard_dal_2022_9,dal_2022_9,tonypollard_dal_2022,dal_2022,tonypollard,27126,hb,dal,1,1,0,9,0,0,0,0,0,0,0,0,0,0,0,0,0,0,0,0,0,0,0,0,0,0,0,0,0,0,0,0,0,0,0,0,0,0,0,0,0,0,0,0,0,0,0,0,0,0,0,0,0,0,0,0,0,0,0,0,0,0,0,9,2022,9
chrisevans_cin_2022_9,cin_2022_9,chrisevans_cin_2022,cin_2022,chrisevans,27303,hb,cin,1,1,0,7,0,0,0,0,0,0,0,0,0,0,0,0,0,0,0,0,0,0,0,0,0,0,0,0,0,0,0,0,0,0,0,0,0,0,0,0,0,0,0,0,0,0,0,0,0,0,0,0,0,0,0,0,0,0,0,0,0,0,0,9,2022,9
bennettskowronek_lar_2022_9,lar_2022_9,bennettskowronek_lar_2022,lar_2022,bennettskowronek,27948,wr,lar,1,1,0,26,0,0,0,0,0,0,0,0,0,0,0,0,0,0,0,0,0,0,0,0,0,0,0,0,0,0,0,0,0,0,0,0,0,0,0,0,0,0,0,0,0,0,0,0,0,0,0,0,0,0,0,0,0,0,0,0,0,0,0,9,2022,9
bryanedwards_atl_2022_9,atl_2022_9,bryanedwards_atl_2022,atl_2022,bryanedwards,28486,wr,atl,1,1,0,2,0,0,0,0,0,0,0,0,0,0,0,0,0,0,0,0,0,0,0,0,0,0,0,0,0,0,0,0,0,0,0,0,0,0,0,0,0,0,0,0,0,0,0,0,0,0,0,0,0,0,0,0,0,0,0,0,0,0,0,9,2022,9
mauricealexander_det_2022_9,det_2022_9,mauricealexander_det_2022,det_2022,mauricealexander,33465,wr,det,1,1,0,11,0,0,0,0,0,0,0,0,0,0,0,0,0,0,0,0,0,0,0,0,0,0,0,0,0,0,0,0,0,0,0,0,0,0,0,0,0,0,0,0,0,0,0,0,0,0,0,0,0,0,0,0,0,0,0,0,0,0,0,9,2022,9
lawrencecager_nyg_2022_9,nyg_2022_9,lawrencecager_nyg_2022,nyg_2022,lawrencecager,34914,te,nyg,1,1,0,21,0,0,0,0,0,0,0,0,0,0,0,0,0,0,0,0,0,0,0,0,0,0,0,0,0,0,0,0,0,0,0,0,0,0,0,0,0,0,0,0,0,0,0,0,0,0,0,0,0,0,0,0,0,0,0,0,0,0,0,9,2022,9
alecingold_mia_2022_9,mia_2022_9,alecingold_mia_2022,mia_2022,alecingold,34934,fb,mia,1,1,0,17,0,0,0,0,0,0,0,0,0,0,0,0,0,0,0,0,0,0,0,0,0,0,0,0,0,0,0,0,0,0,0,0,0,0,0,0,0,0,0,0,0,0,0,0,0,0,0,0,0,0,0,0,0,0,0,0,0,0,0,9,2022,9
zachgentry_pit_2022_9,pit_2022_9,zachgentry_pit_2022,pit_2022,zachgentry,36049,te,pit,1,1,0,25,0,0,0,0,0,0,0,0,0,0,0,0,0,0,0,0,0,0,0,0,0,0,0,0,0,0,0,0,0,0,0,0,0,0,0,0,0,0,0,0,0,0,0,0,0,0,0,0,0,0,0,0,0,0,0,0,0,0,0,9,2022,9
stephensullivan_car_2022_9,car_2022_9,stephensullivan_car_2022,car_2022,stephensullivan,40411,te,car,1,1,0,5,0,0,0,0,0,0,0,0,0,0,0,0,0,0,0,0,0,0,0,0,0,0,0,0,0,0,0,0,0,0,0,0,0,0,0,0,0,0,0,0,0,0,0,0,0,0,0,0,0,0,0,0,0,0,0,0,0,0,0,9,2022,9
devinsingletary_buf_2022_9,buf_2022_9,devinsingletary_buf_2022,buf_2022,devinsingletary,40485,hb,buf,1,1,0,4,0,0,0,0,0,0,0,0,0,0,0,0,0,0,0,0,0,0,0,0,0,0,0,0,0,0,0,0,0,0,0,0,0,0,0,0,0,0,0,0,0,0,0,0,0,0,0,0,0,0,0,0,0,0,0,0,0,0,0,9,2022,9
kokieft_tb_2022_9,tb_2022_9,kokieft_tb_2022,tb_2022,kokieft,41372,te,tb,1,1,0,30,0,0,0,0,0,0,0,0,0,0,0,0,0,0,0,0,0,0,0,0,0,0,0,0,0,0,0,0,0,0,0,0,0,0,0,0,0,0,0,0,0,0,0,0,0,0,0,0,0,0,0,0,0,0,0,0,0,0,0,9,2022,9
jackstoll_phi_2022_9,phi_2022_9,jackstoll_phi_2022,phi_2022,jackstoll,42058,te,phi,1,1,0,24,0,0,0,0,0,0,0,0,0,0,0,0,0,0,0,0,0,0,0,0,0,0,0,0,0,0,0,0,0,0,0,0,0,0,0,0,0,0,0,0,0,0,0,0,0,0,0,0,0,0,0,0,0,0,0,0,0,0,0,9,2022,9
ianthomas_car_2022_9,car_2022_9,ianthomas_car_2022,car_2022,ianthomas,42130,te,car,1,1,0,5,0,0,0,0,0,0,0,0,0,0,0,0,0,0,0,0,0,0,0,0,0,0,0,0,0,0,0,0,0,0,0,0,0,0,0,0,0,0,0,0,0,0,0,0,0,0,0,0,0,0,0,0,0,0,0,0,0,0,0,9,2022,9
johnbates_was_2022_9,was_2022_9,johnbates_was_2022,was_2022,johnbates,42275,te,was,1,1,0,32,0,0,0,0,0,0,0,0,0,0,0,0,0,0,0,0,0,0,0,0,0,0,0,0,0,0,0,0,0,0,0,0,0,0,0,0,0,0,0,0,0,0,0,0,0,0,0,0,0,0,0,0,0,0,0,0,0,0,0,9,2022,9
marquezcallaway_no_2022_9,no_2022_9,marquezcallaway_no_2022,no_2022,marquezcallaway,42295,wr,no,1,1,0,20,0,0,0,0,0,0,0,0,0,0,0,0,0,0,0,0,0,0,0,0,0,0,0,0,0,0,0,0,0,0,0,0,0,0,0,0,0,0,0,0,0,0,0,0,0,0,0,0,0,0,0,0,0,0,0,0,0,0,0,9,2022,9
olamidezaccheaus_atl_2022_9,atl_2022_9,olamidezaccheaus_atl_2022,atl_2022,olamidezaccheaus,44920,wr,atl,1,1,0,2,0,0,0,0,0,0,0,0,0,0,0,0,0,0,0,0,0,0,0,0,0,0,0,0,0,0,0,0,0,0,0,0,0,0,0,0,0,0,0,0,0,0,0,0,0,0,0,0,0,0,0,0,0,0,0,0,0,0,0,9,2022,9
nickchubb_cle_2022_9,cle_2022_9,nickchubb_cle_2022,cle_2022,nickchubb,45783,hb,cle,1,1,0,8,0,0,0,0,0,0,0,0,0,0,0,0,0,0,0,0,0,0,0,0,0,0,0,0,0,0,0,0,0,0,0,0,0,0,0,0,0,0,0,0,0,0,0,0,0,0,0,0,0,0,0,0,0,0,0,0,0,0,0,9,2022,9
travishomer_sea_2022_9,sea_2022_9,travishomer_sea_2022,sea_2022,travishomer,45859,hb,sea,1,1,0,29,0,0,0,0,0,0,0,0,0,0,0,0,0,0,0,0,0,0,0,0,0,0,0,0,0,0,0,0,0,0,0,0,0,0,0,0,0,0,0,0,0,0,0,0,0,0,0,0,0,0,0,0,0,0,0,0,0,0,0,9,2022,9
josiahdeguara_gb_2022_9,gb_2022_9,josiahdeguara_gb_2022,gb_2022,josiahdeguara,47034,te,gb,1,1,0,12,0,0,0,0,0,0,0,0,0,0,0,0,0,0,0,0,0,0,0,0,0,0,0,0,0,0,0,0,0,0,0,0,0,0,0,0,0,0,0,0,0,0,0,0,0,0,0,0,0,0,0,0,0,0,0,0,0,0,0,9,2022,9
jordanakins_hou_2022_9,hou_2022_9,jordanakins_hou_2022,hou_2022,jordanakins,47050,te,hou,1,1,0,13,0,0,0,0,0,0,0,0,0,0,0,0,0,0,0,0,0,0,0,0,0,0,0,0,0,0,0,0,0,0,0,0,0,0,0,0,0,0,0,0,0,0,0,0,0,0,0,0,0,0,0,0,0,0,0,0,0,0,0,9,2022,9
josholiver_bal_2022_9,bal_2022_9,josholiver_bal_2022,bal_2022,josholiver,47083,te,bal,1,1,0,3,0,0,0,0,0,0,0,0,0,0,0,0,0,0,0,0,0,0,0,0,0,0,0,0,0,0,0,0,0,0,0,0,0,0,0,0,0,0,0,0,0,0,0,0,0,0,0,0,0,0,0,0,0,0,0,0,0,0,0,9,2022,9
mitchellwilcox_cin_2022_9,cin_2022_9,mitchellwilcox_cin_2022,cin_2022,mitchellwilcox,47234,te,cin,1,1,0,7,0,0,0,0,0,0,0,0,0,0,0,0,0,0,0,0,0,0,0,0,0,0,0,0,0,0,0,0,0,0,0,0,0,0,0,0,0,0,0,0,0,0,0,0,0,0,0,0,0,0,0,0,0,0,0,0,0,0,0,9,2022,9
chrismyarick_nyg_2022_9,nyg_2022_9,chrismyarick_nyg_2022,nyg_2022,chrismyarick,47358,te,nyg,1,1,0,21,0,0,0,0,0,0,0,0,0,0,0,0,0,0,0,0,0,0,0,0,0,0,0,0,0,0,0,0,0,0,0,0,0,0,0,0,0,0,0,0,0,0,0,0,0,0,0,0,0,0,0,0,0,0,0,0,0,0,0,9,2022,9
ajgreen_ari_2022_9,ari_2022_9,ajgreen_ari_2022,ari_2022,ajgreen,6156,wr,ari,1,1,0,1,0,0,0,0,0,0,0,0,0,0,0,0,0,0,0,0,0,0,0,0,0,0,0,0,0,0,0,0,0,0,0,0,0,0,0,0,0,0,0,0,0,0,0,0,0,0,0,0,0,0,0,0,0,0,0,0,0,0,0,9,2022,9
trequansmith_no_2022_9,no_2022_9,trequansmith_no_2022,no_2022,trequansmith,48228,wr,no,1,1,0,20,0,0,0,0,0,0,0,0,0,0,0,0,0,0,0,0,0,0,0,0,0,0,0,0,0,0,0,0,0,0,0,0,0,0,0,0,0,0,0,0,0,0,0,0,0,0,0,0,0,0,0,0,0,0,0,0,0,0,0,9,2022,9
parkerhesse_atl_2022_9,atl_2022_9,parkerhesse_atl_2022,atl_2022,parkerhesse,48369,te,atl,1,1,0,2,0,0,0,0,0,0,0,0,0,0,0,0,0,0,0,0,0,0,0,0,0,0,0,0,0,0,0,0,0,0,0,0,0,0,0,0,0,0,0,0,0,0,0,0,0,0,0,0,0,0,0,0,0,0,0,0,0,0,0,9,2022,9
danarnold_jax_2022_9,jax_2022_9,danarnold_jax_2022,jax_2022,danarnold,51842,te,jax,1,1,0,15,0,0,0,0,0,0,0,0,0,0,0,0,0,0,0,0,0,0,0,0,0,0,0,0,0,0,0,0,0,0,0,0,0,0,0,0,0,0,0,0,0,0,0,0,0,0,0,0,0,0,0,0,0,0,0,0,0,0,0,9,2022,9
colbyparkinson_sea_2022_9,sea_2022_9,colbyparkinson_sea_2022,sea_2022,colbyparkinson,52266,te,sea,1,1,0,29,0,0,0,0,0,0,0,0,0,0,0,0,0,0,0,0,0,0,0,0,0,0,0,0,0,0,0,0,0,0,0,0,0,0,0,0,0,0,0,0,0,0,0,0,0,0,0,0,0,0,0,0,0,0,0,0,0,0,0,9,2022,9
ajdillon_gb_2022_9,gb_2022_9,ajdillon_gb_2022,gb_2022,ajdillon,57165,hb,gb,1,1,0,12,0,0,0,0,0,0,0,0,0,0,0,0,0,0,0,0,0,0,0,0,0,0,0,0,0,0,0,0,0,0,0,0,0,0,0,0,0,0,0,0,0,0,0,0,0,0,0,0,0,0,0,0,0,0,0,0,0,0,0,9,2022,9
spencerbrown_car_2022_9,car_2022_9,spencerbrown_car_2022,car_2022,spencerbrown,57441,hb,car,1,1,0,5,0,0,0,0,0,0,0,0,0,0,0,0,0,0,0,0,0,0,0,0,0,0,0,0,0,0,0,0,0,0,0,0,0,0,0,0,0,0,0,0,0,0,0,0,0,0,0,0,0,0,0,0,0,0,0,0,0,0,0,9,2022,9
jonathantaylor_ind_2022_9,ind_2022_9,jonathantaylor_ind_2022,ind_2022,jonathantaylor,57488,hb,ind,1,1,0,14,0,0,0,0,0,0,0,0,0,0,0,0,0,0,0,0,0,0,0,0,0,0,0,0,0,0,0,0,0,0,0,0,0,0,0,0,0,0,0,0,0,0,0,0,0,0,0,0,0,0,0,0,0,0,0,0,0,0,0,9,2022,9
brockwright_det_2022_9,det_2022_9,brockwright_det_2022,det_2022,brockwright,60994,te,det,1,1,0,11,0,0,0,0,0,0,0,0,0,0,0,0,0,0,0,0,0,0,0,0,0,0,0,0,0,0,0,0,0,0,0,0,0,0,0,0,0,0,0,0,0,0,0,0,0,0,0,0,0,0,0,0,0,0,0,0,0,0,0,9,2022,9
jakeferguson_dal_2022_9,dal_2022_9,jakeferguson_dal_2022,dal_2022,jakeferguson,61081,te,dal,1,1,0,9,0,0,0,0,0,0,0,0,0,0,0,0,0,0,0,0,0,0,0,0,0,0,0,0,0,0,0,0,0,0,0,0,0,0,0,0,0,0,0,0,0,0,0,0,0,0,0,0,0,0,0,0,0,0,0,0,0,0,0,9,2022,9
shismith_car_2022_9,car_2022_9,shismith_car_2022,car_2022,shismith,61643,wr,car,1,1,0,5,0,0,0,0,0,0,0,0,0,0,0,0,0,0,0,0,0,0,0,0,0,0,0,0,0,0,0,0,0,0,0,0,0,0,0,0,0,0,0,0,0,0,0,0,0,0,0,0,0,0,0,0,0,0,0,0,0,0,0,9,2022,9
quezwatkins_phi_2022_9,phi_2022_9,quezwatkins_phi_2022,phi_2022,quezwatkins,61664,wr,phi,1,1,0,24,0,0,0,0,0,0,0,0,0,0,0,0,0,0,0,0,0,0,0,0,0,0,0,0,0,0,0,0,0,0,0,0,0,0,0,0,0,0,0,0,0,0,0,0,0,0,0,0,0,0,0,0,0,0,0,0,0,0,0,9,2022,9
montrellwashington_den_2022_9,den_2022_9,montrellwashington_den_2022,den_2022,montrellwashington,64310,wr,den,1,1,0,10,0,0,0,0,0,0,0,0,0,0,0,0,0,0,0,0,0,0,0,0,0,0,0,0,0,0,0,0,0,0,0,0,0,0,0,0,0,0,0,0,0,0,0,0,0,0,0,0,0,0,0,0,0,0,0,0,0,0,0,9,2022,9
christianwatson_gb_2022_9,gb_2022_9,christianwatson_gb_2022,gb_2022,christianwatson,66581,wr,gb,1,1,0,12,0,0,0,0,0,0,0,0,0,0,0,0,0,0,0,0,0,0,0,0,0,0,0,0,0,0,0,0,0,0,0,0,0,0,0,0,0,0,0,0,0,0,0,0,0,0,0,0,0,0,0,0,0,0,0,0,0,0,0,9,2022,9
kennethgainwell_phi_2022_9,phi_2022_9,kennethgainwell_phi_2022,phi_2022,kennethgainwell,77737,hb,phi,1,1,0,24,0,0,0,0,0,0,0,0,0,0,0,0,0,0,0,0,0,0,0,0,0,0,0,0,0,0,0,0,0,0,0,0,0,0,0,0,0,0,0,0,0,0,0,0,0,0,0,0,0,0,0,0,0,0,0,0,0,0,0,9,2022,9
jamesmitchell_det_2022_9,det_2022_9,jamesmitchell_det_2022,det_2022,jamesmitchell,77885,te,det,1,1,0,11,0,0,0,0,0,0,0,0,0,0,0,0,0,0,0,0,0,0,0,0,0,0,0,0,0,0,0,0,0,0,0,0,0,0,0,0,0,0,0,0,0,0,0,0,0,0,0,0,0,0,0,0,0,0,0,0,0,0,0,9,2022,9
jamescook_buf_2022_9,buf_2022_9,jamescook_buf_2022,buf_2022,jamescook,83666,hb,buf,1,1,0,4,0,0,0,0,0,0,0,0,0,0,0,0,0,0,0,0,0,0,0,0,0,0,0,0,0,0,0,0,0,0,0,0,0,0,0,0,0,0,0,0,0,0,0,0,0,0,0,0,0,0,0,0,0,0,0,0,0,0,0,9,2022,9
khalilshakir_buf_2022_9,buf_2022_9,khalilshakir_buf_2022,buf_2022,khalilshakir,84140,wr,buf,1,1,0,4,0,0,0,0,0,0,0,0,0,0,0,0,0,0,0,0,0,0,0,0,0,0,0,0,0,0,0,0,0,0,0,0,0,0,0,0,0,0,0,0,0,0,0,0,0,0,0,0,0,0,0,0,0,0,0,0,0,0,0,9,2022,9
daxmilne_was_2022_9,was_2022_9,daxmilne_was_2022,was_2022,daxmilne,84147,wr,was,1,1,0,32,0,0,0,0,0,0,0,0,0,0,0,0,0,0,0,0,0,0,0,0,0,0,0,0,0,0,0,0,0,0,0,0,0,0,0,0,0,0,0,0,0,0,0,0,0,0,0,0,0,0,0,0,0,0,0,0,0,0,0,9,2022,9
jesperhorsted_lv_2022_9,lv_2022_9,jesperhorsted_lv_2022,lv_2022,jesperhorsted,91465,te,lv,1,1,0,23,0,0,0,0,0,0,0,0,0,0,0,0,0,0,0,0,0,0,0,0,0,0,0,0,0,0,0,0,0,0,0,0,0,0,0,0,0,0,0,0,0,0,0,0,0,0,0,0,0,0,0,0,0,0,0,0,0,0,0,9,2022,9
craigreynolds_det_2022_9,det_2022_9,craigreynolds_det_2022,det_2022,craigreynolds,94383,hb,det,1,1,0,11,0,0,0,0,0,0,0,0,0,0,0,0,0,0,0,0,0,0,0,0,0,0,0,0,0,0,0,0,0,0,0,0,0,0,0,0,0,0,0,0,0,0,0,0,0,0,0,0,0,0,0,0,0,0,0,0,0,0,0,9,2022,9
